MMSI,BaseDateTime,LAT,LON,SOG,COG,Heading,VesselName,IMO,CallSign,VesselType,Status,Length,Width,Draft,Cargo,TransceiverClass
538008123,2026-09-07 17:30:00,19.533602,71.501664,6.2,142.0,142.0,MT PACIFIC GLORY,IMO9412345,V7PG2,80,0,245,42,14.5,80,A
538008123,2026-09-07 17:35:00,19.526807,71.507259,6.2,142.0,142.0,MT PACIFIC GLORY,IMO9412345,V7PG2,80,0,245,42,14.5,80,A
538008123,2026-09-07 17:40:00,19.520043,71.512774,6.2,142.0,142.0,MT PACIFIC GLORY,IMO9412345,V7PG2,80,0,245,42,14.5,80,A
538008123,2026-09-07 17:45:00,19.513274,71.518503,6.2,142.0,142.0,MT PACIFIC GLORY,IMO9412345,V7PG2,80,0,245,42,14.5,80,A
538008123,2026-09-07 17:50:00,19.506339,71.523928,6.2,142.0,142.0,MT PACIFIC GLORY,IMO9412345,V7PG2,80,0,245,42,14.5,80,A
538008123,2026-09-07 17:55:00,19.49956,71.529641,6.2,142.0,142.0,MT PACIFIC GLORY,IMO9412345,V7PG2,80,0,245,42,14.5,80,A
538008123,2026-09-07 18:00:00,19.492843,71.535319,6.2,142.0,142.0,MT PACIFIC GLORY,IMO9412345,V7PG2,80,0,245,42,14.5,80,A
538008123,2026-09-07 18:05:00,19.486024,71.540926,6.2,142.0,142.0,MT PACIFIC GLORY,IMO9412345,V7PG2,80,0,245,42,14.5,80,A
538008123,2026-09-07 18:10:00,19.479218,71.546531,6.2,142.0,142.0,MT PACIFIC GLORY,IMO9412345,V7PG2,80,0,245,42,14.5,80,A
538008123,2026-09-07 18:15:00,19.472588,71.55198,6.2,142.0,142.0,MT PACIFIC GLORY,IMO9412345,V7PG2,80,0,245,42,14.5,80,A
538008123,2026-09-07 18:20:00,19.465633,71.557718,6.2,142.0,142.0,MT PACIFIC GLORY,IMO9412345,V7PG2,80,0,245,42,14.5,80,A
538008123,2026-09-07 18:25:00,19.458842,71.563388,6.2,142.0,142.0,MT PACIFIC GLORY,IMO9412345,V7PG2,80,0,245,42,14.5,80,A
538008123,2026-09-07 18:30:00,19.452147,71.568822,6.2,142.0,142.0,MT PACIFIC GLORY,IMO9412345,V7PG2,80,0,245,42,14.5,80,A
538008123,2026-09-07 18:35:00,19.445294,71.574456,6.2,142.0,142.0,MT PACIFIC GLORY,IMO9412345,V7PG2,80,0,245,42,14.5,80,A
538008123,2026-09-07 18:40:00,19.438496,71.580191,6.2,142.0,142.0,MT PACIFIC GLORY,IMO9412345,V7PG2,80,0,245,42,14.5,80,A
538008123,2026-09-07 18:45:00,19.431765,71.585768,6.2,142.0,142.0,MT PACIFIC GLORY,IMO9412345,V7PG2,80,0,245,42,14.5,80,A
538008123,2026-09-07 18:50:00,19.425067,71.591351,6.2,142.0,142.0,MT PACIFIC GLORY,IMO9412345,V7PG2,80,0,245,42,14.5,80,A
538008123,2026-09-07 18:55:00,19.418262,71.59703,6.2,142.0,142.0,MT PACIFIC GLORY,IMO9412345,V7PG2,80,0,245,42,14.5,80,A
538008123,2026-09-07 19:00:00,19.411545,71.602608,6.2,142.0,142.0,MT PACIFIC GLORY,IMO9412345,V7PG2,80,0,245,42,14.5,80,A
538008123,2026-09-07 19:05:00,19.404591,71.608116,6.2,142.0,142.0,MT PACIFIC GLORY,IMO9412345,V7PG2,80,0,245,42,14.5,80,A
538008123,2026-09-07 19:10:00,19.397788,71.613855,6.2,142.0,142.0,MT PACIFIC GLORY,IMO9412345,V7PG2,80,0,245,42,14.5,80,A
538008123,2026-09-07 19:15:00,19.391171,71.61939,6.2,142.0,142.0,MT PACIFIC GLORY,IMO9412345,V7PG2,80,0,245,42,14.5,80,A
538008123,2026-09-07 19:20:00,19.384334,71.625026,6.2,142.0,142.0,MT PACIFIC GLORY,IMO9412345,V7PG2,80,0,245,42,14.5,80,A
538008123,2026-09-07 19:25:00,19.377611,71.6307,6.2,142.0,142.0,MT PACIFIC GLORY,IMO9412345,V7PG2,80,0,245,42,14.5,80,A
538008123,2026-09-07 19:30:00,19.370719,71.636271,6.2,142.0,142.0,MT PACIFIC GLORY,IMO9412345,V7PG2,80,0,245,42,14.5,80,A
538008123,2026-09-07 19:35:00,19.363976,71.641888,6.2,142.0,142.0,MT PACIFIC GLORY,IMO9412345,V7PG2,80,0,245,42,14.5,80,A
538008123,2026-09-07 19:40:00,19.357247,71.647449,6.2,142.0,142.0,MT PACIFIC GLORY,IMO9412345,V7PG2,80,0,245,42,14.5,80,A
538008123,2026-09-07 19:45:00,19.350455,71.653101,6.2,142.0,142.0,MT PACIFIC GLORY,IMO9412345,V7PG2,80,0,245,42,14.5,80,A
538008123,2026-09-07 19:50:00,19.343572,71.65861,6.2,142.0,142.0,MT PACIFIC GLORY,IMO9412345,V7PG2,80,0,245,42,14.5,80,A
538008123,2026-09-07 19:55:00,19.336737,71.664184,6.2,142.0,142.0,MT PACIFIC GLORY,IMO9412345,V7PG2,80,0,245,42,14.5,80,A
538008123,2026-09-07 20:00:00,19.330005,71.669953,6.2,142.0,142.0,MT PACIFIC GLORY,IMO9412345,V7PG2,80,0,245,42,14.5,80,A
538008123,2026-09-07 20:05:00,19.323336,71.675557,6.2,142.0,142.0,MT PACIFIC GLORY,IMO9412345,V7PG2,80,0,245,42,14.5,80,A
538008123,2026-09-07 20:10:00,19.316456,71.681083,6.2,142.0,142.0,MT PACIFIC GLORY,IMO9412345,V7PG2,80,0,245,42,14.5,80,A
538008123,2026-09-07 20:15:00,19.3097,71.686775,6.2,142.0,142.0,MT PACIFIC GLORY,IMO9412345,V7PG2,80,0,245,42,14.5,80,A
538008123,2026-09-07 20:20:00,19.302942,71.692328,6.2,142.0,142.0,MT PACIFIC GLORY,IMO9412345,V7PG2,80,0,245,42,14.5,80,A
538008123,2026-09-07 20:25:00,19.296127,71.697928,6.2,142.0,142.0,MT PACIFIC GLORY,IMO9412345,V7PG2,80,0,245,42,14.5,80,A
538008123,2026-09-07 20:30:00,19.289373,71.703636,6.2,142.0,142.0,MT PACIFIC GLORY,IMO9412345,V7PG2,80,0,245,42,14.5,80,A
538008123,2026-09-07 20:35:00,19.282572,71.709163,6.2,142.0,142.0,MT PACIFIC GLORY,IMO9412345,V7PG2,80,0,245,42,14.5,80,A
538008123,2026-09-07 20:40:00,19.275768,71.714754,6.2,142.0,142.0,MT PACIFIC GLORY,IMO9412345,V7PG2,80,0,245,42,14.5,80,A
538008123,2026-09-07 20:45:00,19.268957,71.720312,6.2,142.0,142.0,MT PACIFIC GLORY,IMO9412345,V7PG2,80,0,245,42,14.5,80,A
538008123,2026-09-07 20:50:00,19.262214,71.726025,6.2,142.0,142.0,MT PACIFIC GLORY,IMO9412345,V7PG2,80,0,245,42,14.5,80,A
538008123,2026-09-07 20:55:00,19.255329,71.731536,6.2,142.0,142.0,MT PACIFIC GLORY,IMO9412345,V7PG2,80,0,245,42,14.5,80,A
538008123,2026-09-07 21:00:00,19.248634,71.737257,6.2,142.0,142.0,MT PACIFIC GLORY,IMO9412345,V7PG2,80,0,245,42,14.5,80,A
538008123,2026-09-07 21:05:00,19.241877,71.742907,6.2,142.0,142.0,MT PACIFIC GLORY,IMO9412345,V7PG2,80,0,245,42,14.5,80,A
538008123,2026-09-07 21:10:00,19.235088,71.748402,6.2,142.0,142.0,MT PACIFIC GLORY,IMO9412345,V7PG2,80,0,245,42,14.5,80,A
538008123,2026-09-07 21:15:00,19.228252,71.754006,6.2,142.0,142.0,MT PACIFIC GLORY,IMO9412345,V7PG2,80,0,245,42,14.5,80,A
538008123,2026-09-07 21:20:00,19.221576,71.75962,6.2,142.0,142.0,MT PACIFIC GLORY,IMO9412345,V7PG2,80,0,245,42,14.5,80,A
538008123,2026-09-07 21:25:00,19.214746,71.765319,6.2,142.0,142.0,MT PACIFIC GLORY,IMO9412345,V7PG2,80,0,245,42,14.5,80,A
538008123,2026-09-07 21:30:00,19.207965,71.770958,6.2,142.0,142.0,MT PACIFIC GLORY,IMO9412345,V7PG2,80,0,245,42,14.5,80,A
538008123,2026-09-07 21:35:00,19.201058,71.776566,6.2,142.0,142.0,MT PACIFIC GLORY,IMO9412345,V7PG2,80,0,245,42,14.5,80,A
538008123,2026-09-07 21:40:00,19.194438,71.782143,6.2,142.0,142.0,MT PACIFIC GLORY,IMO9412345,V7PG2,80,0,245,42,14.5,80,A
538008123,2026-09-07 21:45:00,19.187508,71.787775,6.2,142.0,142.0,MT PACIFIC GLORY,IMO9412345,V7PG2,80,0,245,42,14.5,80,A
538008123,2026-09-07 21:50:00,19.180684,71.793369,6.2,142.0,142.0,MT PACIFIC GLORY,IMO9412345,V7PG2,80,0,245,42,14.5,80,A
538008123,2026-09-07 21:55:00,19.174026,71.799025,6.2,142.0,142.0,MT PACIFIC GLORY,IMO9412345,V7PG2,80,0,245,42,14.5,80,A
538008123,2026-09-07 22:00:00,19.167211,71.804608,6.2,142.0,142.0,MT PACIFIC GLORY,IMO9412345,V7PG2,80,0,245,42,14.5,80,A
538008123,2026-09-07 22:05:00,19.160472,71.810118,6.2,142.0,142.0,MT PACIFIC GLORY,IMO9412345,V7PG2,80,0,245,42,14.5,80,A
538008123,2026-09-07 22:10:00,19.153723,71.81572,6.2,142.0,142.0,MT PACIFIC GLORY,IMO9412345,V7PG2,80,0,245,42,14.5,80,A
538008123,2026-09-07 22:15:00,19.146919,71.821322,6.2,142.0,142.0,MT PACIFIC GLORY,IMO9412345,V7PG2,80,0,245,42,14.5,80,A
538008123,2026-09-07 22:20:00,19.140051,71.826916,6.2,142.0,142.0,MT PACIFIC GLORY,IMO9412345,V7PG2,80,0,245,42,14.5,80,A
538008123,2026-09-07 22:25:00,19.133304,71.832684,6.2,142.0,142.0,MT PACIFIC GLORY,IMO9412345,V7PG2,80,0,245,42,14.5,80,A
538008123,2026-09-07 22:30:00,19.126401,71.838232,6.2,142.0,142.0,MT PACIFIC GLORY,IMO9412345,V7PG2,80,0,245,42,14.5,80,A
538008123,2026-09-07 22:35:00,19.119709,71.843846,6.2,142.0,142.0,MT PACIFIC GLORY,IMO9412345,V7PG2,80,0,245,42,14.5,80,A
538008123,2026-09-07 22:40:00,19.112912,71.84948,6.2,142.0,142.0,MT PACIFIC GLORY,IMO9412345,V7PG2,80,0,245,42,14.5,80,A
538008123,2026-09-07 22:45:00,19.10624,71.855029,6.2,142.0,142.0,MT PACIFIC GLORY,IMO9412345,V7PG2,80,0,245,42,14.5,80,A
538008123,2026-09-07 22:50:00,19.099324,71.860646,6.2,142.0,142.0,MT PACIFIC GLORY,IMO9412345,V7PG2,80,0,245,42,14.5,80,A
538008123,2026-09-07 22:55:00,19.092572,71.866302,6.2,142.0,142.0,MT PACIFIC GLORY,IMO9412345,V7PG2,80,0,245,42,14.5,80,A
538008123,2026-09-07 23:00:00,19.08583,71.871919,6.2,142.0,142.0,MT PACIFIC GLORY,IMO9412345,V7PG2,80,0,245,42,14.5,80,A
538008123,2026-09-07 23:05:00,19.078962,71.877415,6.2,142.0,142.0,MT PACIFIC GLORY,IMO9412345,V7PG2,80,0,245,42,14.5,80,A
538008123,2026-09-07 23:10:00,19.072178,71.883035,6.2,142.0,142.0,MT PACIFIC GLORY,IMO9412345,V7PG2,80,0,245,42,14.5,80,A
538008123,2026-09-07 23:15:00,19.065418,71.888717,6.2,142.0,142.0,MT PACIFIC GLORY,IMO9412345,V7PG2,80,0,245,42,14.5,80,A
538008123,2026-09-07 23:20:00,19.05868,71.894227,6.2,142.0,142.0,MT PACIFIC GLORY,IMO9412345,V7PG2,80,0,245,42,14.5,80,A
538008123,2026-09-07 23:25:00,19.051948,71.899894,6.2,142.0,142.0,MT PACIFIC GLORY,IMO9412345,V7PG2,80,0,245,42,14.5,80,A
538008123,2026-09-07 23:30:00,19.045032,71.905558,6.2,142.0,142.0,MT PACIFIC GLORY,IMO9412345,V7PG2,80,0,245,42,14.5,80,A
538008123,2026-09-07 23:35:00,19.038239,71.911074,6.2,142.0,142.0,MT PACIFIC GLORY,IMO9412345,V7PG2,80,0,245,42,14.5,80,A
538008123,2026-09-07 23:40:00,19.031444,71.916774,6.2,142.0,142.0,MT PACIFIC GLORY,IMO9412345,V7PG2,80,0,245,42,14.5,80,A
538008123,2026-09-07 23:45:00,19.024669,71.922396,6.2,142.0,142.0,MT PACIFIC GLORY,IMO9412345,V7PG2,80,0,245,42,14.5,80,A
538008123,2026-09-07 23:50:00,19.017998,71.927962,6.2,142.0,142.0,MT PACIFIC GLORY,IMO9412345,V7PG2,80,0,245,42,14.5,80,A
538008123,2026-09-07 23:55:00,19.011095,71.933518,6.2,142.0,142.0,MT PACIFIC GLORY,IMO9412345,V7PG2,80,0,245,42,14.5,80,A
538008123,2026-09-08 00:00:00,19.004408,71.939221,6.2,142.0,142.0,MT PACIFIC GLORY,IMO9412345,V7PG2,80,0,245,42,14.5,80,A
538008123,2026-09-08 00:05:00,18.997553,71.944719,6.2,142.0,142.0,MT PACIFIC GLORY,IMO9412345,V7PG2,80,0,245,42,14.5,80,A
538008123,2026-09-08 00:10:00,18.990846,71.950336,6.2,142.0,142.0,MT PACIFIC GLORY,IMO9412345,V7PG2,80,0,245,42,14.5,80,A
538008123,2026-09-08 00:15:00,18.983999,71.955956,6.2,142.0,142.0,MT PACIFIC GLORY,IMO9412345,V7PG2,80,0,245,42,14.5,80,A
538008123,2026-09-08 00:20:00,18.97733,71.961532,6.2,142.0,142.0,MT PACIFIC GLORY,IMO9412345,V7PG2,80,0,245,42,14.5,80,A
538008123,2026-09-08 00:25:00,18.97048,71.967281,6.2,142.0,142.0,MT PACIFIC GLORY,IMO9412345,V7PG2,80,0,245,42,14.5,80,A
538008123,2026-09-08 00:30:00,18.963667,71.972876,6.2,142.0,142.0,MT PACIFIC GLORY,IMO9412345,V7PG2,80,0,245,42,14.5,80,A
538008123,2026-09-08 00:35:00,18.95693,71.978521,6.2,142.0,142.0,MT PACIFIC GLORY,IMO9412345,V7PG2,80,0,245,42,14.5,80,A
538008123,2026-09-08 00:40:00,18.950063,71.984133,6.2,142.0,142.0,MT PACIFIC GLORY,IMO9412345,V7PG2,80,0,245,42,14.5,80,A
538008123,2026-09-08 00:45:00,18.943356,71.989633,6.2,142.0,142.0,MT PACIFIC GLORY,IMO9412345,V7PG2,80,0,245,42,14.5,80,A
538008123,2026-09-08 00:50:00,18.936508,71.995194,6.2,142.0,142.0,MT PACIFIC GLORY,IMO9412345,V7PG2,80,0,245,42,14.5,80,A
538008123,2026-09-08 00:55:00,18.929736,72.000929,6.2,142.0,142.0,MT PACIFIC GLORY,IMO9412345,V7PG2,80,0,245,42,14.5,80,A
538008123,2026-09-08 01:00:00,18.923035,72.006488,6.2,142.0,142.0,MT PACIFIC GLORY,IMO9412345,V7PG2,80,0,245,42,14.5,80,A
538008123,2026-09-08 01:05:00,18.916124,72.012045,6.2,142.0,142.0,MT PACIFIC GLORY,IMO9412345,V7PG2,80,0,245,42,14.5,80,A
538008123,2026-09-08 01:10:00,18.909435,72.017735,6.2,142.0,142.0,MT PACIFIC GLORY,IMO9412345,V7PG2,80,0,245,42,14.5,80,A
538008123,2026-09-08 01:15:00,18.902532,72.023313,6.2,142.0,142.0,MT PACIFIC GLORY,IMO9412345,V7PG2,80,0,245,42,14.5,80,A
538008123,2026-09-08 01:20:00,18.895864,72.028944,6.2,142.0,142.0,MT PACIFIC GLORY,IMO9412345,V7PG2,80,0,245,42,14.5,80,A
538008123,2026-09-08 01:25:00,18.888964,72.034601,6.2,142.0,142.0,MT PACIFIC GLORY,IMO9412345,V7PG2,80,0,245,42,14.5,80,A
538008123,2026-09-08 01:30:00,18.882289,72.040088,6.2,142.0,142.0,MT PACIFIC GLORY,IMO9412345,V7PG2,80,0,245,42,14.5,80,A
538008123,2026-09-08 01:35:00,18.875491,72.045827,6.2,142.0,142.0,MT PACIFIC GLORY,IMO9412345,V7PG2,80,0,245,42,14.5,80,A
538008123,2026-09-08 01:40:00,18.868717,72.051429,6.2,142.0,142.0,MT PACIFIC GLORY,IMO9412345,V7PG2,80,0,245,42,14.5,80,A
538008123,2026-09-08 01:45:00,18.861907,72.057088,6.2,142.0,142.0,MT PACIFIC GLORY,IMO9412345,V7PG2,80,0,245,42,14.5,80,A
538008123,2026-09-08 01:50:00,18.855202,72.062597,6.2,142.0,142.0,MT PACIFIC GLORY,IMO9412345,V7PG2,80,0,245,42,14.5,80,A
538008123,2026-09-08 01:55:00,18.848295,72.068302,6.2,142.0,142.0,MT PACIFIC GLORY,IMO9412345,V7PG2,80,0,245,42,14.5,80,A
538008123,2026-09-08 02:00:00,18.841496,72.073753,6.2,142.0,142.0,MT PACIFIC GLORY,IMO9412345,V7PG2,80,0,245,42,14.5,80,A
538008123,2026-09-08 02:05:00,18.834818,72.079358,6.2,142.0,142.0,MT PACIFIC GLORY,IMO9412345,V7PG2,80,0,245,42,14.5,80,A
538008123,2026-09-08 02:10:00,18.827982,72.085014,6.2,142.0,142.0,MT PACIFIC GLORY,IMO9412345,V7PG2,80,0,245,42,14.5,80,A
538008123,2026-09-08 02:15:00,18.821237,72.09074,6.2,142.0,142.0,MT PACIFIC GLORY,IMO9412345,V7PG2,80,0,245,42,14.5,80,A
538008123,2026-09-08 02:20:00,18.814377,72.096286,6.2,142.0,142.0,MT PACIFIC GLORY,IMO9412345,V7PG2,80,0,245,42,14.5,80,A
538008123,2026-09-08 02:25:00,18.807616,72.101963,6.2,142.0,142.0,MT PACIFIC GLORY,IMO9412345,V7PG2,80,0,245,42,14.5,80,A
538008123,2026-09-08 02:30:00,18.800916,72.107578,6.2,142.0,142.0,MT PACIFIC GLORY,IMO9412345,V7PG2,80,0,245,42,14.5,80,A
538008123,2026-09-08 02:35:00,18.794054,72.113068,6.2,142.0,142.0,MT PACIFIC GLORY,IMO9412345,V7PG2,80,0,245,42,14.5,80,A
538008123,2026-09-08 02:40:00,18.787326,72.11871,6.2,142.0,142.0,MT PACIFIC GLORY,IMO9412345,V7PG2,80,0,245,42,14.5,80,A
538008123,2026-09-08 02:45:00,18.780485,72.124267,6.2,142.0,142.0,MT PACIFIC GLORY,IMO9412345,V7PG2,80,0,245,42,14.5,80,A
538008123,2026-09-08 02:50:00,18.773745,72.129967,6.2,142.0,142.0,MT PACIFIC GLORY,IMO9412345,V7PG2,80,0,245,42,14.5,80,A
538008123,2026-09-08 02:55:00,18.766853,72.135577,6.2,142.0,142.0,MT PACIFIC GLORY,IMO9412345,V7PG2,80,0,245,42,14.5,80,A
538008123,2026-09-08 03:00:00,18.76012,72.141193,6.2,142.0,142.0,MT PACIFIC GLORY,IMO9412345,V7PG2,80,0,245,42,14.5,80,A
538008123,2026-09-08 03:05:00,18.753271,72.14668,6.2,142.0,142.0,MT PACIFIC GLORY,IMO9412345,V7PG2,80,0,245,42,14.5,80,A
538008123,2026-09-08 03:10:00,18.746489,72.15234,6.2,142.0,142.0,MT PACIFIC GLORY,IMO9412345,V7PG2,80,0,245,42,14.5,80,A
538008123,2026-09-08 03:15:00,18.739721,72.15808,6.2,142.0,142.0,MT PACIFIC GLORY,IMO9412345,V7PG2,80,0,245,42,14.5,80,A
538008123,2026-09-08 03:20:00,18.73305,72.163658,6.2,142.0,142.0,MT PACIFIC GLORY,IMO9412345,V7PG2,80,0,245,42,14.5,80,A
538008123,2026-09-08 03:25:00,18.726223,72.169259,6.2,142.0,142.0,MT PACIFIC GLORY,IMO9412345,V7PG2,80,0,245,42,14.5,80,A
419000112,2026-09-07 17:30:00,22.931749,67.826784,13.5,115.0,115.0,MT ARABIAN BREEZE,IMO9511200,ATAB,80,0,274,48,16.0,80,A
419000112,2026-09-07 17:35:00,22.923904,67.845182,13.5,115.0,115.0,MT ARABIAN BREEZE,IMO9511200,ATAB,80,0,274,48,16.0,80,A
419000112,2026-09-07 17:40:00,22.915982,67.863617,13.5,115.0,115.0,MT ARABIAN BREEZE,IMO9511200,ATAB,80,0,274,48,16.0,80,A
419000112,2026-09-07 17:45:00,22.908119,67.88199,13.5,115.0,115.0,MT ARABIAN BREEZE,IMO9511200,ATAB,80,0,274,48,16.0,80,A
419000112,2026-09-07 17:50:00,22.9001,67.900276,13.5,115.0,115.0,MT ARABIAN BREEZE,IMO9511200,ATAB,80,0,274,48,16.0,80,A
419000112,2026-09-07 17:55:00,22.892185,67.918651,13.5,115.0,115.0,MT ARABIAN BREEZE,IMO9511200,ATAB,80,0,274,48,16.0,80,A
419000112,2026-09-07 18:00:00,22.884164,67.937168,13.5,115.0,115.0,MT ARABIAN BREEZE,IMO9511200,ATAB,80,0,274,48,16.0,80,A
419000112,2026-09-07 18:05:00,22.876306,67.955488,13.5,115.0,115.0,MT ARABIAN BREEZE,IMO9511200,ATAB,80,0,274,48,16.0,80,A
419000112,2026-09-07 18:10:00,22.868427,67.973937,13.5,115.0,115.0,MT ARABIAN BREEZE,IMO9511200,ATAB,80,0,274,48,16.0,80,A
419000112,2026-09-07 18:15:00,22.860395,67.99225,13.5,115.0,115.0,MT ARABIAN BREEZE,IMO9511200,ATAB,80,0,274,48,16.0,80,A
419000112,2026-09-07 18:20:00,22.852632,68.010562,13.5,115.0,115.0,MT ARABIAN BREEZE,IMO9511200,ATAB,80,0,274,48,16.0,80,A
419000112,2026-09-07 18:25:00,22.844693,68.028974,13.5,115.0,115.0,MT ARABIAN BREEZE,IMO9511200,ATAB,80,0,274,48,16.0,80,A
419000112,2026-09-07 18:30:00,22.83666,68.047468,13.5,115.0,115.0,MT ARABIAN BREEZE,IMO9511200,ATAB,80,0,274,48,16.0,80,A
419000112,2026-09-07 18:35:00,22.828715,68.065738,13.5,115.0,115.0,MT ARABIAN BREEZE,IMO9511200,ATAB,80,0,274,48,16.0,80,A
419000112,2026-09-07 18:40:00,22.820903,68.084129,13.5,115.0,115.0,MT ARABIAN BREEZE,IMO9511200,ATAB,80,0,274,48,16.0,80,A
419000112,2026-09-07 18:45:00,22.812851,68.102529,13.5,115.0,115.0,MT ARABIAN BREEZE,IMO9511200,ATAB,80,0,274,48,16.0,80,A
419000112,2026-09-07 18:50:00,22.80498,68.120967,13.5,115.0,115.0,MT ARABIAN BREEZE,IMO9511200,ATAB,80,0,274,48,16.0,80,A
419000112,2026-09-07 18:55:00,22.797044,68.139295,13.5,115.0,115.0,MT ARABIAN BREEZE,IMO9511200,ATAB,80,0,274,48,16.0,80,A
419000112,2026-09-07 19:00:00,22.789156,68.157644,13.5,115.0,115.0,MT ARABIAN BREEZE,IMO9511200,ATAB,80,0,274,48,16.0,80,A
419000112,2026-09-07 19:05:00,22.781322,68.176105,13.5,115.0,115.0,MT ARABIAN BREEZE,IMO9511200,ATAB,80,0,274,48,16.0,80,A
419000112,2026-09-07 19:10:00,22.773354,68.194415,13.5,115.0,115.0,MT ARABIAN BREEZE,IMO9511200,ATAB,80,0,274,48,16.0,80,A
419000112,2026-09-07 19:15:00,22.765468,68.212899,13.5,115.0,115.0,MT ARABIAN BREEZE,IMO9511200,ATAB,80,0,274,48,16.0,80,A
419000112,2026-09-07 19:20:00,22.757391,68.231245,13.5,115.0,115.0,MT ARABIAN BREEZE,IMO9511200,ATAB,80,0,274,48,16.0,80,A
419000112,2026-09-07 19:25:00,22.74956,68.249642,13.5,115.0,115.0,MT ARABIAN BREEZE,IMO9511200,ATAB,80,0,274,48,16.0,80,A
419000112,2026-09-07 19:30:00,22.741636,68.268097,13.5,115.0,115.0,MT ARABIAN BREEZE,IMO9511200,ATAB,80,0,274,48,16.0,80,A
419000112,2026-09-07 19:35:00,22.733786,68.286371,13.5,115.0,115.0,MT ARABIAN BREEZE,IMO9511200,ATAB,80,0,274,48,16.0,80,A
419000112,2026-09-07 19:40:00,22.725881,68.304759,13.5,115.0,115.0,MT ARABIAN BREEZE,IMO9511200,ATAB,80,0,274,48,16.0,80,A
419000112,2026-09-07 19:45:00,22.717803,68.323158,13.5,115.0,115.0,MT ARABIAN BREEZE,IMO9511200,ATAB,80,0,274,48,16.0,80,A
419000112,2026-09-07 19:50:00,22.709921,68.341547,13.5,115.0,115.0,MT ARABIAN BREEZE,IMO9511200,ATAB,80,0,274,48,16.0,80,A
419000112,2026-09-07 19:55:00,22.702001,68.359951,13.5,115.0,115.0,MT ARABIAN BREEZE,IMO9511200,ATAB,80,0,274,48,16.0,80,A
419000112,2026-09-07 20:00:00,22.694199,68.378234,13.5,115.0,115.0,MT ARABIAN BREEZE,IMO9511200,ATAB,80,0,274,48,16.0,80,A
419000112,2026-09-07 20:05:00,22.686251,68.396757,13.5,115.0,115.0,MT ARABIAN BREEZE,IMO9511200,ATAB,80,0,274,48,16.0,80,A
419000112,2026-09-07 20:10:00,22.678307,68.415141,13.5,115.0,115.0,MT ARABIAN BREEZE,IMO9511200,ATAB,80,0,274,48,16.0,80,A
419000112,2026-09-07 20:15:00,22.670248,68.43347,13.5,115.0,115.0,MT ARABIAN BREEZE,IMO9511200,ATAB,80,0,274,48,16.0,80,A
419000112,2026-09-07 20:20:00,22.662438,68.451836,13.5,115.0,115.0,MT ARABIAN BREEZE,IMO9511200,ATAB,80,0,274,48,16.0,80,A
419000112,2026-09-07 20:25:00,22.654395,68.47027,13.5,115.0,115.0,MT ARABIAN BREEZE,IMO9511200,ATAB,80,0,274,48,16.0,80,A
419000112,2026-09-07 20:30:00,22.646517,68.488642,13.5,115.0,115.0,MT ARABIAN BREEZE,IMO9511200,ATAB,80,0,274,48,16.0,80,A
419000112,2026-09-07 20:35:00,22.63861,68.50706,13.5,115.0,115.0,MT ARABIAN BREEZE,IMO9511200,ATAB,80,0,274,48,16.0,80,A
419000112,2026-09-07 20:40:00,22.630785,68.525317,13.5,115.0,115.0,MT ARABIAN BREEZE,IMO9511200,ATAB,80,0,274,48,16.0,80,A
419000112,2026-09-07 20:45:00,22.622873,68.543697,13.5,115.0,115.0,MT ARABIAN BREEZE,IMO9511200,ATAB,80,0,274,48,16.0,80,A
419000112,2026-09-07 20:50:00,22.614944,68.562225,13.5,115.0,115.0,MT ARABIAN BREEZE,IMO9511200,ATAB,80,0,274,48,16.0,80,A
419000112,2026-09-07 20:55:00,22.607025,68.580496,13.5,115.0,115.0,MT ARABIAN BREEZE,IMO9511200,ATAB,80,0,274,48,16.0,80,A
419000112,2026-09-07 21:00:00,22.599038,68.598969,13.5,115.0,115.0,MT ARABIAN BREEZE,IMO9511200,ATAB,80,0,274,48,16.0,80,A
419000112,2026-09-07 21:05:00,22.591208,68.617262,13.5,115.0,115.0,MT ARABIAN BREEZE,IMO9511200,ATAB,80,0,274,48,16.0,80,A
419000112,2026-09-07 21:10:00,22.583257,68.635761,13.5,115.0,115.0,MT ARABIAN BREEZE,IMO9511200,ATAB,80,0,274,48,16.0,80,A
419000112,2026-09-07 21:15:00,22.575239,68.654044,13.5,115.0,115.0,MT ARABIAN BREEZE,IMO9511200,ATAB,80,0,274,48,16.0,80,A
419000112,2026-09-07 21:20:00,22.567265,68.672429,13.5,115.0,115.0,MT ARABIAN BREEZE,IMO9511200,ATAB,80,0,274,48,16.0,80,A
419000112,2026-09-07 21:25:00,22.55935,68.690807,13.5,115.0,115.0,MT ARABIAN BREEZE,IMO9511200,ATAB,80,0,274,48,16.0,80,A
419000112,2026-09-07 21:30:00,22.551483,68.70925,13.5,115.0,115.0,MT ARABIAN BREEZE,IMO9511200,ATAB,80,0,274,48,16.0,80,A
419000112,2026-09-07 21:35:00,22.543509,68.72769,13.5,115.0,115.0,MT ARABIAN BREEZE,IMO9511200,ATAB,80,0,274,48,16.0,80,A
419000112,2026-09-07 21:40:00,22.535586,68.746006,13.5,115.0,115.0,MT ARABIAN BREEZE,IMO9511200,ATAB,80,0,274,48,16.0,80,A
419000112,2026-09-07 21:45:00,22.527757,68.764424,13.5,115.0,115.0,MT ARABIAN BREEZE,IMO9511200,ATAB,80,0,274,48,16.0,80,A
419000112,2026-09-07 21:50:00,22.519906,68.782751,13.5,115.0,115.0,MT ARABIAN BREEZE,IMO9511200,ATAB,80,0,274,48,16.0,80,A
419000112,2026-09-07 21:55:00,22.511931,68.801263,13.5,115.0,115.0,MT ARABIAN BREEZE,IMO9511200,ATAB,80,0,274,48,16.0,80,A
419000112,2026-09-07 22:00:00,22.503896,68.81947,13.5,115.0,115.0,MT ARABIAN BREEZE,IMO9511200,ATAB,80,0,274,48,16.0,80,A
419000112,2026-09-07 22:05:00,22.496101,68.837842,13.5,115.0,115.0,MT ARABIAN BREEZE,IMO9511200,ATAB,80,0,274,48,16.0,80,A
419000112,2026-09-07 22:10:00,22.48809,68.856274,13.5,115.0,115.0,MT ARABIAN BREEZE,IMO9511200,ATAB,80,0,274,48,16.0,80,A
419000112,2026-09-07 22:15:00,22.480206,68.874797,13.5,115.0,115.0,MT ARABIAN BREEZE,IMO9511200,ATAB,80,0,274,48,16.0,80,A
419000112,2026-09-07 22:20:00,22.472209,68.89299,13.5,115.0,115.0,MT ARABIAN BREEZE,IMO9511200,ATAB,80,0,274,48,16.0,80,A
419000112,2026-09-07 22:25:00,22.464439,68.911376,13.5,115.0,115.0,MT ARABIAN BREEZE,IMO9511200,ATAB,80,0,274,48,16.0,80,A
419000112,2026-09-07 22:30:00,22.456382,68.929889,13.5,115.0,115.0,MT ARABIAN BREEZE,IMO9511200,ATAB,80,0,274,48,16.0,80,A
419000112,2026-09-07 22:35:00,22.44846,68.948326,13.5,115.0,115.0,MT ARABIAN BREEZE,IMO9511200,ATAB,80,0,274,48,16.0,80,A
419000112,2026-09-07 22:40:00,22.440592,68.966545,13.5,115.0,115.0,MT ARABIAN BREEZE,IMO9511200,ATAB,80,0,274,48,16.0,80,A
419000112,2026-09-07 22:45:00,22.432682,68.98505,13.5,115.0,115.0,MT ARABIAN BREEZE,IMO9511200,ATAB,80,0,274,48,16.0,80,A
419000112,2026-09-07 22:50:00,22.424789,69.003347,13.5,115.0,115.0,MT ARABIAN BREEZE,IMO9511200,ATAB,80,0,274,48,16.0,80,A
419000112,2026-09-07 22:55:00,22.416864,69.02175,13.5,115.0,115.0,MT ARABIAN BREEZE,IMO9511200,ATAB,80,0,274,48,16.0,80,A
419000112,2026-09-07 23:00:00,22.408912,69.040086,13.5,115.0,115.0,MT ARABIAN BREEZE,IMO9511200,ATAB,80,0,274,48,16.0,80,A
419000112,2026-09-07 23:05:00,22.400931,69.0586,13.5,115.0,115.0,MT ARABIAN BREEZE,IMO9511200,ATAB,80,0,274,48,16.0,80,A
419000112,2026-09-07 23:10:00,22.393085,69.077013,13.5,115.0,115.0,MT ARABIAN BREEZE,IMO9511200,ATAB,80,0,274,48,16.0,80,A
419000112,2026-09-07 23:15:00,22.385076,69.095387,13.5,115.0,115.0,MT ARABIAN BREEZE,IMO9511200,ATAB,80,0,274,48,16.0,80,A
419000112,2026-09-07 23:20:00,22.377206,69.11371,13.5,115.0,115.0,MT ARABIAN BREEZE,IMO9511200,ATAB,80,0,274,48,16.0,80,A
419000112,2026-09-07 23:25:00,22.369372,69.132058,13.5,115.0,115.0,MT ARABIAN BREEZE,IMO9511200,ATAB,80,0,274,48,16.0,80,A
419000112,2026-09-07 23:30:00,22.361332,69.150418,13.5,115.0,115.0,MT ARABIAN BREEZE,IMO9511200,ATAB,80,0,274,48,16.0,80,A
419000112,2026-09-07 23:35:00,22.353461,69.16878,13.5,115.0,115.0,MT ARABIAN BREEZE,IMO9511200,ATAB,80,0,274,48,16.0,80,A
419000112,2026-09-07 23:40:00,22.345418,69.187286,13.5,115.0,115.0,MT ARABIAN BREEZE,IMO9511200,ATAB,80,0,274,48,16.0,80,A
419000112,2026-09-07 23:45:00,22.337681,69.205654,13.5,115.0,115.0,MT ARABIAN BREEZE,IMO9511200,ATAB,80,0,274,48,16.0,80,A
419000112,2026-09-07 23:50:00,22.329613,69.224016,13.5,115.0,115.0,MT ARABIAN BREEZE,IMO9511200,ATAB,80,0,274,48,16.0,80,A
419000112,2026-09-07 23:55:00,22.321697,69.242386,13.5,115.0,115.0,MT ARABIAN BREEZE,IMO9511200,ATAB,80,0,274,48,16.0,80,A
419000112,2026-09-08 00:00:00,22.313772,69.260709,13.5,115.0,115.0,MT ARABIAN BREEZE,IMO9511200,ATAB,80,0,274,48,16.0,80,A
419000112,2026-09-08 00:05:00,22.305834,69.279225,13.5,115.0,115.0,MT ARABIAN BREEZE,IMO9511200,ATAB,80,0,274,48,16.0,80,A
419000112,2026-09-08 00:10:00,22.297934,69.297521,13.5,115.0,115.0,MT ARABIAN BREEZE,IMO9511200,ATAB,80,0,274,48,16.0,80,A
419000112,2026-09-08 00:15:00,22.29015,69.315977,13.5,115.0,115.0,MT ARABIAN BREEZE,IMO9511200,ATAB,80,0,274,48,16.0,80,A
419000112,2026-09-08 00:20:00,22.282115,69.334258,13.5,115.0,115.0,MT ARABIAN BREEZE,IMO9511200,ATAB,80,0,274,48,16.0,80,A
419000112,2026-09-08 00:25:00,22.274111,69.352614,13.5,115.0,115.0,MT ARABIAN BREEZE,IMO9511200,ATAB,80,0,274,48,16.0,80,A
419000112,2026-09-08 00:30:00,22.266258,69.371041,13.5,115.0,115.0,MT ARABIAN BREEZE,IMO9511200,ATAB,80,0,274,48,16.0,80,A
419000112,2026-09-08 00:35:00,22.25837,69.389514,13.5,115.0,115.0,MT ARABIAN BREEZE,IMO9511200,ATAB,80,0,274,48,16.0,80,A
419000112,2026-09-08 00:40:00,22.250393,69.407779,13.5,115.0,115.0,MT ARABIAN BREEZE,IMO9511200,ATAB,80,0,274,48,16.0,80,A
419000112,2026-09-08 00:45:00,22.242545,69.426292,13.5,115.0,115.0,MT ARABIAN BREEZE,IMO9511200,ATAB,80,0,274,48,16.0,80,A
419000112,2026-09-08 00:50:00,22.234559,69.444597,13.5,115.0,115.0,MT ARABIAN BREEZE,IMO9511200,ATAB,80,0,274,48,16.0,80,A
419000112,2026-09-08 00:55:00,22.22658,69.463009,13.5,115.0,115.0,MT ARABIAN BREEZE,IMO9511200,ATAB,80,0,274,48,16.0,80,A
419000112,2026-09-08 01:00:00,22.218681,69.481355,13.5,115.0,115.0,MT ARABIAN BREEZE,IMO9511200,ATAB,80,0,274,48,16.0,80,A
419000112,2026-09-08 01:05:00,22.21074,69.499798,13.5,115.0,115.0,MT ARABIAN BREEZE,IMO9511200,ATAB,80,0,274,48,16.0,80,A
419000112,2026-09-08 01:10:00,22.203001,69.518158,13.5,115.0,115.0,MT ARABIAN BREEZE,IMO9511200,ATAB,80,0,274,48,16.0,80,A
419000112,2026-09-08 01:15:00,22.195025,69.536565,13.5,115.0,115.0,MT ARABIAN BREEZE,IMO9511200,ATAB,80,0,274,48,16.0,80,A
419000112,2026-09-08 01:20:00,22.187056,69.554852,13.5,115.0,115.0,MT ARABIAN BREEZE,IMO9511200,ATAB,80,0,274,48,16.0,80,A
419000112,2026-09-08 01:25:00,22.179102,69.57336,13.5,115.0,115.0,MT ARABIAN BREEZE,IMO9511200,ATAB,80,0,274,48,16.0,80,A
419000112,2026-09-08 01:30:00,22.171273,69.591729,13.5,115.0,115.0,MT ARABIAN BREEZE,IMO9511200,ATAB,80,0,274,48,16.0,80,A
419000112,2026-09-08 01:35:00,22.1632,69.609981,13.5,115.0,115.0,MT ARABIAN BREEZE,IMO9511200,ATAB,80,0,274,48,16.0,80,A
419000112,2026-09-08 01:40:00,22.155413,69.628437,13.5,115.0,115.0,MT ARABIAN BREEZE,IMO9511200,ATAB,80,0,274,48,16.0,80,A
419000112,2026-09-08 01:45:00,22.147356,69.64691,13.5,115.0,115.0,MT ARABIAN BREEZE,IMO9511200,ATAB,80,0,274,48,16.0,80,A
419000112,2026-09-08 01:50:00,22.139582,69.66522,13.5,115.0,115.0,MT ARABIAN BREEZE,IMO9511200,ATAB,80,0,274,48,16.0,80,A
419000112,2026-09-08 01:55:00,22.131627,69.683568,13.5,115.0,115.0,MT ARABIAN BREEZE,IMO9511200,ATAB,80,0,274,48,16.0,80,A
419000112,2026-09-08 02:00:00,22.123629,69.702077,13.5,115.0,115.0,MT ARABIAN BREEZE,IMO9511200,ATAB,80,0,274,48,16.0,80,A
419000112,2026-09-08 02:05:00,22.11585,69.720391,13.5,115.0,115.0,MT ARABIAN BREEZE,IMO9511200,ATAB,80,0,274,48,16.0,80,A
419000112,2026-09-08 02:10:00,22.107769,69.738757,13.5,115.0,115.0,MT ARABIAN BREEZE,IMO9511200,ATAB,80,0,274,48,16.0,80,A
419000112,2026-09-08 02:15:00,22.099844,69.757223,13.5,115.0,115.0,MT ARABIAN BREEZE,IMO9511200,ATAB,80,0,274,48,16.0,80,A
419000112,2026-09-08 02:20:00,22.092036,69.775559,13.5,115.0,115.0,MT ARABIAN BREEZE,IMO9511200,ATAB,80,0,274,48,16.0,80,A
419000112,2026-09-08 02:25:00,22.084159,69.79401,13.5,115.0,115.0,MT ARABIAN BREEZE,IMO9511200,ATAB,80,0,274,48,16.0,80,A
419000112,2026-09-08 02:30:00,22.076227,69.812202,13.5,115.0,115.0,MT ARABIAN BREEZE,IMO9511200,ATAB,80,0,274,48,16.0,80,A
419000112,2026-09-08 02:35:00,22.068174,69.830721,13.5,115.0,115.0,MT ARABIAN BREEZE,IMO9511200,ATAB,80,0,274,48,16.0,80,A
419000112,2026-09-08 02:40:00,22.060259,69.84899,13.5,115.0,115.0,MT ARABIAN BREEZE,IMO9511200,ATAB,80,0,274,48,16.0,80,A
419000112,2026-09-08 02:45:00,22.052467,69.867407,13.5,115.0,115.0,MT ARABIAN BREEZE,IMO9511200,ATAB,80,0,274,48,16.0,80,A
419000112,2026-09-08 02:50:00,22.04445,69.885903,13.5,115.0,115.0,MT ARABIAN BREEZE,IMO9511200,ATAB,80,0,274,48,16.0,80,A
419000112,2026-09-08 02:55:00,22.036477,69.904304,13.5,115.0,115.0,MT ARABIAN BREEZE,IMO9511200,ATAB,80,0,274,48,16.0,80,A
419000112,2026-09-08 03:00:00,22.028579,69.922653,13.5,115.0,115.0,MT ARABIAN BREEZE,IMO9511200,ATAB,80,0,274,48,16.0,80,A
419000112,2026-09-08 03:05:00,22.020676,69.940961,13.5,115.0,115.0,MT ARABIAN BREEZE,IMO9511200,ATAB,80,0,274,48,16.0,80,A
419000112,2026-09-08 03:10:00,22.012771,69.959408,13.5,115.0,115.0,MT ARABIAN BREEZE,IMO9511200,ATAB,80,0,274,48,16.0,80,A
419000112,2026-09-08 03:15:00,22.004744,69.977702,13.5,115.0,115.0,MT ARABIAN BREEZE,IMO9511200,ATAB,80,0,274,48,16.0,80,A
419000112,2026-09-08 03:20:00,21.996971,69.996067,13.5,115.0,115.0,MT ARABIAN BREEZE,IMO9511200,ATAB,80,0,274,48,16.0,80,A
419000112,2026-09-08 03:25:00,21.989082,70.014533,13.5,115.0,115.0,MT ARABIAN BREEZE,IMO9511200,ATAB,80,0,274,48,16.0,80,A
419000345,2026-09-07 17:30:00,10.340902,75.092252,12.8,135.0,135.0,MT DESH SHANTI,IMO9319800,ATDS,80,0,333,60,21.0,80,A
419000345,2026-09-07 17:35:00,10.328261,75.104999,12.8,135.0,135.0,MT DESH SHANTI,IMO9319800,ATDS,80,0,333,60,21.0,80,A
419000345,2026-09-07 17:40:00,10.315739,75.117909,12.8,135.0,135.0,MT DESH SHANTI,IMO9319800,ATDS,80,0,333,60,21.0,80,A
419000345,2026-09-07 17:45:00,10.303048,75.130581,12.8,135.0,135.0,MT DESH SHANTI,IMO9319800,ATDS,80,0,333,60,21.0,80,A
419000345,2026-09-07 17:50:00,10.29053,75.143295,12.8,135.0,135.0,MT DESH SHANTI,IMO9319800,ATDS,80,0,333,60,21.0,80,A
419000345,2026-09-07 17:55:00,10.277905,75.156079,12.8,135.0,135.0,MT DESH SHANTI,IMO9319800,ATDS,80,0,333,60,21.0,80,A
419000345,2026-09-07 18:00:00,10.265376,75.168916,12.8,135.0,135.0,MT DESH SHANTI,IMO9319800,ATDS,80,0,333,60,21.0,80,A
419000345,2026-09-07 18:05:00,10.252736,75.181469,12.8,135.0,135.0,MT DESH SHANTI,IMO9319800,ATDS,80,0,333,60,21.0,80,A
419000345,2026-09-07 18:10:00,10.240303,75.194318,12.8,135.0,135.0,MT DESH SHANTI,IMO9319800,ATDS,80,0,333,60,21.0,80,A
419000345,2026-09-07 18:15:00,10.227598,75.207146,12.8,135.0,135.0,MT DESH SHANTI,IMO9319800,ATDS,80,0,333,60,21.0,80,A
419000345,2026-09-07 18:20:00,10.215191,75.219869,12.8,135.0,135.0,MT DESH SHANTI,IMO9319800,ATDS,80,0,333,60,21.0,80,A
419000345,2026-09-07 18:25:00,10.202463,75.232581,12.8,135.0,135.0,MT DESH SHANTI,IMO9319800,ATDS,80,0,333,60,21.0,80,A
419000345,2026-09-07 18:30:00,10.190075,75.245252,12.8,135.0,135.0,MT DESH SHANTI,IMO9319800,ATDS,80,0,333,60,21.0,80,A
419000345,2026-09-07 18:35:00,10.177489,75.257981,12.8,135.0,135.0,MT DESH SHANTI,IMO9319800,ATDS,80,0,333,60,21.0,80,A
419000345,2026-09-07 18:40:00,10.164837,75.27083,12.8,135.0,135.0,MT DESH SHANTI,IMO9319800,ATDS,80,0,333,60,21.0,80,A
419000345,2026-09-07 18:45:00,10.152366,75.283569,12.8,135.0,135.0,MT DESH SHANTI,IMO9319800,ATDS,80,0,333,60,21.0,80,A
419000345,2026-09-07 18:50:00,10.139658,75.29623,12.8,135.0,135.0,MT DESH SHANTI,IMO9319800,ATDS,80,0,333,60,21.0,80,A
419000345,2026-09-07 18:55:00,10.127074,75.309057,12.8,135.0,135.0,MT DESH SHANTI,IMO9319800,ATDS,80,0,333,60,21.0,80,A
419000345,2026-09-07 19:00:00,10.114626,75.321811,12.8,135.0,135.0,MT DESH SHANTI,IMO9319800,ATDS,80,0,333,60,21.0,80,A
419000345,2026-09-07 19:05:00,10.101946,75.334492,12.8,135.0,135.0,MT DESH SHANTI,IMO9319800,ATDS,80,0,333,60,21.0,80,A
419000345,2026-09-07 19:10:00,10.089436,75.347285,12.8,135.0,135.0,MT DESH SHANTI,IMO9319800,ATDS,80,0,333,60,21.0,80,A
419000345,2026-09-07 19:15:00,10.07688,75.359922,12.8,135.0,135.0,MT DESH SHANTI,IMO9319800,ATDS,80,0,333,60,21.0,80,A
419000345,2026-09-07 19:20:00,10.064339,75.37267,12.8,135.0,135.0,MT DESH SHANTI,IMO9319800,ATDS,80,0,333,60,21.0,80,A
419000345,2026-09-07 19:25:00,10.051798,75.385494,12.8,135.0,135.0,MT DESH SHANTI,IMO9319800,ATDS,80,0,333,60,21.0,80,A
419000345,2026-09-07 19:30:00,10.039077,75.398289,12.8,135.0,135.0,MT DESH SHANTI,IMO9319800,ATDS,80,0,333,60,21.0,80,A
419000345,2026-09-07 19:35:00,10.026529,75.4111,12.8,135.0,135.0,MT DESH SHANTI,IMO9319800,ATDS,80,0,333,60,21.0,80,A
419000345,2026-09-07 19:40:00,10.014049,75.423844,12.8,135.0,135.0,MT DESH SHANTI,IMO9319800,ATDS,80,0,333,60,21.0,80,A
419000345,2026-09-07 19:45:00,10.001451,75.436538,12.8,135.0,135.0,MT DESH SHANTI,IMO9319800,ATDS,80,0,333,60,21.0,80,A
419000345,2026-09-07 19:50:00,9.988894,75.449153,12.8,135.0,135.0,MT DESH SHANTI,IMO9319800,ATDS,80,0,333,60,21.0,80,A
419000345,2026-09-07 19:55:00,9.976323,75.46194,12.8,135.0,135.0,MT DESH SHANTI,IMO9319800,ATDS,80,0,333,60,21.0,80,A
419000345,2026-09-07 20:00:00,9.963825,75.474668,12.8,135.0,135.0,MT DESH SHANTI,IMO9319800,ATDS,80,0,333,60,21.0,80,A
419000345,2026-09-07 20:05:00,9.951265,75.487422,12.8,135.0,135.0,MT DESH SHANTI,IMO9319800,ATDS,80,0,333,60,21.0,80,A
419000345,2026-09-07 20:10:00,9.938612,75.500168,12.8,135.0,135.0,MT DESH SHANTI,IMO9319800,ATDS,80,0,333,60,21.0,80,A
419000345,2026-09-07 20:15:00,9.926051,75.512884,12.8,135.0,135.0,MT DESH SHANTI,IMO9319800,ATDS,80,0,333,60,21.0,80,A
419000345,2026-09-07 20:20:00,9.913504,75.525722,12.8,135.0,135.0,MT DESH SHANTI,IMO9319800,ATDS,80,0,333,60,21.0,80,A
419000345,2026-09-07 20:25:00,9.900853,75.538532,12.8,135.0,135.0,MT DESH SHANTI,IMO9319800,ATDS,80,0,333,60,21.0,80,A
419000345,2026-09-07 20:30:00,9.888309,75.551245,12.8,135.0,135.0,MT DESH SHANTI,IMO9319800,ATDS,80,0,333,60,21.0,80,A
419000345,2026-09-07 20:35:00,9.875773,75.563886,12.8,135.0,135.0,MT DESH SHANTI,IMO9319800,ATDS,80,0,333,60,21.0,80,A
419000345,2026-09-07 20:40:00,9.863242,75.576797,12.8,135.0,135.0,MT DESH SHANTI,IMO9319800,ATDS,80,0,333,60,21.0,80,A
419000345,2026-09-07 20:45:00,9.850711,75.589406,12.8,135.0,135.0,MT DESH SHANTI,IMO9319800,ATDS,80,0,333,60,21.0,80,A
419000345,2026-09-07 20:50:00,9.838018,75.602106,12.8,135.0,135.0,MT DESH SHANTI,IMO9319800,ATDS,80,0,333,60,21.0,80,A
419000345,2026-09-07 20:55:00,9.825511,75.614878,12.8,135.0,135.0,MT DESH SHANTI,IMO9319800,ATDS,80,0,333,60,21.0,80,A
419000345,2026-09-07 21:00:00,9.812927,75.627688,12.8,135.0,135.0,MT DESH SHANTI,IMO9319800,ATDS,80,0,333,60,21.0,80,A
419000345,2026-09-07 21:05:00,9.800306,75.640512,12.8,135.0,135.0,MT DESH SHANTI,IMO9319800,ATDS,80,0,333,60,21.0,80,A
419000345,2026-09-07 21:10:00,9.787789,75.653238,12.8,135.0,135.0,MT DESH SHANTI,IMO9319800,ATDS,80,0,333,60,21.0,80,A
419000345,2026-09-07 21:15:00,9.775266,75.665995,12.8,135.0,135.0,MT DESH SHANTI,IMO9319800,ATDS,80,0,333,60,21.0,80,A
419000345,2026-09-07 21:20:00,9.762569,75.678592,12.8,135.0,135.0,MT DESH SHANTI,IMO9319800,ATDS,80,0,333,60,21.0,80,A
419000345,2026-09-07 21:25:00,9.750049,75.691392,12.8,135.0,135.0,MT DESH SHANTI,IMO9319800,ATDS,80,0,333,60,21.0,80,A
419000345,2026-09-07 21:30:00,9.737555,75.704104,12.8,135.0,135.0,MT DESH SHANTI,IMO9319800,ATDS,80,0,333,60,21.0,80,A
419000345,2026-09-07 21:35:00,9.724951,75.71691,12.8,135.0,135.0,MT DESH SHANTI,IMO9319800,ATDS,80,0,333,60,21.0,80,A
419000345,2026-09-07 21:40:00,9.712383,75.729767,12.8,135.0,135.0,MT DESH SHANTI,IMO9319800,ATDS,80,0,333,60,21.0,80,A
419000345,2026-09-07 21:45:00,9.699783,75.742468,12.8,135.0,135.0,MT DESH SHANTI,IMO9319800,ATDS,80,0,333,60,21.0,80,A
419000345,2026-09-07 21:50:00,9.68716,75.755119,12.8,135.0,135.0,MT DESH SHANTI,IMO9319800,ATDS,80,0,333,60,21.0,80,A
419000345,2026-09-07 21:55:00,9.674731,75.767862,12.8,135.0,135.0,MT DESH SHANTI,IMO9319800,ATDS,80,0,333,60,21.0,80,A
419000345,2026-09-07 22:00:00,9.662087,75.780697,12.8,135.0,135.0,MT DESH SHANTI,IMO9319800,ATDS,80,0,333,60,21.0,80,A
419000345,2026-09-07 22:05:00,9.649559,75.793481,12.8,135.0,135.0,MT DESH SHANTI,IMO9319800,ATDS,80,0,333,60,21.0,80,A
419000345,2026-09-07 22:10:00,9.637051,75.806239,12.8,135.0,135.0,MT DESH SHANTI,IMO9319800,ATDS,80,0,333,60,21.0,80,A
419000345,2026-09-07 22:15:00,9.624364,75.818874,12.8,135.0,135.0,MT DESH SHANTI,IMO9319800,ATDS,80,0,333,60,21.0,80,A
419000345,2026-09-07 22:20:00,9.611737,75.831571,12.8,135.0,135.0,MT DESH SHANTI,IMO9319800,ATDS,80,0,333,60,21.0,80,A
419000345,2026-09-07 22:25:00,9.599345,75.844364,12.8,135.0,135.0,MT DESH SHANTI,IMO9319800,ATDS,80,0,333,60,21.0,80,A
419000345,2026-09-07 22:30:00,9.586664,75.857154,12.8,135.0,135.0,MT DESH SHANTI,IMO9319800,ATDS,80,0,333,60,21.0,80,A
419000345,2026-09-07 22:35:00,9.574203,75.869782,12.8,135.0,135.0,MT DESH SHANTI,IMO9319800,ATDS,80,0,333,60,21.0,80,A
419000345,2026-09-07 22:40:00,9.561525,75.882699,12.8,135.0,135.0,MT DESH SHANTI,IMO9319800,ATDS,80,0,333,60,21.0,80,A
419000345,2026-09-07 22:45:00,9.549038,75.895405,12.8,135.0,135.0,MT DESH SHANTI,IMO9319800,ATDS,80,0,333,60,21.0,80,A
419000345,2026-09-07 22:50:00,9.536387,75.908102,12.8,135.0,135.0,MT DESH SHANTI,IMO9319800,ATDS,80,0,333,60,21.0,80,A
419000345,2026-09-07 22:55:00,9.523785,75.920862,12.8,135.0,135.0,MT DESH SHANTI,IMO9319800,ATDS,80,0,333,60,21.0,80,A
419000345,2026-09-07 23:00:00,9.511297,75.93354,12.8,135.0,135.0,MT DESH SHANTI,IMO9319800,ATDS,80,0,333,60,21.0,80,A
419000345,2026-09-07 23:05:00,9.498741,75.946333,12.8,135.0,135.0,MT DESH SHANTI,IMO9319800,ATDS,80,0,333,60,21.0,80,A
419000345,2026-09-07 23:10:00,9.486088,75.959072,12.8,135.0,135.0,MT DESH SHANTI,IMO9319800,ATDS,80,0,333,60,21.0,80,A
419000345,2026-09-07 23:15:00,9.473655,75.971757,12.8,135.0,135.0,MT DESH SHANTI,IMO9319800,ATDS,80,0,333,60,21.0,80,A
419000345,2026-09-07 23:20:00,9.460928,75.984592,12.8,135.0,135.0,MT DESH SHANTI,IMO9319800,ATDS,80,0,333,60,21.0,80,A
419000345,2026-09-07 23:25:00,9.448425,75.997301,12.8,135.0,135.0,MT DESH SHANTI,IMO9319800,ATDS,80,0,333,60,21.0,80,A
419000345,2026-09-07 23:30:00,9.435959,76.009993,12.8,135.0,135.0,MT DESH SHANTI,IMO9319800,ATDS,80,0,333,60,21.0,80,A
419000345,2026-09-07 23:35:00,9.423354,76.022881,12.8,135.0,135.0,MT DESH SHANTI,IMO9319800,ATDS,80,0,333,60,21.0,80,A
419000345,2026-09-07 23:40:00,9.410651,76.035667,12.8,135.0,135.0,MT DESH SHANTI,IMO9319800,ATDS,80,0,333,60,21.0,80,A
419000345,2026-09-07 23:45:00,9.398089,76.048249,12.8,135.0,135.0,MT DESH SHANTI,IMO9319800,ATDS,80,0,333,60,21.0,80,A
419000345,2026-09-07 23:50:00,9.38569,76.060997,12.8,135.0,135.0,MT DESH SHANTI,IMO9319800,ATDS,80,0,333,60,21.0,80,A
419000345,2026-09-07 23:55:00,9.372962,76.073812,12.8,135.0,135.0,MT DESH SHANTI,IMO9319800,ATDS,80,0,333,60,21.0,80,A
419000345,2026-09-08 00:00:00,9.360477,76.086576,12.8,135.0,135.0,MT DESH SHANTI,IMO9319800,ATDS,80,0,333,60,21.0,80,A
419000345,2026-09-08 00:05:00,9.347964,76.09934,12.8,135.0,135.0,MT DESH SHANTI,IMO9319800,ATDS,80,0,333,60,21.0,80,A
419000345,2026-09-08 00:10:00,9.335295,76.112014,12.8,135.0,135.0,MT DESH SHANTI,IMO9319800,ATDS,80,0,333,60,21.0,80,A
419000345,2026-09-08 00:15:00,9.322763,76.12472,12.8,135.0,135.0,MT DESH SHANTI,IMO9319800,ATDS,80,0,333,60,21.0,80,A
419000345,2026-09-08 00:20:00,9.310171,76.137488,12.8,135.0,135.0,MT DESH SHANTI,IMO9319800,ATDS,80,0,333,60,21.0,80,A
419000345,2026-09-08 00:25:00,9.29772,76.150267,12.8,135.0,135.0,MT DESH SHANTI,IMO9319800,ATDS,80,0,333,60,21.0,80,A
419000345,2026-09-08 00:30:00,9.285022,76.163133,12.8,135.0,135.0,MT DESH SHANTI,IMO9319800,ATDS,80,0,333,60,21.0,80,A
419000345,2026-09-08 00:35:00,9.272576,76.175833,12.8,135.0,135.0,MT DESH SHANTI,IMO9319800,ATDS,80,0,333,60,21.0,80,A
419000345,2026-09-08 00:40:00,9.259897,76.18846,12.8,135.0,135.0,MT DESH SHANTI,IMO9319800,ATDS,80,0,333,60,21.0,80,A
419000345,2026-09-08 00:45:00,9.247398,76.20137,12.8,135.0,135.0,MT DESH SHANTI,IMO9319800,ATDS,80,0,333,60,21.0,80,A
419000345,2026-09-08 00:50:00,9.234697,76.213989,12.8,135.0,135.0,MT DESH SHANTI,IMO9319800,ATDS,80,0,333,60,21.0,80,A
419000345,2026-09-08 00:55:00,9.222192,76.22683,12.8,135.0,135.0,MT DESH SHANTI,IMO9319800,ATDS,80,0,333,60,21.0,80,A
419000345,2026-09-08 01:00:00,9.209569,76.239518,12.8,135.0,135.0,MT DESH SHANTI,IMO9319800,ATDS,80,0,333,60,21.0,80,A
419000345,2026-09-08 01:05:00,9.19699,76.252204,12.8,135.0,135.0,MT DESH SHANTI,IMO9319800,ATDS,80,0,333,60,21.0,80,A
419000345,2026-09-08 01:10:00,9.184521,76.265021,12.8,135.0,135.0,MT DESH SHANTI,IMO9319800,ATDS,80,0,333,60,21.0,80,A
419000345,2026-09-08 01:15:00,9.171916,76.277844,12.8,135.0,135.0,MT DESH SHANTI,IMO9319800,ATDS,80,0,333,60,21.0,80,A
419000345,2026-09-08 01:20:00,9.15945,76.290487,12.8,135.0,135.0,MT DESH SHANTI,IMO9319800,ATDS,80,0,333,60,21.0,80,A
419000345,2026-09-08 01:25:00,9.146767,76.30334,12.8,135.0,135.0,MT DESH SHANTI,IMO9319800,ATDS,80,0,333,60,21.0,80,A
419000345,2026-09-08 01:30:00,9.134192,76.315967,12.8,135.0,135.0,MT DESH SHANTI,IMO9319800,ATDS,80,0,333,60,21.0,80,A
419000345,2026-09-08 01:35:00,9.121742,76.32884,12.8,135.0,135.0,MT DESH SHANTI,IMO9319800,ATDS,80,0,333,60,21.0,80,A
419000345,2026-09-08 01:40:00,9.109085,76.341497,12.8,135.0,135.0,MT DESH SHANTI,IMO9319800,ATDS,80,0,333,60,21.0,80,A
419000345,2026-09-08 01:45:00,9.096513,76.354327,12.8,135.0,135.0,MT DESH SHANTI,IMO9319800,ATDS,80,0,333,60,21.0,80,A
419000345,2026-09-08 01:50:00,9.083992,76.366957,12.8,135.0,135.0,MT DESH SHANTI,IMO9319800,ATDS,80,0,333,60,21.0,80,A
419000345,2026-09-08 01:55:00,9.071417,76.37973,12.8,135.0,135.0,MT DESH SHANTI,IMO9319800,ATDS,80,0,333,60,21.0,80,A
419000345,2026-09-08 02:00:00,9.058802,76.392512,12.8,135.0,135.0,MT DESH SHANTI,IMO9319800,ATDS,80,0,333,60,21.0,80,A
419000345,2026-09-08 02:05:00,9.046193,76.405219,12.8,135.0,135.0,MT DESH SHANTI,IMO9319800,ATDS,80,0,333,60,21.0,80,A
419000345,2026-09-08 02:10:00,9.033588,76.417989,12.8,135.0,135.0,MT DESH SHANTI,IMO9319800,ATDS,80,0,333,60,21.0,80,A
419000345,2026-09-08 02:15:00,9.021024,76.430693,12.8,135.0,135.0,MT DESH SHANTI,IMO9319800,ATDS,80,0,333,60,21.0,80,A
419000345,2026-09-08 02:20:00,9.008506,76.443509,12.8,135.0,135.0,MT DESH SHANTI,IMO9319800,ATDS,80,0,333,60,21.0,80,A
419000345,2026-09-08 02:25:00,8.995921,76.456304,12.8,135.0,135.0,MT DESH SHANTI,IMO9319800,ATDS,80,0,333,60,21.0,80,A
419000345,2026-09-08 02:30:00,8.98349,76.469007,12.8,135.0,135.0,MT DESH SHANTI,IMO9319800,ATDS,80,0,333,60,21.0,80,A
419000345,2026-09-08 02:35:00,8.970901,76.481655,12.8,135.0,135.0,MT DESH SHANTI,IMO9319800,ATDS,80,0,333,60,21.0,80,A
419000345,2026-09-08 02:40:00,8.958222,76.494547,12.8,135.0,135.0,MT DESH SHANTI,IMO9319800,ATDS,80,0,333,60,21.0,80,A
419000345,2026-09-08 02:45:00,8.945795,76.507227,12.8,135.0,135.0,MT DESH SHANTI,IMO9319800,ATDS,80,0,333,60,21.0,80,A
419000345,2026-09-08 02:50:00,8.933125,76.519961,12.8,135.0,135.0,MT DESH SHANTI,IMO9319800,ATDS,80,0,333,60,21.0,80,A
419000345,2026-09-08 02:55:00,8.920563,76.532771,12.8,135.0,135.0,MT DESH SHANTI,IMO9319800,ATDS,80,0,333,60,21.0,80,A
419000345,2026-09-08 03:00:00,8.907916,76.545426,12.8,135.0,135.0,MT DESH SHANTI,IMO9319800,ATDS,80,0,333,60,21.0,80,A
419000345,2026-09-08 03:05:00,8.895355,76.55821,12.8,135.0,135.0,MT DESH SHANTI,IMO9319800,ATDS,80,0,333,60,21.0,80,A
419000345,2026-09-08 03:10:00,8.882768,76.570993,12.8,135.0,135.0,MT DESH SHANTI,IMO9319800,ATDS,80,0,333,60,21.0,80,A
419000345,2026-09-08 03:15:00,8.870214,76.58359,12.8,135.0,135.0,MT DESH SHANTI,IMO9319800,ATDS,80,0,333,60,21.0,80,A
419000345,2026-09-08 03:20:00,8.857688,76.596385,12.8,135.0,135.0,MT DESH SHANTI,IMO9319800,ATDS,80,0,333,60,21.0,80,A
419000345,2026-09-08 03:25:00,8.845213,76.609272,12.8,135.0,135.0,MT DESH SHANTI,IMO9319800,ATDS,80,0,333,60,21.0,80,A
636015000,2026-09-07 17:30:00,16.237331,72.879606,7.1,160.0,160.0,MT OCEAN PHOENIX,IMO9288111,D5OP,82,0,182,32,11.5,82,A
636015000,2026-09-07 17:35:00,16.228111,72.883132,7.1,160.0,160.0,MT OCEAN PHOENIX,IMO9288111,D5OP,82,0,182,32,11.5,82,A
636015000,2026-09-07 17:40:00,16.218895,72.886466,7.1,160.0,160.0,MT OCEAN PHOENIX,IMO9288111,D5OP,82,0,182,32,11.5,82,A
636015000,2026-09-07 17:45:00,16.209711,72.890017,7.1,160.0,160.0,MT OCEAN PHOENIX,IMO9288111,D5OP,82,0,182,32,11.5,82,A
636015000,2026-09-07 17:50:00,16.200252,72.893555,7.1,160.0,160.0,MT OCEAN PHOENIX,IMO9288111,D5OP,82,0,182,32,11.5,82,A
636015000,2026-09-07 17:55:00,16.191072,72.897136,7.1,160.0,160.0,MT OCEAN PHOENIX,IMO9288111,D5OP,82,0,182,32,11.5,82,A
636015000,2026-09-07 18:00:00,16.18175,72.900471,7.1,160.0,160.0,MT OCEAN PHOENIX,IMO9288111,D5OP,82,0,182,32,11.5,82,A
636015000,2026-09-07 18:05:00,16.172535,72.904034,7.1,160.0,160.0,MT OCEAN PHOENIX,IMO9288111,D5OP,82,0,182,32,11.5,82,A
636015000,2026-09-07 18:10:00,16.16334,72.907546,7.1,160.0,160.0,MT OCEAN PHOENIX,IMO9288111,D5OP,82,0,182,32,11.5,82,A
636015000,2026-09-07 18:15:00,16.154118,72.911072,7.1,160.0,160.0,MT OCEAN PHOENIX,IMO9288111,D5OP,82,0,182,32,11.5,82,A
636015000,2026-09-07 18:20:00,16.144734,72.914626,7.1,160.0,160.0,MT OCEAN PHOENIX,IMO9288111,D5OP,82,0,182,32,11.5,82,A
636015000,2026-09-07 18:25:00,16.135524,72.918147,7.1,160.0,160.0,MT OCEAN PHOENIX,IMO9288111,D5OP,82,0,182,32,11.5,82,A
636015000,2026-09-07 18:30:00,16.126305,72.921585,7.1,160.0,160.0,MT OCEAN PHOENIX,IMO9288111,D5OP,82,0,182,32,11.5,82,A
636015000,2026-09-07 18:35:00,16.116932,72.925036,7.1,160.0,160.0,MT OCEAN PHOENIX,IMO9288111,D5OP,82,0,182,32,11.5,82,A
636015000,2026-09-07 18:40:00,16.107667,72.92862,7.1,160.0,160.0,MT OCEAN PHOENIX,IMO9288111,D5OP,82,0,182,32,11.5,82,A
636015000,2026-09-07 18:45:00,16.098447,72.932079,7.1,160.0,160.0,MT OCEAN PHOENIX,IMO9288111,D5OP,82,0,182,32,11.5,82,A
636015000,2026-09-07 18:50:00,16.08917,72.935612,7.1,160.0,160.0,MT OCEAN PHOENIX,IMO9288111,D5OP,82,0,182,32,11.5,82,A
636015000,2026-09-07 18:55:00,16.079908,72.939095,7.1,160.0,160.0,MT OCEAN PHOENIX,IMO9288111,D5OP,82,0,182,32,11.5,82,A
636015000,2026-09-07 19:00:00,16.070728,72.94268,7.1,160.0,160.0,MT OCEAN PHOENIX,IMO9288111,D5OP,82,0,182,32,11.5,82,A
636015000,2026-09-07 19:05:00,16.061452,72.946148,7.1,160.0,160.0,MT OCEAN PHOENIX,IMO9288111,D5OP,82,0,182,32,11.5,82,A
636015000,2026-09-07 19:10:00,16.05221,72.94959,7.1,160.0,160.0,MT OCEAN PHOENIX,IMO9288111,D5OP,82,0,182,32,11.5,82,A
636015000,2026-09-07 19:15:00,16.042854,72.953161,7.1,160.0,160.0,MT OCEAN PHOENIX,IMO9288111,D5OP,82,0,182,32,11.5,82,A
636015000,2026-09-07 19:20:00,16.033614,72.956636,7.1,160.0,160.0,MT OCEAN PHOENIX,IMO9288111,D5OP,82,0,182,32,11.5,82,A
636015000,2026-09-07 19:25:00,16.024229,72.960094,7.1,160.0,160.0,MT OCEAN PHOENIX,IMO9288111,D5OP,82,0,182,32,11.5,82,A
636015000,2026-09-07 19:30:00,16.014987,72.963573,7.1,160.0,160.0,MT OCEAN PHOENIX,IMO9288111,D5OP,82,0,182,32,11.5,82,A
636015000,2026-09-07 19:35:00,16.005873,72.967074,7.1,160.0,160.0,MT OCEAN PHOENIX,IMO9288111,D5OP,82,0,182,32,11.5,82,A
636015000,2026-09-07 19:40:00,15.996542,72.970645,7.1,160.0,160.0,MT OCEAN PHOENIX,IMO9288111,D5OP,82,0,182,32,11.5,82,A
636015000,2026-09-07 19:45:00,15.987329,72.97415,7.1,160.0,160.0,MT OCEAN PHOENIX,IMO9288111,D5OP,82,0,182,32,11.5,82,A
636015000,2026-09-07 19:50:00,15.978061,72.977706,7.1,160.0,160.0,MT OCEAN PHOENIX,IMO9288111,D5OP,82,0,182,32,11.5,82,A
636015000,2026-09-07 19:55:00,15.968798,72.981181,7.1,160.0,160.0,MT OCEAN PHOENIX,IMO9288111,D5OP,82,0,182,32,11.5,82,A
636015000,2026-09-07 20:00:00,15.959453,72.984714,7.1,160.0,160.0,MT OCEAN PHOENIX,IMO9288111,D5OP,82,0,182,32,11.5,82,A
636015000,2026-09-07 20:05:00,15.950278,72.988125,7.1,160.0,160.0,MT OCEAN PHOENIX,IMO9288111,D5OP,82,0,182,32,11.5,82,A
636015000,2026-09-07 20:10:00,15.940889,72.991559,7.1,160.0,160.0,MT OCEAN PHOENIX,IMO9288111,D5OP,82,0,182,32,11.5,82,A
636015000,2026-09-07 20:15:00,15.931663,72.995165,7.1,160.0,160.0,MT OCEAN PHOENIX,IMO9288111,D5OP,82,0,182,32,11.5,82,A
636015000,2026-09-07 20:20:00,15.922431,72.998675,7.1,160.0,160.0,MT OCEAN PHOENIX,IMO9288111,D5OP,82,0,182,32,11.5,82,A
636015000,2026-09-07 20:25:00,15.913185,73.002031,7.1,160.0,160.0,MT OCEAN PHOENIX,IMO9288111,D5OP,82,0,182,32,11.5,82,A
636015000,2026-09-07 20:30:00,15.903894,73.005632,7.1,160.0,160.0,MT OCEAN PHOENIX,IMO9288111,D5OP,82,0,182,32,11.5,82,A
636015000,2026-09-07 20:35:00,15.894551,73.009221,7.1,160.0,160.0,MT OCEAN PHOENIX,IMO9288111,D5OP,82,0,182,32,11.5,82,A
636015000,2026-09-07 20:40:00,15.88544,73.012645,7.1,160.0,160.0,MT OCEAN PHOENIX,IMO9288111,D5OP,82,0,182,32,11.5,82,A
636015000,2026-09-07 20:45:00,15.876137,73.016212,7.1,160.0,160.0,MT OCEAN PHOENIX,IMO9288111,D5OP,82,0,182,32,11.5,82,A
636015000,2026-09-07 20:50:00,15.866831,73.019615,7.1,160.0,160.0,MT OCEAN PHOENIX,IMO9288111,D5OP,82,0,182,32,11.5,82,A
636015000,2026-09-07 20:55:00,15.85762,73.023214,7.1,160.0,160.0,MT OCEAN PHOENIX,IMO9288111,D5OP,82,0,182,32,11.5,82,A
636015000,2026-09-07 21:00:00,15.848265,73.026722,7.1,160.0,160.0,MT OCEAN PHOENIX,IMO9288111,D5OP,82,0,182,32,11.5,82,A
636015000,2026-09-07 21:05:00,15.839066,73.030162,7.1,160.0,160.0,MT OCEAN PHOENIX,IMO9288111,D5OP,82,0,182,32,11.5,82,A
636015000,2026-09-07 21:10:00,15.829804,73.033566,7.1,160.0,160.0,MT OCEAN PHOENIX,IMO9288111,D5OP,82,0,182,32,11.5,82,A
636015000,2026-09-07 21:15:00,15.820531,73.037204,7.1,160.0,160.0,MT OCEAN PHOENIX,IMO9288111,D5OP,82,0,182,32,11.5,82,A
636015000,2026-09-07 21:20:00,15.811308,73.040705,7.1,160.0,160.0,MT OCEAN PHOENIX,IMO9288111,D5OP,82,0,182,32,11.5,82,A
636015000,2026-09-07 21:25:00,15.801901,73.044114,7.1,160.0,160.0,MT OCEAN PHOENIX,IMO9288111,D5OP,82,0,182,32,11.5,82,A
636015000,2026-09-07 21:30:00,15.792736,73.047642,7.1,160.0,160.0,MT OCEAN PHOENIX,IMO9288111,D5OP,82,0,182,32,11.5,82,A
636015000,2026-09-07 21:35:00,15.783513,73.051181,7.1,160.0,160.0,MT OCEAN PHOENIX,IMO9288111,D5OP,82,0,182,32,11.5,82,A
636015000,2026-09-07 21:40:00,15.774264,73.054706,7.1,160.0,160.0,MT OCEAN PHOENIX,IMO9288111,D5OP,82,0,182,32,11.5,82,A
636015000,2026-09-07 21:45:00,15.764931,73.058176,7.1,160.0,160.0,MT OCEAN PHOENIX,IMO9288111,D5OP,82,0,182,32,11.5,82,A
636015000,2026-09-07 21:50:00,15.755621,73.061666,7.1,160.0,160.0,MT OCEAN PHOENIX,IMO9288111,D5OP,82,0,182,32,11.5,82,A
636015000,2026-09-07 21:55:00,15.746376,73.06519,7.1,160.0,160.0,MT OCEAN PHOENIX,IMO9288111,D5OP,82,0,182,32,11.5,82,A
636015000,2026-09-07 22:00:00,15.737062,73.068697,7.1,160.0,160.0,MT OCEAN PHOENIX,IMO9288111,D5OP,82,0,182,32,11.5,82,A
636015000,2026-09-07 22:05:00,15.727778,73.072148,7.1,160.0,160.0,MT OCEAN PHOENIX,IMO9288111,D5OP,82,0,182,32,11.5,82,A
636015000,2026-09-07 22:10:00,15.718586,73.075715,7.1,160.0,160.0,MT OCEAN PHOENIX,IMO9288111,D5OP,82,0,182,32,11.5,82,A
636015000,2026-09-07 22:15:00,15.709404,73.079197,7.1,160.0,160.0,MT OCEAN PHOENIX,IMO9288111,D5OP,82,0,182,32,11.5,82,A
636015000,2026-09-07 22:20:00,15.700083,73.082678,7.1,160.0,160.0,MT OCEAN PHOENIX,IMO9288111,D5OP,82,0,182,32,11.5,82,A
636015000,2026-09-07 22:25:00,15.690697,73.086284,7.1,160.0,160.0,MT OCEAN PHOENIX,IMO9288111,D5OP,82,0,182,32,11.5,82,A
636015000,2026-09-07 22:30:00,15.681442,73.089644,7.1,160.0,160.0,MT OCEAN PHOENIX,IMO9288111,D5OP,82,0,182,32,11.5,82,A
636015000,2026-09-07 22:35:00,15.672349,73.09324,7.1,160.0,160.0,MT OCEAN PHOENIX,IMO9288111,D5OP,82,0,182,32,11.5,82,A
636015000,2026-09-07 22:40:00,15.662943,73.096639,7.1,160.0,160.0,MT OCEAN PHOENIX,IMO9288111,D5OP,82,0,182,32,11.5,82,A
636015000,2026-09-07 22:45:00,15.653674,73.100232,7.1,160.0,160.0,MT OCEAN PHOENIX,IMO9288111,D5OP,82,0,182,32,11.5,82,A
636015000,2026-09-07 22:50:00,15.644489,73.103621,7.1,160.0,160.0,MT OCEAN PHOENIX,IMO9288111,D5OP,82,0,182,32,11.5,82,A
636015000,2026-09-07 22:55:00,15.635218,73.107227,7.1,160.0,160.0,MT OCEAN PHOENIX,IMO9288111,D5OP,82,0,182,32,11.5,82,A
636015000,2026-09-07 23:00:00,15.626037,73.110771,7.1,160.0,160.0,MT OCEAN PHOENIX,IMO9288111,D5OP,82,0,182,32,11.5,82,A
636015000,2026-09-07 23:05:00,15.616742,73.114194,7.1,160.0,160.0,MT OCEAN PHOENIX,IMO9288111,D5OP,82,0,182,32,11.5,82,A
636015000,2026-09-07 23:10:00,15.607416,73.117622,7.1,160.0,160.0,MT OCEAN PHOENIX,IMO9288111,D5OP,82,0,182,32,11.5,82,A
636015000,2026-09-07 23:15:00,15.598164,73.121126,7.1,160.0,160.0,MT OCEAN PHOENIX,IMO9288111,D5OP,82,0,182,32,11.5,82,A
636015000,2026-09-07 23:20:00,15.588884,73.124808,7.1,160.0,160.0,MT OCEAN PHOENIX,IMO9288111,D5OP,82,0,182,32,11.5,82,A
636015000,2026-09-07 23:25:00,15.579574,73.128116,7.1,160.0,160.0,MT OCEAN PHOENIX,IMO9288111,D5OP,82,0,182,32,11.5,82,A
636015000,2026-09-07 23:30:00,15.570412,73.131798,7.1,160.0,160.0,MT OCEAN PHOENIX,IMO9288111,D5OP,82,0,182,32,11.5,82,A
636015000,2026-09-07 23:35:00,15.56117,73.135221,7.1,160.0,160.0,MT OCEAN PHOENIX,IMO9288111,D5OP,82,0,182,32,11.5,82,A
636015000,2026-09-07 23:40:00,15.551727,73.138774,7.1,160.0,160.0,MT OCEAN PHOENIX,IMO9288111,D5OP,82,0,182,32,11.5,82,A
636015000,2026-09-07 23:45:00,15.5425,73.142144,7.1,160.0,160.0,MT OCEAN PHOENIX,IMO9288111,D5OP,82,0,182,32,11.5,82,A
636015000,2026-09-07 23:50:00,15.533205,73.145749,7.1,160.0,160.0,MT OCEAN PHOENIX,IMO9288111,D5OP,82,0,182,32,11.5,82,A
636015000,2026-09-07 23:55:00,15.52412,73.149318,7.1,160.0,160.0,MT OCEAN PHOENIX,IMO9288111,D5OP,82,0,182,32,11.5,82,A
636015000,2026-09-08 00:00:00,15.514744,73.152833,7.1,160.0,160.0,MT OCEAN PHOENIX,IMO9288111,D5OP,82,0,182,32,11.5,82,A
636015000,2026-09-08 00:05:00,15.505544,73.156286,7.1,160.0,160.0,MT OCEAN PHOENIX,IMO9288111,D5OP,82,0,182,32,11.5,82,A
636015000,2026-09-08 00:10:00,15.496197,73.159805,7.1,160.0,160.0,MT OCEAN PHOENIX,IMO9288111,D5OP,82,0,182,32,11.5,82,A
636015000,2026-09-08 00:15:00,15.486892,73.163287,7.1,160.0,160.0,MT OCEAN PHOENIX,IMO9288111,D5OP,82,0,182,32,11.5,82,A
636015000,2026-09-08 00:20:00,15.477776,73.16671,7.1,160.0,160.0,MT OCEAN PHOENIX,IMO9288111,D5OP,82,0,182,32,11.5,82,A
636015000,2026-09-08 00:25:00,15.468451,73.170168,7.1,160.0,160.0,MT OCEAN PHOENIX,IMO9288111,D5OP,82,0,182,32,11.5,82,A
636015000,2026-09-08 00:30:00,15.459236,73.173664,7.1,160.0,160.0,MT OCEAN PHOENIX,IMO9288111,D5OP,82,0,182,32,11.5,82,A
636015000,2026-09-08 00:35:00,15.449905,73.177279,7.1,160.0,160.0,MT OCEAN PHOENIX,IMO9288111,D5OP,82,0,182,32,11.5,82,A
636015000,2026-09-08 00:40:00,15.440634,73.180784,7.1,160.0,160.0,MT OCEAN PHOENIX,IMO9288111,D5OP,82,0,182,32,11.5,82,A
636015000,2026-09-08 00:45:00,15.431448,73.184338,7.1,160.0,160.0,MT OCEAN PHOENIX,IMO9288111,D5OP,82,0,182,32,11.5,82,A
636015000,2026-09-08 00:50:00,15.422139,73.1877,7.1,160.0,160.0,MT OCEAN PHOENIX,IMO9288111,D5OP,82,0,182,32,11.5,82,A
636015000,2026-09-08 00:55:00,15.412799,73.191185,7.1,160.0,160.0,MT OCEAN PHOENIX,IMO9288111,D5OP,82,0,182,32,11.5,82,A
636015000,2026-09-08 01:00:00,15.403679,73.19475,7.1,160.0,160.0,MT OCEAN PHOENIX,IMO9288111,D5OP,82,0,182,32,11.5,82,A
636015000,2026-09-08 01:05:00,15.394418,73.198358,7.1,160.0,160.0,MT OCEAN PHOENIX,IMO9288111,D5OP,82,0,182,32,11.5,82,A
636015000,2026-09-08 01:10:00,15.385121,73.201693,7.1,160.0,160.0,MT OCEAN PHOENIX,IMO9288111,D5OP,82,0,182,32,11.5,82,A
636015000,2026-09-08 01:15:00,15.375767,73.20529,7.1,160.0,160.0,MT OCEAN PHOENIX,IMO9288111,D5OP,82,0,182,32,11.5,82,A
636015000,2026-09-08 01:20:00,15.36661,73.208841,7.1,160.0,160.0,MT OCEAN PHOENIX,IMO9288111,D5OP,82,0,182,32,11.5,82,A
636015000,2026-09-08 01:25:00,15.357295,73.212359,7.1,160.0,160.0,MT OCEAN PHOENIX,IMO9288111,D5OP,82,0,182,32,11.5,82,A
636015000,2026-09-08 01:30:00,15.347906,73.21583,7.1,160.0,160.0,MT OCEAN PHOENIX,IMO9288111,D5OP,82,0,182,32,11.5,82,A
636015000,2026-09-08 01:35:00,15.338632,73.219244,7.1,160.0,160.0,MT OCEAN PHOENIX,IMO9288111,D5OP,82,0,182,32,11.5,82,A
636015000,2026-09-08 01:40:00,15.329471,73.222738,7.1,160.0,160.0,MT OCEAN PHOENIX,IMO9288111,D5OP,82,0,182,32,11.5,82,A
636015000,2026-09-08 01:45:00,15.32028,73.226366,7.1,160.0,160.0,MT OCEAN PHOENIX,IMO9288111,D5OP,82,0,182,32,11.5,82,A
636015000,2026-09-08 01:50:00,15.310962,73.229857,7.1,160.0,160.0,MT OCEAN PHOENIX,IMO9288111,D5OP,82,0,182,32,11.5,82,A
636015000,2026-09-08 01:55:00,15.301604,73.233297,7.1,160.0,160.0,MT OCEAN PHOENIX,IMO9288111,D5OP,82,0,182,32,11.5,82,A
636015000,2026-09-08 02:00:00,15.292338,73.236862,7.1,160.0,160.0,MT OCEAN PHOENIX,IMO9288111,D5OP,82,0,182,32,11.5,82,A
636015000,2026-09-08 02:05:00,15.283124,73.240252,7.1,160.0,160.0,MT OCEAN PHOENIX,IMO9288111,D5OP,82,0,182,32,11.5,82,A
636015000,2026-09-08 02:10:00,15.27379,73.243729,7.1,160.0,160.0,MT OCEAN PHOENIX,IMO9288111,D5OP,82,0,182,32,11.5,82,A
636015000,2026-09-08 02:15:00,15.264682,73.247221,7.1,160.0,160.0,MT OCEAN PHOENIX,IMO9288111,D5OP,82,0,182,32,11.5,82,A
636015000,2026-09-08 02:20:00,15.255379,73.25081,7.1,160.0,160.0,MT OCEAN PHOENIX,IMO9288111,D5OP,82,0,182,32,11.5,82,A
636015000,2026-09-08 02:25:00,15.246092,73.254391,7.1,160.0,160.0,MT OCEAN PHOENIX,IMO9288111,D5OP,82,0,182,32,11.5,82,A
636015000,2026-09-08 02:30:00,15.236821,73.257816,7.1,160.0,160.0,MT OCEAN PHOENIX,IMO9288111,D5OP,82,0,182,32,11.5,82,A
636015000,2026-09-08 02:35:00,15.227534,73.261347,7.1,160.0,160.0,MT OCEAN PHOENIX,IMO9288111,D5OP,82,0,182,32,11.5,82,A
636015000,2026-09-08 02:40:00,15.218243,73.264907,7.1,160.0,160.0,MT OCEAN PHOENIX,IMO9288111,D5OP,82,0,182,32,11.5,82,A
636015000,2026-09-08 02:45:00,15.209006,73.268309,7.1,160.0,160.0,MT OCEAN PHOENIX,IMO9288111,D5OP,82,0,182,32,11.5,82,A
636015000,2026-09-08 02:50:00,15.19969,73.271784,7.1,160.0,160.0,MT OCEAN PHOENIX,IMO9288111,D5OP,82,0,182,32,11.5,82,A
636015000,2026-09-08 02:55:00,15.190515,73.275354,7.1,160.0,160.0,MT OCEAN PHOENIX,IMO9288111,D5OP,82,0,182,32,11.5,82,A
636015000,2026-09-08 03:00:00,15.18114,73.278893,7.1,160.0,160.0,MT OCEAN PHOENIX,IMO9288111,D5OP,82,0,182,32,11.5,82,A
636015000,2026-09-08 03:05:00,15.172004,73.282371,7.1,160.0,160.0,MT OCEAN PHOENIX,IMO9288111,D5OP,82,0,182,32,11.5,82,A
636015000,2026-09-08 03:10:00,15.162749,73.285862,7.1,160.0,160.0,MT OCEAN PHOENIX,IMO9288111,D5OP,82,0,182,32,11.5,82,A
636015000,2026-09-08 03:15:00,15.153387,73.289235,7.1,160.0,160.0,MT OCEAN PHOENIX,IMO9288111,D5OP,82,0,182,32,11.5,82,A
636015000,2026-09-08 03:20:00,15.144072,73.292737,7.1,160.0,160.0,MT OCEAN PHOENIX,IMO9288111,D5OP,82,0,182,32,11.5,82,A
636015000,2026-09-08 03:25:00,15.134967,73.296429,7.1,160.0,160.0,MT OCEAN PHOENIX,IMO9288111,D5OP,82,0,182,32,11.5,82,A
354112000,2026-09-07 17:30:00,21.147841,87.864945,14.0,210.0,210.0,MT VALIANT TRADER,IMO9499300,HPVT,80,0,228,38,13.0,80,A
354112000,2026-09-07 17:35:00,21.131006,87.854619,14.0,210.0,210.0,MT VALIANT TRADER,IMO9499300,HPVT,80,0,228,38,13.0,80,A
354112000,2026-09-07 17:40:00,21.114247,87.844195,14.0,210.0,210.0,MT VALIANT TRADER,IMO9499300,HPVT,80,0,228,38,13.0,80,A
354112000,2026-09-07 17:45:00,21.097304,87.833882,14.0,210.0,210.0,MT VALIANT TRADER,IMO9499300,HPVT,80,0,228,38,13.0,80,A
354112000,2026-09-07 17:50:00,21.08045,87.82356,14.0,210.0,210.0,MT VALIANT TRADER,IMO9499300,HPVT,80,0,228,38,13.0,80,A
354112000,2026-09-07 17:55:00,21.063666,87.813181,14.0,210.0,210.0,MT VALIANT TRADER,IMO9499300,HPVT,80,0,228,38,13.0,80,A
354112000,2026-09-07 18:00:00,21.046843,87.802845,14.0,210.0,210.0,MT VALIANT TRADER,IMO9499300,HPVT,80,0,228,38,13.0,80,A
354112000,2026-09-07 18:05:00,21.03005,87.792574,14.0,210.0,210.0,MT VALIANT TRADER,IMO9499300,HPVT,80,0,228,38,13.0,80,A
354112000,2026-09-07 18:10:00,21.013234,87.782125,14.0,210.0,210.0,MT VALIANT TRADER,IMO9499300,HPVT,80,0,228,38,13.0,80,A
354112000,2026-09-07 18:15:00,20.996226,87.771714,14.0,210.0,210.0,MT VALIANT TRADER,IMO9499300,HPVT,80,0,228,38,13.0,80,A
354112000,2026-09-07 18:20:00,20.979447,87.761347,14.0,210.0,210.0,MT VALIANT TRADER,IMO9499300,HPVT,80,0,228,38,13.0,80,A
354112000,2026-09-07 18:25:00,20.962569,87.751017,14.0,210.0,210.0,MT VALIANT TRADER,IMO9499300,HPVT,80,0,228,38,13.0,80,A
354112000,2026-09-07 18:30:00,20.945793,87.740754,14.0,210.0,210.0,MT VALIANT TRADER,IMO9499300,HPVT,80,0,228,38,13.0,80,A
354112000,2026-09-07 18:35:00,20.929048,87.73037,14.0,210.0,210.0,MT VALIANT TRADER,IMO9499300,HPVT,80,0,228,38,13.0,80,A
354112000,2026-09-07 18:40:00,20.912061,87.720012,14.0,210.0,210.0,MT VALIANT TRADER,IMO9499300,HPVT,80,0,228,38,13.0,80,A
354112000,2026-09-07 18:45:00,20.895391,87.709593,14.0,210.0,210.0,MT VALIANT TRADER,IMO9499300,HPVT,80,0,228,38,13.0,80,A
354112000,2026-09-07 18:50:00,20.878514,87.699371,14.0,210.0,210.0,MT VALIANT TRADER,IMO9499300,HPVT,80,0,228,38,13.0,80,A
354112000,2026-09-07 18:55:00,20.861643,87.688978,14.0,210.0,210.0,MT VALIANT TRADER,IMO9499300,HPVT,80,0,228,38,13.0,80,A
354112000,2026-09-07 19:00:00,20.844834,87.678678,14.0,210.0,210.0,MT VALIANT TRADER,IMO9499300,HPVT,80,0,228,38,13.0,80,A
354112000,2026-09-07 19:05:00,20.827864,87.668262,14.0,210.0,210.0,MT VALIANT TRADER,IMO9499300,HPVT,80,0,228,38,13.0,80,A
354112000,2026-09-07 19:10:00,20.811134,87.657835,14.0,210.0,210.0,MT VALIANT TRADER,IMO9499300,HPVT,80,0,228,38,13.0,80,A
354112000,2026-09-07 19:15:00,20.794211,87.647516,14.0,210.0,210.0,MT VALIANT TRADER,IMO9499300,HPVT,80,0,228,38,13.0,80,A
354112000,2026-09-07 19:20:00,20.777489,87.637094,14.0,210.0,210.0,MT VALIANT TRADER,IMO9499300,HPVT,80,0,228,38,13.0,80,A
354112000,2026-09-07 19:25:00,20.760523,87.626793,14.0,210.0,210.0,MT VALIANT TRADER,IMO9499300,HPVT,80,0,228,38,13.0,80,A
354112000,2026-09-07 19:30:00,20.743731,87.616427,14.0,210.0,210.0,MT VALIANT TRADER,IMO9499300,HPVT,80,0,228,38,13.0,80,A
354112000,2026-09-07 19:35:00,20.726864,87.606212,14.0,210.0,210.0,MT VALIANT TRADER,IMO9499300,HPVT,80,0,228,38,13.0,80,A
354112000,2026-09-07 19:40:00,20.710154,87.59577,14.0,210.0,210.0,MT VALIANT TRADER,IMO9499300,HPVT,80,0,228,38,13.0,80,A
354112000,2026-09-07 19:45:00,20.693348,87.585487,14.0,210.0,210.0,MT VALIANT TRADER,IMO9499300,HPVT,80,0,228,38,13.0,80,A
354112000,2026-09-07 19:50:00,20.676474,87.575073,14.0,210.0,210.0,MT VALIANT TRADER,IMO9499300,HPVT,80,0,228,38,13.0,80,A
354112000,2026-09-07 19:55:00,20.659658,87.564709,14.0,210.0,210.0,MT VALIANT TRADER,IMO9499300,HPVT,80,0,228,38,13.0,80,A
354112000,2026-09-07 20:00:00,20.642796,87.554288,14.0,210.0,210.0,MT VALIANT TRADER,IMO9499300,HPVT,80,0,228,38,13.0,80,A
354112000,2026-09-07 20:05:00,20.625826,87.543941,14.0,210.0,210.0,MT VALIANT TRADER,IMO9499300,HPVT,80,0,228,38,13.0,80,A
354112000,2026-09-07 20:10:00,20.609001,87.533656,14.0,210.0,210.0,MT VALIANT TRADER,IMO9499300,HPVT,80,0,228,38,13.0,80,A
354112000,2026-09-07 20:15:00,20.592341,87.523285,14.0,210.0,210.0,MT VALIANT TRADER,IMO9499300,HPVT,80,0,228,38,13.0,80,A
354112000,2026-09-07 20:20:00,20.575416,87.513031,14.0,210.0,210.0,MT VALIANT TRADER,IMO9499300,HPVT,80,0,228,38,13.0,80,A
354112000,2026-09-07 20:25:00,20.558473,87.50251,14.0,210.0,210.0,MT VALIANT TRADER,IMO9499300,HPVT,80,0,228,38,13.0,80,A
354112000,2026-09-07 20:30:00,20.54182,87.492195,14.0,210.0,210.0,MT VALIANT TRADER,IMO9499300,HPVT,80,0,228,38,13.0,80,A
354112000,2026-09-07 20:35:00,20.524815,87.481907,14.0,210.0,210.0,MT VALIANT TRADER,IMO9499300,HPVT,80,0,228,38,13.0,80,A
354112000,2026-09-07 20:40:00,20.507961,87.47151,14.0,210.0,210.0,MT VALIANT TRADER,IMO9499300,HPVT,80,0,228,38,13.0,80,A
354112000,2026-09-07 20:45:00,20.491235,87.461247,14.0,210.0,210.0,MT VALIANT TRADER,IMO9499300,HPVT,80,0,228,38,13.0,80,A
354112000,2026-09-07 20:50:00,20.474368,87.450817,14.0,210.0,210.0,MT VALIANT TRADER,IMO9499300,HPVT,80,0,228,38,13.0,80,A
354112000,2026-09-07 20:55:00,20.457462,87.440461,14.0,210.0,210.0,MT VALIANT TRADER,IMO9499300,HPVT,80,0,228,38,13.0,80,A
354112000,2026-09-07 21:00:00,20.440622,87.430015,14.0,210.0,210.0,MT VALIANT TRADER,IMO9499300,HPVT,80,0,228,38,13.0,80,A
354112000,2026-09-07 21:05:00,20.423974,87.419666,14.0,210.0,210.0,MT VALIANT TRADER,IMO9499300,HPVT,80,0,228,38,13.0,80,A
354112000,2026-09-07 21:10:00,20.40708,87.409371,14.0,210.0,210.0,MT VALIANT TRADER,IMO9499300,HPVT,80,0,228,38,13.0,80,A
354112000,2026-09-07 21:15:00,20.39026,87.39906,14.0,210.0,210.0,MT VALIANT TRADER,IMO9499300,HPVT,80,0,228,38,13.0,80,A
354112000,2026-09-07 21:20:00,20.37345,87.388639,14.0,210.0,210.0,MT VALIANT TRADER,IMO9499300,HPVT,80,0,228,38,13.0,80,A
354112000,2026-09-07 21:25:00,20.356489,87.378371,14.0,210.0,210.0,MT VALIANT TRADER,IMO9499300,HPVT,80,0,228,38,13.0,80,A
354112000,2026-09-07 21:30:00,20.339679,87.368075,14.0,210.0,210.0,MT VALIANT TRADER,IMO9499300,HPVT,80,0,228,38,13.0,80,A
354112000,2026-09-07 21:35:00,20.322855,87.357725,14.0,210.0,210.0,MT VALIANT TRADER,IMO9499300,HPVT,80,0,228,38,13.0,80,A
354112000,2026-09-07 21:40:00,20.306024,87.347264,14.0,210.0,210.0,MT VALIANT TRADER,IMO9499300,HPVT,80,0,228,38,13.0,80,A
354112000,2026-09-07 21:45:00,20.28914,87.337001,14.0,210.0,210.0,MT VALIANT TRADER,IMO9499300,HPVT,80,0,228,38,13.0,80,A
354112000,2026-09-07 21:50:00,20.272377,87.326673,14.0,210.0,210.0,MT VALIANT TRADER,IMO9499300,HPVT,80,0,228,38,13.0,80,A
354112000,2026-09-07 21:55:00,20.255446,87.316197,14.0,210.0,210.0,MT VALIANT TRADER,IMO9499300,HPVT,80,0,228,38,13.0,80,A
354112000,2026-09-07 22:00:00,20.238642,87.305945,14.0,210.0,210.0,MT VALIANT TRADER,IMO9499300,HPVT,80,0,228,38,13.0,80,A
354112000,2026-09-07 22:05:00,20.22191,87.29549,14.0,210.0,210.0,MT VALIANT TRADER,IMO9499300,HPVT,80,0,228,38,13.0,80,A
354112000,2026-09-07 22:10:00,20.204934,87.285232,14.0,210.0,210.0,MT VALIANT TRADER,IMO9499300,HPVT,80,0,228,38,13.0,80,A
354112000,2026-09-07 22:15:00,20.188137,87.274803,14.0,210.0,210.0,MT VALIANT TRADER,IMO9499300,HPVT,80,0,228,38,13.0,80,A
354112000,2026-09-07 22:20:00,20.171318,87.264371,14.0,210.0,210.0,MT VALIANT TRADER,IMO9499300,HPVT,80,0,228,38,13.0,80,A
354112000,2026-09-07 22:25:00,20.154564,87.254037,14.0,210.0,210.0,MT VALIANT TRADER,IMO9499300,HPVT,80,0,228,38,13.0,80,A
354112000,2026-09-07 22:30:00,20.137658,87.243743,14.0,210.0,210.0,MT VALIANT TRADER,IMO9499300,HPVT,80,0,228,38,13.0,80,A
354112000,2026-09-07 22:35:00,20.120896,87.233451,14.0,210.0,210.0,MT VALIANT TRADER,IMO9499300,HPVT,80,0,228,38,13.0,80,A
354112000,2026-09-07 22:40:00,20.103934,87.223091,14.0,210.0,210.0,MT VALIANT TRADER,IMO9499300,HPVT,80,0,228,38,13.0,80,A
354112000,2026-09-07 22:45:00,20.087229,87.212787,14.0,210.0,210.0,MT VALIANT TRADER,IMO9499300,HPVT,80,0,228,38,13.0,80,A
354112000,2026-09-07 22:50:00,20.07036,87.202328,14.0,210.0,210.0,MT VALIANT TRADER,IMO9499300,HPVT,80,0,228,38,13.0,80,A
354112000,2026-09-07 22:55:00,20.053405,87.192082,14.0,210.0,210.0,MT VALIANT TRADER,IMO9499300,HPVT,80,0,228,38,13.0,80,A
354112000,2026-09-07 23:00:00,20.036663,87.181642,14.0,210.0,210.0,MT VALIANT TRADER,IMO9499300,HPVT,80,0,228,38,13.0,80,A
354112000,2026-09-07 23:05:00,20.019838,87.171366,14.0,210.0,210.0,MT VALIANT TRADER,IMO9499300,HPVT,80,0,228,38,13.0,80,A
354112000,2026-09-07 23:10:00,20.003053,87.160991,14.0,210.0,210.0,MT VALIANT TRADER,IMO9499300,HPVT,80,0,228,38,13.0,80,A
354112000,2026-09-07 23:15:00,19.986041,87.150575,14.0,210.0,210.0,MT VALIANT TRADER,IMO9499300,HPVT,80,0,228,38,13.0,80,A
354112000,2026-09-07 23:20:00,19.969367,87.140282,14.0,210.0,210.0,MT VALIANT TRADER,IMO9499300,HPVT,80,0,228,38,13.0,80,A
354112000,2026-09-07 23:25:00,19.952527,87.129898,14.0,210.0,210.0,MT VALIANT TRADER,IMO9499300,HPVT,80,0,228,38,13.0,80,A
354112000,2026-09-07 23:30:00,19.935717,87.119569,14.0,210.0,210.0,MT VALIANT TRADER,IMO9499300,HPVT,80,0,228,38,13.0,80,A
354112000,2026-09-07 23:35:00,19.91875,87.109174,14.0,210.0,210.0,MT VALIANT TRADER,IMO9499300,HPVT,80,0,228,38,13.0,80,A
354112000,2026-09-07 23:40:00,19.90195,87.098896,14.0,210.0,210.0,MT VALIANT TRADER,IMO9499300,HPVT,80,0,228,38,13.0,80,A
354112000,2026-09-07 23:45:00,19.885032,87.088476,14.0,210.0,210.0,MT VALIANT TRADER,IMO9499300,HPVT,80,0,228,38,13.0,80,A
354112000,2026-09-07 23:50:00,19.868181,87.078096,14.0,210.0,210.0,MT VALIANT TRADER,IMO9499300,HPVT,80,0,228,38,13.0,80,A
354112000,2026-09-07 23:55:00,19.851447,87.067715,14.0,210.0,210.0,MT VALIANT TRADER,IMO9499300,HPVT,80,0,228,38,13.0,80,A
354112000,2026-09-08 00:00:00,19.834544,87.057411,14.0,210.0,210.0,MT VALIANT TRADER,IMO9499300,HPVT,80,0,228,38,13.0,80,A
354112000,2026-09-08 00:05:00,19.817675,87.046985,14.0,210.0,210.0,MT VALIANT TRADER,IMO9499300,HPVT,80,0,228,38,13.0,80,A
354112000,2026-09-08 00:10:00,19.800838,87.036766,14.0,210.0,210.0,MT VALIANT TRADER,IMO9499300,HPVT,80,0,228,38,13.0,80,A
354112000,2026-09-08 00:15:00,19.784028,87.026389,14.0,210.0,210.0,MT VALIANT TRADER,IMO9499300,HPVT,80,0,228,38,13.0,80,A
354112000,2026-09-08 00:20:00,19.767231,87.016053,14.0,210.0,210.0,MT VALIANT TRADER,IMO9499300,HPVT,80,0,228,38,13.0,80,A
354112000,2026-09-08 00:25:00,19.750362,87.0056,14.0,210.0,210.0,MT VALIANT TRADER,IMO9499300,HPVT,80,0,228,38,13.0,80,A
354112000,2026-09-08 00:30:00,19.733596,86.995328,14.0,210.0,210.0,MT VALIANT TRADER,IMO9499300,HPVT,80,0,228,38,13.0,80,A
354112000,2026-09-08 00:35:00,19.716802,86.984949,14.0,210.0,210.0,MT VALIANT TRADER,IMO9499300,HPVT,80,0,228,38,13.0,80,A
354112000,2026-09-08 00:40:00,19.699837,86.974533,14.0,210.0,210.0,MT VALIANT TRADER,IMO9499300,HPVT,80,0,228,38,13.0,80,A
354112000,2026-09-08 00:45:00,19.683028,86.964117,14.0,210.0,210.0,MT VALIANT TRADER,IMO9499300,HPVT,80,0,228,38,13.0,80,A
354112000,2026-09-08 00:50:00,19.666292,86.953758,14.0,210.0,210.0,MT VALIANT TRADER,IMO9499300,HPVT,80,0,228,38,13.0,80,A
354112000,2026-09-08 00:55:00,19.649355,86.943439,14.0,210.0,210.0,MT VALIANT TRADER,IMO9499300,HPVT,80,0,228,38,13.0,80,A
354112000,2026-09-08 01:00:00,19.632634,86.93321,14.0,210.0,210.0,MT VALIANT TRADER,IMO9499300,HPVT,80,0,228,38,13.0,80,A
354112000,2026-09-08 01:05:00,19.615638,86.922737,14.0,210.0,210.0,MT VALIANT TRADER,IMO9499300,HPVT,80,0,228,38,13.0,80,A
354112000,2026-09-08 01:10:00,19.598994,86.912453,14.0,210.0,210.0,MT VALIANT TRADER,IMO9499300,HPVT,80,0,228,38,13.0,80,A
354112000,2026-09-08 01:15:00,19.582124,86.902052,14.0,210.0,210.0,MT VALIANT TRADER,IMO9499300,HPVT,80,0,228,38,13.0,80,A
354112000,2026-09-08 01:20:00,19.565272,86.891741,14.0,210.0,210.0,MT VALIANT TRADER,IMO9499300,HPVT,80,0,228,38,13.0,80,A
354112000,2026-09-08 01:25:00,19.548475,86.881463,14.0,210.0,210.0,MT VALIANT TRADER,IMO9499300,HPVT,80,0,228,38,13.0,80,A
354112000,2026-09-08 01:30:00,19.531543,86.871069,14.0,210.0,210.0,MT VALIANT TRADER,IMO9499300,HPVT,80,0,228,38,13.0,80,A
354112000,2026-09-08 01:35:00,19.514776,86.860737,14.0,210.0,210.0,MT VALIANT TRADER,IMO9499300,HPVT,80,0,228,38,13.0,80,A
354112000,2026-09-08 01:40:00,19.497824,86.850283,14.0,210.0,210.0,MT VALIANT TRADER,IMO9499300,HPVT,80,0,228,38,13.0,80,A
354112000,2026-09-08 01:45:00,19.481114,86.839981,14.0,210.0,210.0,MT VALIANT TRADER,IMO9499300,HPVT,80,0,228,38,13.0,80,A
354112000,2026-09-08 01:50:00,19.464231,86.829675,14.0,210.0,210.0,MT VALIANT TRADER,IMO9499300,HPVT,80,0,228,38,13.0,80,A
354112000,2026-09-08 01:55:00,19.447405,86.81922,14.0,210.0,210.0,MT VALIANT TRADER,IMO9499300,HPVT,80,0,228,38,13.0,80,A
354112000,2026-09-08 02:00:00,19.430477,86.808993,14.0,210.0,210.0,MT VALIANT TRADER,IMO9499300,HPVT,80,0,228,38,13.0,80,A
354112000,2026-09-08 02:05:00,19.413763,86.798526,14.0,210.0,210.0,MT VALIANT TRADER,IMO9499300,HPVT,80,0,228,38,13.0,80,A
354112000,2026-09-08 02:10:00,19.396911,86.78817,14.0,210.0,210.0,MT VALIANT TRADER,IMO9499300,HPVT,80,0,228,38,13.0,80,A
354112000,2026-09-08 02:15:00,19.380008,86.777771,14.0,210.0,210.0,MT VALIANT TRADER,IMO9499300,HPVT,80,0,228,38,13.0,80,A
354112000,2026-09-08 02:20:00,19.363121,86.767469,14.0,210.0,210.0,MT VALIANT TRADER,IMO9499300,HPVT,80,0,228,38,13.0,80,A
354112000,2026-09-08 02:25:00,19.346255,86.75719,14.0,210.0,210.0,MT VALIANT TRADER,IMO9499300,HPVT,80,0,228,38,13.0,80,A
354112000,2026-09-08 02:30:00,19.329452,86.746729,14.0,210.0,210.0,MT VALIANT TRADER,IMO9499300,HPVT,80,0,228,38,13.0,80,A
354112000,2026-09-08 02:35:00,19.312699,86.736433,14.0,210.0,210.0,MT VALIANT TRADER,IMO9499300,HPVT,80,0,228,38,13.0,80,A
354112000,2026-09-08 02:40:00,19.295745,86.726033,14.0,210.0,210.0,MT VALIANT TRADER,IMO9499300,HPVT,80,0,228,38,13.0,80,A
354112000,2026-09-08 02:45:00,19.279045,86.715787,14.0,210.0,210.0,MT VALIANT TRADER,IMO9499300,HPVT,80,0,228,38,13.0,80,A
354112000,2026-09-08 02:50:00,19.262225,86.705407,14.0,210.0,210.0,MT VALIANT TRADER,IMO9499300,HPVT,80,0,228,38,13.0,80,A
354112000,2026-09-08 02:55:00,19.2453,86.69496,14.0,210.0,210.0,MT VALIANT TRADER,IMO9499300,HPVT,80,0,228,38,13.0,80,A
354112000,2026-09-08 03:00:00,19.228541,86.68468,14.0,210.0,210.0,MT VALIANT TRADER,IMO9499300,HPVT,80,0,228,38,13.0,80,A
354112000,2026-09-08 03:05:00,19.211599,86.674363,14.0,210.0,210.0,MT VALIANT TRADER,IMO9499300,HPVT,80,0,228,38,13.0,80,A
354112000,2026-09-08 03:10:00,19.194762,86.663868,14.0,210.0,210.0,MT VALIANT TRADER,IMO9499300,HPVT,80,0,228,38,13.0,80,A
354112000,2026-09-08 03:15:00,19.177902,86.653601,14.0,210.0,210.0,MT VALIANT TRADER,IMO9499300,HPVT,80,0,228,38,13.0,80,A
354112000,2026-09-08 03:20:00,19.16112,86.643184,14.0,210.0,210.0,MT VALIANT TRADER,IMO9499300,HPVT,80,0,228,38,13.0,80,A
354112000,2026-09-08 03:25:00,19.144292,86.632893,14.0,210.0,210.0,MT VALIANT TRADER,IMO9499300,HPVT,80,0,228,38,13.0,80,A
419000678,2026-09-07 17:30:00,14.186933,80.293948,11.2,195.0,195.0,MT BHARAT GAURAV,IMO9355400,ATBG,80,0,240,42,14.0,80,A
419000678,2026-09-07 17:35:00,14.172048,80.2898,11.2,195.0,195.0,MT BHARAT GAURAV,IMO9355400,ATBG,80,0,240,42,14.0,80,A
419000678,2026-09-07 17:40:00,14.15689,80.285601,11.2,195.0,195.0,MT BHARAT GAURAV,IMO9355400,ATBG,80,0,240,42,14.0,80,A
419000678,2026-09-07 17:45:00,14.141944,80.281395,11.2,195.0,195.0,MT BHARAT GAURAV,IMO9355400,ATBG,80,0,240,42,14.0,80,A
419000678,2026-09-07 17:50:00,14.126959,80.277295,11.2,195.0,195.0,MT BHARAT GAURAV,IMO9355400,ATBG,80,0,240,42,14.0,80,A
419000678,2026-09-07 17:55:00,14.111952,80.273192,11.2,195.0,195.0,MT BHARAT GAURAV,IMO9355400,ATBG,80,0,240,42,14.0,80,A
419000678,2026-09-07 18:00:00,14.096947,80.269021,11.2,195.0,195.0,MT BHARAT GAURAV,IMO9355400,ATBG,80,0,240,42,14.0,80,A
419000678,2026-09-07 18:05:00,14.081755,80.264914,11.2,195.0,195.0,MT BHARAT GAURAV,IMO9355400,ATBG,80,0,240,42,14.0,80,A
419000678,2026-09-07 18:10:00,14.066786,80.260818,11.2,195.0,195.0,MT BHARAT GAURAV,IMO9355400,ATBG,80,0,240,42,14.0,80,A
419000678,2026-09-07 18:15:00,14.051883,80.256731,11.2,195.0,195.0,MT BHARAT GAURAV,IMO9355400,ATBG,80,0,240,42,14.0,80,A
419000678,2026-09-07 18:20:00,14.036758,80.252619,11.2,195.0,195.0,MT BHARAT GAURAV,IMO9355400,ATBG,80,0,240,42,14.0,80,A
419000678,2026-09-07 18:25:00,14.021769,80.248483,11.2,195.0,195.0,MT BHARAT GAURAV,IMO9355400,ATBG,80,0,240,42,14.0,80,A
419000678,2026-09-07 18:30:00,14.00675,80.244202,11.2,195.0,195.0,MT BHARAT GAURAV,IMO9355400,ATBG,80,0,240,42,14.0,80,A
419000678,2026-09-07 18:35:00,13.991795,80.240079,11.2,195.0,195.0,MT BHARAT GAURAV,IMO9355400,ATBG,80,0,240,42,14.0,80,A
419000678,2026-09-07 18:40:00,13.976677,80.235949,11.2,195.0,195.0,MT BHARAT GAURAV,IMO9355400,ATBG,80,0,240,42,14.0,80,A
419000678,2026-09-07 18:45:00,13.96172,80.231914,11.2,195.0,195.0,MT BHARAT GAURAV,IMO9355400,ATBG,80,0,240,42,14.0,80,A
419000678,2026-09-07 18:50:00,13.946633,80.227639,11.2,195.0,195.0,MT BHARAT GAURAV,IMO9355400,ATBG,80,0,240,42,14.0,80,A
419000678,2026-09-07 18:55:00,13.931609,80.223581,11.2,195.0,195.0,MT BHARAT GAURAV,IMO9355400,ATBG,80,0,240,42,14.0,80,A
419000678,2026-09-07 19:00:00,13.916533,80.219354,11.2,195.0,195.0,MT BHARAT GAURAV,IMO9355400,ATBG,80,0,240,42,14.0,80,A
419000678,2026-09-07 19:05:00,13.901646,80.215209,11.2,195.0,195.0,MT BHARAT GAURAV,IMO9355400,ATBG,80,0,240,42,14.0,80,A
419000678,2026-09-07 19:10:00,13.886505,80.211161,11.2,195.0,195.0,MT BHARAT GAURAV,IMO9355400,ATBG,80,0,240,42,14.0,80,A
419000678,2026-09-07 19:15:00,13.87155,80.207044,11.2,195.0,195.0,MT BHARAT GAURAV,IMO9355400,ATBG,80,0,240,42,14.0,80,A
419000678,2026-09-07 19:20:00,13.856576,80.202914,11.2,195.0,195.0,MT BHARAT GAURAV,IMO9355400,ATBG,80,0,240,42,14.0,80,A
419000678,2026-09-07 19:25:00,13.841533,80.198704,11.2,195.0,195.0,MT BHARAT GAURAV,IMO9355400,ATBG,80,0,240,42,14.0,80,A
419000678,2026-09-07 19:30:00,13.826389,80.194573,11.2,195.0,195.0,MT BHARAT GAURAV,IMO9355400,ATBG,80,0,240,42,14.0,80,A
419000678,2026-09-07 19:35:00,13.811438,80.19053,11.2,195.0,195.0,MT BHARAT GAURAV,IMO9355400,ATBG,80,0,240,42,14.0,80,A
419000678,2026-09-07 19:40:00,13.796427,80.186417,11.2,195.0,195.0,MT BHARAT GAURAV,IMO9355400,ATBG,80,0,240,42,14.0,80,A
419000678,2026-09-07 19:45:00,13.781464,80.182278,11.2,195.0,195.0,MT BHARAT GAURAV,IMO9355400,ATBG,80,0,240,42,14.0,80,A
419000678,2026-09-07 19:50:00,13.766304,80.178044,11.2,195.0,195.0,MT BHARAT GAURAV,IMO9355400,ATBG,80,0,240,42,14.0,80,A
419000678,2026-09-07 19:55:00,13.751342,80.17397,11.2,195.0,195.0,MT BHARAT GAURAV,IMO9355400,ATBG,80,0,240,42,14.0,80,A
419000678,2026-09-07 20:00:00,13.736336,80.169812,11.2,195.0,195.0,MT BHARAT GAURAV,IMO9355400,ATBG,80,0,240,42,14.0,80,A
419000678,2026-09-07 20:05:00,13.721221,80.165613,11.2,195.0,195.0,MT BHARAT GAURAV,IMO9355400,ATBG,80,0,240,42,14.0,80,A
419000678,2026-09-07 20:10:00,13.706266,80.161522,11.2,195.0,195.0,MT BHARAT GAURAV,IMO9355400,ATBG,80,0,240,42,14.0,80,A
419000678,2026-09-07 20:15:00,13.691241,80.157337,11.2,195.0,195.0,MT BHARAT GAURAV,IMO9355400,ATBG,80,0,240,42,14.0,80,A
419000678,2026-09-07 20:20:00,13.676316,80.153207,11.2,195.0,195.0,MT BHARAT GAURAV,IMO9355400,ATBG,80,0,240,42,14.0,80,A
419000678,2026-09-07 20:25:00,13.661099,80.149077,11.2,195.0,195.0,MT BHARAT GAURAV,IMO9355400,ATBG,80,0,240,42,14.0,80,A
419000678,2026-09-07 20:30:00,13.646164,80.144987,11.2,195.0,195.0,MT BHARAT GAURAV,IMO9355400,ATBG,80,0,240,42,14.0,80,A
419000678,2026-09-07 20:35:00,13.631125,80.140876,11.2,195.0,195.0,MT BHARAT GAURAV,IMO9355400,ATBG,80,0,240,42,14.0,80,A
419000678,2026-09-07 20:40:00,13.616202,80.136733,11.2,195.0,195.0,MT BHARAT GAURAV,IMO9355400,ATBG,80,0,240,42,14.0,80,A
419000678,2026-09-07 20:45:00,13.601095,80.132555,11.2,195.0,195.0,MT BHARAT GAURAV,IMO9355400,ATBG,80,0,240,42,14.0,80,A
419000678,2026-09-07 20:50:00,13.585983,80.128454,11.2,195.0,195.0,MT BHARAT GAURAV,IMO9355400,ATBG,80,0,240,42,14.0,80,A
419000678,2026-09-07 20:55:00,13.571019,80.124394,11.2,195.0,195.0,MT BHARAT GAURAV,IMO9355400,ATBG,80,0,240,42,14.0,80,A
419000678,2026-09-07 21:00:00,13.5561,80.120095,11.2,195.0,195.0,MT BHARAT GAURAV,IMO9355400,ATBG,80,0,240,42,14.0,80,A
419000678,2026-09-07 21:05:00,13.540921,80.116122,11.2,195.0,195.0,MT BHARAT GAURAV,IMO9355400,ATBG,80,0,240,42,14.0,80,A
419000678,2026-09-07 21:10:00,13.526047,80.111816,11.2,195.0,195.0,MT BHARAT GAURAV,IMO9355400,ATBG,80,0,240,42,14.0,80,A
419000678,2026-09-07 21:15:00,13.510935,80.107843,11.2,195.0,195.0,MT BHARAT GAURAV,IMO9355400,ATBG,80,0,240,42,14.0,80,A
419000678,2026-09-07 21:20:00,13.49589,80.103677,11.2,195.0,195.0,MT BHARAT GAURAV,IMO9355400,ATBG,80,0,240,42,14.0,80,A
419000678,2026-09-07 21:25:00,13.480846,80.099427,11.2,195.0,195.0,MT BHARAT GAURAV,IMO9355400,ATBG,80,0,240,42,14.0,80,A
419000678,2026-09-07 21:30:00,13.465927,80.095383,11.2,195.0,195.0,MT BHARAT GAURAV,IMO9355400,ATBG,80,0,240,42,14.0,80,A
419000678,2026-09-07 21:35:00,13.450931,80.09114,11.2,195.0,195.0,MT BHARAT GAURAV,IMO9355400,ATBG,80,0,240,42,14.0,80,A
419000678,2026-09-07 21:40:00,13.435837,80.087019,11.2,195.0,195.0,MT BHARAT GAURAV,IMO9355400,ATBG,80,0,240,42,14.0,80,A
419000678,2026-09-07 21:45:00,13.420888,80.082887,11.2,195.0,195.0,MT BHARAT GAURAV,IMO9355400,ATBG,80,0,240,42,14.0,80,A
419000678,2026-09-07 21:50:00,13.40572,80.078834,11.2,195.0,195.0,MT BHARAT GAURAV,IMO9355400,ATBG,80,0,240,42,14.0,80,A
419000678,2026-09-07 21:55:00,13.390701,80.074751,11.2,195.0,195.0,MT BHARAT GAURAV,IMO9355400,ATBG,80,0,240,42,14.0,80,A
419000678,2026-09-07 22:00:00,13.375706,80.070471,11.2,195.0,195.0,MT BHARAT GAURAV,IMO9355400,ATBG,80,0,240,42,14.0,80,A
419000678,2026-09-07 22:05:00,13.360795,80.066459,11.2,195.0,195.0,MT BHARAT GAURAV,IMO9355400,ATBG,80,0,240,42,14.0,80,A
419000678,2026-09-07 22:10:00,13.345744,80.06219,11.2,195.0,195.0,MT BHARAT GAURAV,IMO9355400,ATBG,80,0,240,42,14.0,80,A
419000678,2026-09-07 22:15:00,13.330749,80.058115,11.2,195.0,195.0,MT BHARAT GAURAV,IMO9355400,ATBG,80,0,240,42,14.0,80,A
419000678,2026-09-07 22:20:00,13.315698,80.053954,11.2,195.0,195.0,MT BHARAT GAURAV,IMO9355400,ATBG,80,0,240,42,14.0,80,A
419000678,2026-09-07 22:25:00,13.300582,80.049844,11.2,195.0,195.0,MT BHARAT GAURAV,IMO9355400,ATBG,80,0,240,42,14.0,80,A
419000678,2026-09-07 22:30:00,13.285552,80.045719,11.2,195.0,195.0,MT BHARAT GAURAV,IMO9355400,ATBG,80,0,240,42,14.0,80,A
419000678,2026-09-07 22:35:00,13.270555,80.041629,11.2,195.0,195.0,MT BHARAT GAURAV,IMO9355400,ATBG,80,0,240,42,14.0,80,A
419000678,2026-09-07 22:40:00,13.255628,80.037521,11.2,195.0,195.0,MT BHARAT GAURAV,IMO9355400,ATBG,80,0,240,42,14.0,80,A
419000678,2026-09-07 22:45:00,13.240561,80.033306,11.2,195.0,195.0,MT BHARAT GAURAV,IMO9355400,ATBG,80,0,240,42,14.0,80,A
419000678,2026-09-07 22:50:00,13.225596,80.029185,11.2,195.0,195.0,MT BHARAT GAURAV,IMO9355400,ATBG,80,0,240,42,14.0,80,A
419000678,2026-09-07 22:55:00,13.210474,80.025079,11.2,195.0,195.0,MT BHARAT GAURAV,IMO9355400,ATBG,80,0,240,42,14.0,80,A
419000678,2026-09-07 23:00:00,13.195428,80.020829,11.2,195.0,195.0,MT BHARAT GAURAV,IMO9355400,ATBG,80,0,240,42,14.0,80,A
419000678,2026-09-07 23:05:00,13.180509,80.016806,11.2,195.0,195.0,MT BHARAT GAURAV,IMO9355400,ATBG,80,0,240,42,14.0,80,A
419000678,2026-09-07 23:10:00,13.165392,80.012646,11.2,195.0,195.0,MT BHARAT GAURAV,IMO9355400,ATBG,80,0,240,42,14.0,80,A
419000678,2026-09-07 23:15:00,13.150418,80.008487,11.2,195.0,195.0,MT BHARAT GAURAV,IMO9355400,ATBG,80,0,240,42,14.0,80,A
419000678,2026-09-07 23:20:00,13.135478,80.004388,11.2,195.0,195.0,MT BHARAT GAURAV,IMO9355400,ATBG,80,0,240,42,14.0,80,A
419000678,2026-09-07 23:25:00,13.12032,80.000172,11.2,195.0,195.0,MT BHARAT GAURAV,IMO9355400,ATBG,80,0,240,42,14.0,80,A
419000678,2026-09-07 23:30:00,13.105383,79.99607,11.2,195.0,195.0,MT BHARAT GAURAV,IMO9355400,ATBG,80,0,240,42,14.0,80,A
419000678,2026-09-07 23:35:00,13.090423,79.992039,11.2,195.0,195.0,MT BHARAT GAURAV,IMO9355400,ATBG,80,0,240,42,14.0,80,A
419000678,2026-09-07 23:40:00,13.075269,79.987906,11.2,195.0,195.0,MT BHARAT GAURAV,IMO9355400,ATBG,80,0,240,42,14.0,80,A
419000678,2026-09-07 23:45:00,13.060287,79.983657,11.2,195.0,195.0,MT BHARAT GAURAV,IMO9355400,ATBG,80,0,240,42,14.0,80,A
419000678,2026-09-07 23:50:00,13.045239,79.979575,11.2,195.0,195.0,MT BHARAT GAURAV,IMO9355400,ATBG,80,0,240,42,14.0,80,A
419000678,2026-09-07 23:55:00,13.030157,79.975322,11.2,195.0,195.0,MT BHARAT GAURAV,IMO9355400,ATBG,80,0,240,42,14.0,80,A
419000678,2026-09-08 00:00:00,13.015184,79.97135,11.2,195.0,195.0,MT BHARAT GAURAV,IMO9355400,ATBG,80,0,240,42,14.0,80,A
419000678,2026-09-08 00:05:00,13.000125,79.967143,11.2,195.0,195.0,MT BHARAT GAURAV,IMO9355400,ATBG,80,0,240,42,14.0,80,A
419000678,2026-09-08 00:10:00,12.985212,79.963023,11.2,195.0,195.0,MT BHARAT GAURAV,IMO9355400,ATBG,80,0,240,42,14.0,80,A
419000678,2026-09-08 00:15:00,12.970127,79.958945,11.2,195.0,195.0,MT BHARAT GAURAV,IMO9355400,ATBG,80,0,240,42,14.0,80,A
419000678,2026-09-08 00:20:00,12.955171,79.95468,11.2,195.0,195.0,MT BHARAT GAURAV,IMO9355400,ATBG,80,0,240,42,14.0,80,A
419000678,2026-09-08 00:25:00,12.940123,79.950681,11.2,195.0,195.0,MT BHARAT GAURAV,IMO9355400,ATBG,80,0,240,42,14.0,80,A
419000678,2026-09-08 00:30:00,12.925076,79.946554,11.2,195.0,195.0,MT BHARAT GAURAV,IMO9355400,ATBG,80,0,240,42,14.0,80,A
419000678,2026-09-08 00:35:00,12.91008,79.942236,11.2,195.0,195.0,MT BHARAT GAURAV,IMO9355400,ATBG,80,0,240,42,14.0,80,A
419000678,2026-09-08 00:40:00,12.894981,79.938102,11.2,195.0,195.0,MT BHARAT GAURAV,IMO9355400,ATBG,80,0,240,42,14.0,80,A
419000678,2026-09-08 00:45:00,12.879985,79.934093,11.2,195.0,195.0,MT BHARAT GAURAV,IMO9355400,ATBG,80,0,240,42,14.0,80,A
419000678,2026-09-08 00:50:00,12.864976,79.929892,11.2,195.0,195.0,MT BHARAT GAURAV,IMO9355400,ATBG,80,0,240,42,14.0,80,A
419000678,2026-09-08 00:55:00,12.849866,79.925834,11.2,195.0,195.0,MT BHARAT GAURAV,IMO9355400,ATBG,80,0,240,42,14.0,80,A
419000678,2026-09-08 01:00:00,12.834902,79.921681,11.2,195.0,195.0,MT BHARAT GAURAV,IMO9355400,ATBG,80,0,240,42,14.0,80,A
419000678,2026-09-08 01:05:00,12.819845,79.917552,11.2,195.0,195.0,MT BHARAT GAURAV,IMO9355400,ATBG,80,0,240,42,14.0,80,A
419000678,2026-09-08 01:10:00,12.804928,79.913292,11.2,195.0,195.0,MT BHARAT GAURAV,IMO9355400,ATBG,80,0,240,42,14.0,80,A
419000678,2026-09-08 01:15:00,12.789931,79.909252,11.2,195.0,195.0,MT BHARAT GAURAV,IMO9355400,ATBG,80,0,240,42,14.0,80,A
419000678,2026-09-08 01:20:00,12.774764,79.905014,11.2,195.0,195.0,MT BHARAT GAURAV,IMO9355400,ATBG,80,0,240,42,14.0,80,A
419000678,2026-09-08 01:25:00,12.759874,79.901019,11.2,195.0,195.0,MT BHARAT GAURAV,IMO9355400,ATBG,80,0,240,42,14.0,80,A
419000678,2026-09-08 01:30:00,12.74473,79.896761,11.2,195.0,195.0,MT BHARAT GAURAV,IMO9355400,ATBG,80,0,240,42,14.0,80,A
419000678,2026-09-08 01:35:00,12.729807,79.892601,11.2,195.0,195.0,MT BHARAT GAURAV,IMO9355400,ATBG,80,0,240,42,14.0,80,A
419000678,2026-09-08 01:40:00,12.714769,79.888593,11.2,195.0,195.0,MT BHARAT GAURAV,IMO9355400,ATBG,80,0,240,42,14.0,80,A
419000678,2026-09-08 01:45:00,12.69975,79.884436,11.2,195.0,195.0,MT BHARAT GAURAV,IMO9355400,ATBG,80,0,240,42,14.0,80,A
419000678,2026-09-08 01:50:00,12.684618,79.880336,11.2,195.0,195.0,MT BHARAT GAURAV,IMO9355400,ATBG,80,0,240,42,14.0,80,A
419000678,2026-09-08 01:55:00,12.669602,79.876077,11.2,195.0,195.0,MT BHARAT GAURAV,IMO9355400,ATBG,80,0,240,42,14.0,80,A
419000678,2026-09-08 02:00:00,12.654615,79.872103,11.2,195.0,195.0,MT BHARAT GAURAV,IMO9355400,ATBG,80,0,240,42,14.0,80,A
419000678,2026-09-08 02:05:00,12.639641,79.867962,11.2,195.0,195.0,MT BHARAT GAURAV,IMO9355400,ATBG,80,0,240,42,14.0,80,A
419000678,2026-09-08 02:10:00,12.624682,79.863676,11.2,195.0,195.0,MT BHARAT GAURAV,IMO9355400,ATBG,80,0,240,42,14.0,80,A
419000678,2026-09-08 02:15:00,12.609559,79.859625,11.2,195.0,195.0,MT BHARAT GAURAV,IMO9355400,ATBG,80,0,240,42,14.0,80,A
419000678,2026-09-08 02:20:00,12.594485,79.855481,11.2,195.0,195.0,MT BHARAT GAURAV,IMO9355400,ATBG,80,0,240,42,14.0,80,A
419000678,2026-09-08 02:25:00,12.579651,79.851348,11.2,195.0,195.0,MT BHARAT GAURAV,IMO9355400,ATBG,80,0,240,42,14.0,80,A
419000678,2026-09-08 02:30:00,12.564596,79.847269,11.2,195.0,195.0,MT BHARAT GAURAV,IMO9355400,ATBG,80,0,240,42,14.0,80,A
419000678,2026-09-08 02:35:00,12.549513,79.843033,11.2,195.0,195.0,MT BHARAT GAURAV,IMO9355400,ATBG,80,0,240,42,14.0,80,A
419000678,2026-09-08 02:40:00,12.534452,79.838925,11.2,195.0,195.0,MT BHARAT GAURAV,IMO9355400,ATBG,80,0,240,42,14.0,80,A
419000678,2026-09-08 02:45:00,12.519446,79.834739,11.2,195.0,195.0,MT BHARAT GAURAV,IMO9355400,ATBG,80,0,240,42,14.0,80,A
419000678,2026-09-08 02:50:00,12.504524,79.830612,11.2,195.0,195.0,MT BHARAT GAURAV,IMO9355400,ATBG,80,0,240,42,14.0,80,A
419000678,2026-09-08 02:55:00,12.489445,79.826599,11.2,195.0,195.0,MT BHARAT GAURAV,IMO9355400,ATBG,80,0,240,42,14.0,80,A
419000678,2026-09-08 03:00:00,12.474491,79.822453,11.2,195.0,195.0,MT BHARAT GAURAV,IMO9355400,ATBG,80,0,240,42,14.0,80,A
419000678,2026-09-08 03:05:00,12.45932,79.818208,11.2,195.0,195.0,MT BHARAT GAURAV,IMO9355400,ATBG,80,0,240,42,14.0,80,A
419000678,2026-09-08 03:10:00,12.444311,79.814137,11.2,195.0,195.0,MT BHARAT GAURAV,IMO9355400,ATBG,80,0,240,42,14.0,80,A
419000678,2026-09-08 03:15:00,12.429386,79.810034,11.2,195.0,195.0,MT BHARAT GAURAV,IMO9355400,ATBG,80,0,240,42,14.0,80,A
419000678,2026-09-08 03:20:00,12.414376,79.805787,11.2,195.0,195.0,MT BHARAT GAURAV,IMO9355400,ATBG,80,0,240,42,14.0,80,A
419000678,2026-09-08 03:25:00,12.399316,79.801661,11.2,195.0,195.0,MT BHARAT GAURAV,IMO9355400,ATBG,80,0,240,42,14.0,80,A
466002000,2026-09-07 17:30:00,18.851206,84.364507,15.0,225.0,225.0,MT AL SHAHANIYA,IMO9360800,A7AS,84,0,315,50,18.5,84,A
466002000,2026-09-07 17:35:00,18.836451,84.349128,15.0,225.0,225.0,MT AL SHAHANIYA,IMO9360800,A7AS,84,0,315,50,18.5,84,A
466002000,2026-09-07 17:40:00,18.821644,84.333546,15.0,225.0,225.0,MT AL SHAHANIYA,IMO9360800,A7AS,84,0,315,50,18.5,84,A
466002000,2026-09-07 17:45:00,18.807041,84.318115,15.0,225.0,225.0,MT AL SHAHANIYA,IMO9360800,A7AS,84,0,315,50,18.5,84,A
466002000,2026-09-07 17:50:00,18.792262,84.302498,15.0,225.0,225.0,MT AL SHAHANIYA,IMO9360800,A7AS,84,0,315,50,18.5,84,A
466002000,2026-09-07 17:55:00,18.777515,84.287145,15.0,225.0,225.0,MT AL SHAHANIYA,IMO9360800,A7AS,84,0,315,50,18.5,84,A
466002000,2026-09-07 18:00:00,18.762911,84.271615,15.0,225.0,225.0,MT AL SHAHANIYA,IMO9360800,A7AS,84,0,315,50,18.5,84,A
466002000,2026-09-07 18:05:00,18.74804,84.256063,15.0,225.0,225.0,MT AL SHAHANIYA,IMO9360800,A7AS,84,0,315,50,18.5,84,A
466002000,2026-09-07 18:10:00,18.733413,84.240563,15.0,225.0,225.0,MT AL SHAHANIYA,IMO9360800,A7AS,84,0,315,50,18.5,84,A
466002000,2026-09-07 18:15:00,18.718706,84.225242,15.0,225.0,225.0,MT AL SHAHANIYA,IMO9360800,A7AS,84,0,315,50,18.5,84,A
466002000,2026-09-07 18:20:00,18.703888,84.209753,15.0,225.0,225.0,MT AL SHAHANIYA,IMO9360800,A7AS,84,0,315,50,18.5,84,A
466002000,2026-09-07 18:25:00,18.68919,84.194278,15.0,225.0,225.0,MT AL SHAHANIYA,IMO9360800,A7AS,84,0,315,50,18.5,84,A
466002000,2026-09-07 18:30:00,18.6744,84.178726,15.0,225.0,225.0,MT AL SHAHANIYA,IMO9360800,A7AS,84,0,315,50,18.5,84,A
466002000,2026-09-07 18:35:00,18.6598,84.163177,15.0,225.0,225.0,MT AL SHAHANIYA,IMO9360800,A7AS,84,0,315,50,18.5,84,A
466002000,2026-09-07 18:40:00,18.644966,84.147796,15.0,225.0,225.0,MT AL SHAHANIYA,IMO9360800,A7AS,84,0,315,50,18.5,84,A
466002000,2026-09-07 18:45:00,18.630187,84.132294,15.0,225.0,225.0,MT AL SHAHANIYA,IMO9360800,A7AS,84,0,315,50,18.5,84,A
466002000,2026-09-07 18:50:00,18.615475,84.116742,15.0,225.0,225.0,MT AL SHAHANIYA,IMO9360800,A7AS,84,0,315,50,18.5,84,A
466002000,2026-09-07 18:55:00,18.600839,84.101388,15.0,225.0,225.0,MT AL SHAHANIYA,IMO9360800,A7AS,84,0,315,50,18.5,84,A
466002000,2026-09-07 19:00:00,18.586141,84.0859,15.0,225.0,225.0,MT AL SHAHANIYA,IMO9360800,A7AS,84,0,315,50,18.5,84,A
466002000,2026-09-07 19:05:00,18.57139,84.070233,15.0,225.0,225.0,MT AL SHAHANIYA,IMO9360800,A7AS,84,0,315,50,18.5,84,A
466002000,2026-09-07 19:10:00,18.556661,84.054795,15.0,225.0,225.0,MT AL SHAHANIYA,IMO9360800,A7AS,84,0,315,50,18.5,84,A
466002000,2026-09-07 19:15:00,18.541905,84.039421,15.0,225.0,225.0,MT AL SHAHANIYA,IMO9360800,A7AS,84,0,315,50,18.5,84,A
466002000,2026-09-07 19:20:00,18.527138,84.023785,15.0,225.0,225.0,MT AL SHAHANIYA,IMO9360800,A7AS,84,0,315,50,18.5,84,A
466002000,2026-09-07 19:25:00,18.51233,84.008357,15.0,225.0,225.0,MT AL SHAHANIYA,IMO9360800,A7AS,84,0,315,50,18.5,84,A
466002000,2026-09-07 19:30:00,18.497639,83.992901,15.0,225.0,225.0,MT AL SHAHANIYA,IMO9360800,A7AS,84,0,315,50,18.5,84,A
466002000,2026-09-07 19:35:00,18.483016,83.977415,15.0,225.0,225.0,MT AL SHAHANIYA,IMO9360800,A7AS,84,0,315,50,18.5,84,A
466002000,2026-09-07 19:40:00,18.46823,83.961941,15.0,225.0,225.0,MT AL SHAHANIYA,IMO9360800,A7AS,84,0,315,50,18.5,84,A
466002000,2026-09-07 19:45:00,18.45344,83.946449,15.0,225.0,225.0,MT AL SHAHANIYA,IMO9360800,A7AS,84,0,315,50,18.5,84,A
466002000,2026-09-07 19:50:00,18.438717,83.930972,15.0,225.0,225.0,MT AL SHAHANIYA,IMO9360800,A7AS,84,0,315,50,18.5,84,A
466002000,2026-09-07 19:55:00,18.424133,83.915497,15.0,225.0,225.0,MT AL SHAHANIYA,IMO9360800,A7AS,84,0,315,50,18.5,84,A
466002000,2026-09-07 20:00:00,18.409422,83.899902,15.0,225.0,225.0,MT AL SHAHANIYA,IMO9360800,A7AS,84,0,315,50,18.5,84,A
466002000,2026-09-07 20:05:00,18.394499,83.884491,15.0,225.0,225.0,MT AL SHAHANIYA,IMO9360800,A7AS,84,0,315,50,18.5,84,A
466002000,2026-09-07 20:10:00,18.379825,83.869058,15.0,225.0,225.0,MT AL SHAHANIYA,IMO9360800,A7AS,84,0,315,50,18.5,84,A
466002000,2026-09-07 20:15:00,18.365102,83.853634,15.0,225.0,225.0,MT AL SHAHANIYA,IMO9360800,A7AS,84,0,315,50,18.5,84,A
466002000,2026-09-07 20:20:00,18.350423,83.838149,15.0,225.0,225.0,MT AL SHAHANIYA,IMO9360800,A7AS,84,0,315,50,18.5,84,A
466002000,2026-09-07 20:25:00,18.335683,83.822565,15.0,225.0,225.0,MT AL SHAHANIYA,IMO9360800,A7AS,84,0,315,50,18.5,84,A
466002000,2026-09-07 20:30:00,18.320899,83.807165,15.0,225.0,225.0,MT AL SHAHANIYA,IMO9360800,A7AS,84,0,315,50,18.5,84,A
466002000,2026-09-07 20:35:00,18.306253,83.791663,15.0,225.0,225.0,MT AL SHAHANIYA,IMO9360800,A7AS,84,0,315,50,18.5,84,A
466002000,2026-09-07 20:40:00,18.291557,83.776075,15.0,225.0,225.0,MT AL SHAHANIYA,IMO9360800,A7AS,84,0,315,50,18.5,84,A
466002000,2026-09-07 20:45:00,18.27672,83.760692,15.0,225.0,225.0,MT AL SHAHANIYA,IMO9360800,A7AS,84,0,315,50,18.5,84,A
466002000,2026-09-07 20:50:00,18.261954,83.745247,15.0,225.0,225.0,MT AL SHAHANIYA,IMO9360800,A7AS,84,0,315,50,18.5,84,A
466002000,2026-09-07 20:55:00,18.247316,83.72966,15.0,225.0,225.0,MT AL SHAHANIYA,IMO9360800,A7AS,84,0,315,50,18.5,84,A
466002000,2026-09-07 21:00:00,18.232499,83.714102,15.0,225.0,225.0,MT AL SHAHANIYA,IMO9360800,A7AS,84,0,315,50,18.5,84,A
466002000,2026-09-07 21:05:00,18.217755,83.698711,15.0,225.0,225.0,MT AL SHAHANIYA,IMO9360800,A7AS,84,0,315,50,18.5,84,A
466002000,2026-09-07 21:10:00,18.203179,83.683164,15.0,225.0,225.0,MT AL SHAHANIYA,IMO9360800,A7AS,84,0,315,50,18.5,84,A
466002000,2026-09-07 21:15:00,18.188444,83.667721,15.0,225.0,225.0,MT AL SHAHANIYA,IMO9360800,A7AS,84,0,315,50,18.5,84,A
466002000,2026-09-07 21:20:00,18.173635,83.652264,15.0,225.0,225.0,MT AL SHAHANIYA,IMO9360800,A7AS,84,0,315,50,18.5,84,A
466002000,2026-09-07 21:25:00,18.15891,83.636862,15.0,225.0,225.0,MT AL SHAHANIYA,IMO9360800,A7AS,84,0,315,50,18.5,84,A
466002000,2026-09-07 21:30:00,18.144206,83.621206,15.0,225.0,225.0,MT AL SHAHANIYA,IMO9360800,A7AS,84,0,315,50,18.5,84,A
466002000,2026-09-07 21:35:00,18.129522,83.605847,15.0,225.0,225.0,MT AL SHAHANIYA,IMO9360800,A7AS,84,0,315,50,18.5,84,A
466002000,2026-09-07 21:40:00,18.114678,83.590408,15.0,225.0,225.0,MT AL SHAHANIYA,IMO9360800,A7AS,84,0,315,50,18.5,84,A
466002000,2026-09-07 21:45:00,18.100083,83.574791,15.0,225.0,225.0,MT AL SHAHANIYA,IMO9360800,A7AS,84,0,315,50,18.5,84,A
466002000,2026-09-07 21:50:00,18.085288,83.559307,15.0,225.0,225.0,MT AL SHAHANIYA,IMO9360800,A7AS,84,0,315,50,18.5,84,A
466002000,2026-09-07 21:55:00,18.070471,83.543923,15.0,225.0,225.0,MT AL SHAHANIYA,IMO9360800,A7AS,84,0,315,50,18.5,84,A
466002000,2026-09-07 22:00:00,18.055915,83.528408,15.0,225.0,225.0,MT AL SHAHANIYA,IMO9360800,A7AS,84,0,315,50,18.5,84,A
466002000,2026-09-07 22:05:00,18.041185,83.512926,15.0,225.0,225.0,MT AL SHAHANIYA,IMO9360800,A7AS,84,0,315,50,18.5,84,A
466002000,2026-09-07 22:10:00,18.026404,83.49743,15.0,225.0,225.0,MT AL SHAHANIYA,IMO9360800,A7AS,84,0,315,50,18.5,84,A
466002000,2026-09-07 22:15:00,18.011723,83.481839,15.0,225.0,225.0,MT AL SHAHANIYA,IMO9360800,A7AS,84,0,315,50,18.5,84,A
466002000,2026-09-07 22:20:00,17.996936,83.466403,15.0,225.0,225.0,MT AL SHAHANIYA,IMO9360800,A7AS,84,0,315,50,18.5,84,A
466002000,2026-09-07 22:25:00,17.982131,83.451066,15.0,225.0,225.0,MT AL SHAHANIYA,IMO9360800,A7AS,84,0,315,50,18.5,84,A
466002000,2026-09-07 22:30:00,17.967422,83.435415,15.0,225.0,225.0,MT AL SHAHANIYA,IMO9360800,A7AS,84,0,315,50,18.5,84,A
466002000,2026-09-07 22:35:00,17.952769,83.4201,15.0,225.0,225.0,MT AL SHAHANIYA,IMO9360800,A7AS,84,0,315,50,18.5,84,A
466002000,2026-09-07 22:40:00,17.938036,83.404438,15.0,225.0,225.0,MT AL SHAHANIYA,IMO9360800,A7AS,84,0,315,50,18.5,84,A
466002000,2026-09-07 22:45:00,17.923328,83.389014,15.0,225.0,225.0,MT AL SHAHANIYA,IMO9360800,A7AS,84,0,315,50,18.5,84,A
466002000,2026-09-07 22:50:00,17.908644,83.373649,15.0,225.0,225.0,MT AL SHAHANIYA,IMO9360800,A7AS,84,0,315,50,18.5,84,A
466002000,2026-09-07 22:55:00,17.893744,83.358053,15.0,225.0,225.0,MT AL SHAHANIYA,IMO9360800,A7AS,84,0,315,50,18.5,84,A
466002000,2026-09-07 23:00:00,17.879138,83.342515,15.0,225.0,225.0,MT AL SHAHANIYA,IMO9360800,A7AS,84,0,315,50,18.5,84,A
466002000,2026-09-07 23:05:00,17.864372,83.327009,15.0,225.0,225.0,MT AL SHAHANIYA,IMO9360800,A7AS,84,0,315,50,18.5,84,A
466002000,2026-09-07 23:10:00,17.849655,83.311596,15.0,225.0,225.0,MT AL SHAHANIYA,IMO9360800,A7AS,84,0,315,50,18.5,84,A
466002000,2026-09-07 23:15:00,17.834875,83.296161,15.0,225.0,225.0,MT AL SHAHANIYA,IMO9360800,A7AS,84,0,315,50,18.5,84,A
466002000,2026-09-07 23:20:00,17.820182,83.280726,15.0,225.0,225.0,MT AL SHAHANIYA,IMO9360800,A7AS,84,0,315,50,18.5,84,A
466002000,2026-09-07 23:25:00,17.805392,83.265197,15.0,225.0,225.0,MT AL SHAHANIYA,IMO9360800,A7AS,84,0,315,50,18.5,84,A
466002000,2026-09-07 23:30:00,17.790681,83.249619,15.0,225.0,225.0,MT AL SHAHANIYA,IMO9360800,A7AS,84,0,315,50,18.5,84,A
466002000,2026-09-07 23:35:00,17.775953,83.23421,15.0,225.0,225.0,MT AL SHAHANIYA,IMO9360800,A7AS,84,0,315,50,18.5,84,A
466002000,2026-09-07 23:40:00,17.761313,83.218734,15.0,225.0,225.0,MT AL SHAHANIYA,IMO9360800,A7AS,84,0,315,50,18.5,84,A
466002000,2026-09-07 23:45:00,17.746587,83.203191,15.0,225.0,225.0,MT AL SHAHANIYA,IMO9360800,A7AS,84,0,315,50,18.5,84,A
466002000,2026-09-07 23:50:00,17.731795,83.187769,15.0,225.0,225.0,MT AL SHAHANIYA,IMO9360800,A7AS,84,0,315,50,18.5,84,A
466002000,2026-09-07 23:55:00,17.717045,83.172218,15.0,225.0,225.0,MT AL SHAHANIYA,IMO9360800,A7AS,84,0,315,50,18.5,84,A
466002000,2026-09-08 00:00:00,17.702354,83.156745,15.0,225.0,225.0,MT AL SHAHANIYA,IMO9360800,A7AS,84,0,315,50,18.5,84,A
466002000,2026-09-08 00:05:00,17.687686,83.141304,15.0,225.0,225.0,MT AL SHAHANIYA,IMO9360800,A7AS,84,0,315,50,18.5,84,A
466002000,2026-09-08 00:10:00,17.672894,83.125785,15.0,225.0,225.0,MT AL SHAHANIYA,IMO9360800,A7AS,84,0,315,50,18.5,84,A
466002000,2026-09-08 00:15:00,17.658137,83.110324,15.0,225.0,225.0,MT AL SHAHANIYA,IMO9360800,A7AS,84,0,315,50,18.5,84,A
466002000,2026-09-08 00:20:00,17.643511,83.094842,15.0,225.0,225.0,MT AL SHAHANIYA,IMO9360800,A7AS,84,0,315,50,18.5,84,A
466002000,2026-09-08 00:25:00,17.628733,83.079383,15.0,225.0,225.0,MT AL SHAHANIYA,IMO9360800,A7AS,84,0,315,50,18.5,84,A
466002000,2026-09-08 00:30:00,17.614001,83.063833,15.0,225.0,225.0,MT AL SHAHANIYA,IMO9360800,A7AS,84,0,315,50,18.5,84,A
466002000,2026-09-08 00:35:00,17.599271,83.04829,15.0,225.0,225.0,MT AL SHAHANIYA,IMO9360800,A7AS,84,0,315,50,18.5,84,A
466002000,2026-09-08 00:40:00,17.584532,83.032891,15.0,225.0,225.0,MT AL SHAHANIYA,IMO9360800,A7AS,84,0,315,50,18.5,84,A
466002000,2026-09-08 00:45:00,17.569855,83.01734,15.0,225.0,225.0,MT AL SHAHANIYA,IMO9360800,A7AS,84,0,315,50,18.5,84,A
466002000,2026-09-08 00:50:00,17.55505,83.001928,15.0,225.0,225.0,MT AL SHAHANIYA,IMO9360800,A7AS,84,0,315,50,18.5,84,A
466002000,2026-09-08 00:55:00,17.54028,82.986494,15.0,225.0,225.0,MT AL SHAHANIYA,IMO9360800,A7AS,84,0,315,50,18.5,84,A
466002000,2026-09-08 01:00:00,17.525503,82.97098,15.0,225.0,225.0,MT AL SHAHANIYA,IMO9360800,A7AS,84,0,315,50,18.5,84,A
466002000,2026-09-08 01:05:00,17.510832,82.955409,15.0,225.0,225.0,MT AL SHAHANIYA,IMO9360800,A7AS,84,0,315,50,18.5,84,A
466002000,2026-09-08 01:10:00,17.496196,82.940082,15.0,225.0,225.0,MT AL SHAHANIYA,IMO9360800,A7AS,84,0,315,50,18.5,84,A
466002000,2026-09-08 01:15:00,17.481322,82.92458,15.0,225.0,225.0,MT AL SHAHANIYA,IMO9360800,A7AS,84,0,315,50,18.5,84,A
466002000,2026-09-08 01:20:00,17.466735,82.909066,15.0,225.0,225.0,MT AL SHAHANIYA,IMO9360800,A7AS,84,0,315,50,18.5,84,A
466002000,2026-09-08 01:25:00,17.451937,82.893518,15.0,225.0,225.0,MT AL SHAHANIYA,IMO9360800,A7AS,84,0,315,50,18.5,84,A
466002000,2026-09-08 01:30:00,17.437302,82.878053,15.0,225.0,225.0,MT AL SHAHANIYA,IMO9360800,A7AS,84,0,315,50,18.5,84,A
466002000,2026-09-08 01:35:00,17.422432,82.862582,15.0,225.0,225.0,MT AL SHAHANIYA,IMO9360800,A7AS,84,0,315,50,18.5,84,A
466002000,2026-09-08 01:40:00,17.407716,82.84708,15.0,225.0,225.0,MT AL SHAHANIYA,IMO9360800,A7AS,84,0,315,50,18.5,84,A
466002000,2026-09-08 01:45:00,17.393065,82.831601,15.0,225.0,225.0,MT AL SHAHANIYA,IMO9360800,A7AS,84,0,315,50,18.5,84,A
466002000,2026-09-08 01:50:00,17.378379,82.816127,15.0,225.0,225.0,MT AL SHAHANIYA,IMO9360800,A7AS,84,0,315,50,18.5,84,A
466002000,2026-09-08 01:55:00,17.363677,82.80055,15.0,225.0,225.0,MT AL SHAHANIYA,IMO9360800,A7AS,84,0,315,50,18.5,84,A
466002000,2026-09-08 02:00:00,17.348913,82.785261,15.0,225.0,225.0,MT AL SHAHANIYA,IMO9360800,A7AS,84,0,315,50,18.5,84,A
466002000,2026-09-08 02:05:00,17.334117,82.769743,15.0,225.0,225.0,MT AL SHAHANIYA,IMO9360800,A7AS,84,0,315,50,18.5,84,A
466002000,2026-09-08 02:10:00,17.319426,82.754214,15.0,225.0,225.0,MT AL SHAHANIYA,IMO9360800,A7AS,84,0,315,50,18.5,84,A
466002000,2026-09-08 02:15:00,17.30468,82.73878,15.0,225.0,225.0,MT AL SHAHANIYA,IMO9360800,A7AS,84,0,315,50,18.5,84,A
466002000,2026-09-08 02:20:00,17.289859,82.72326,15.0,225.0,225.0,MT AL SHAHANIYA,IMO9360800,A7AS,84,0,315,50,18.5,84,A
466002000,2026-09-08 02:25:00,17.275113,82.707778,15.0,225.0,225.0,MT AL SHAHANIYA,IMO9360800,A7AS,84,0,315,50,18.5,84,A
466002000,2026-09-08 02:30:00,17.260547,82.692345,15.0,225.0,225.0,MT AL SHAHANIYA,IMO9360800,A7AS,84,0,315,50,18.5,84,A
466002000,2026-09-08 02:35:00,17.24578,82.676839,15.0,225.0,225.0,MT AL SHAHANIYA,IMO9360800,A7AS,84,0,315,50,18.5,84,A
466002000,2026-09-08 02:40:00,17.230962,82.661232,15.0,225.0,225.0,MT AL SHAHANIYA,IMO9360800,A7AS,84,0,315,50,18.5,84,A
466002000,2026-09-08 02:45:00,17.216254,82.645826,15.0,225.0,225.0,MT AL SHAHANIYA,IMO9360800,A7AS,84,0,315,50,18.5,84,A
466002000,2026-09-08 02:50:00,17.20163,82.630371,15.0,225.0,225.0,MT AL SHAHANIYA,IMO9360800,A7AS,84,0,315,50,18.5,84,A
466002000,2026-09-08 02:55:00,17.186752,82.614885,15.0,225.0,225.0,MT AL SHAHANIYA,IMO9360800,A7AS,84,0,315,50,18.5,84,A
466002000,2026-09-08 03:00:00,17.172186,82.599389,15.0,225.0,225.0,MT AL SHAHANIYA,IMO9360800,A7AS,84,0,315,50,18.5,84,A
466002000,2026-09-08 03:05:00,17.157372,82.583865,15.0,225.0,225.0,MT AL SHAHANIYA,IMO9360800,A7AS,84,0,315,50,18.5,84,A
466002000,2026-09-08 03:10:00,17.142753,82.568455,15.0,225.0,225.0,MT AL SHAHANIYA,IMO9360800,A7AS,84,0,315,50,18.5,84,A
466002000,2026-09-08 03:15:00,17.127952,82.552828,15.0,225.0,225.0,MT AL SHAHANIYA,IMO9360800,A7AS,84,0,315,50,18.5,84,A
466002000,2026-09-08 03:20:00,17.113136,82.537374,15.0,225.0,225.0,MT AL SHAHANIYA,IMO9360800,A7AS,84,0,315,50,18.5,84,A
466002000,2026-09-08 03:25:00,17.098409,82.521848,15.0,225.0,225.0,MT AL SHAHANIYA,IMO9360800,A7AS,84,0,315,50,18.5,84,A
563001000,2026-09-07 17:30:00,9.95881,78.976245,13.1,80.0,80.0,MT GOLDEN AMBITION,IMO9420011,9VGA,80,0,228,32,12.8,80,A
563001000,2026-09-07 17:35:00,9.961899,78.994622,13.1,80.0,80.0,MT GOLDEN AMBITION,IMO9420011,9VGA,80,0,228,32,12.8,80,A
563001000,2026-09-07 17:40:00,9.965092,79.01275,13.1,80.0,80.0,MT GOLDEN AMBITION,IMO9420011,9VGA,80,0,228,32,12.8,80,A
563001000,2026-09-07 17:45:00,9.968298,79.031004,13.1,80.0,80.0,MT GOLDEN AMBITION,IMO9420011,9VGA,80,0,228,32,12.8,80,A
563001000,2026-09-07 17:50:00,9.971313,79.04916,13.1,80.0,80.0,MT GOLDEN AMBITION,IMO9420011,9VGA,80,0,228,32,12.8,80,A
563001000,2026-09-07 17:55:00,9.97462,79.067272,13.1,80.0,80.0,MT GOLDEN AMBITION,IMO9420011,9VGA,80,0,228,32,12.8,80,A
563001000,2026-09-07 18:00:00,9.977787,79.08558,13.1,80.0,80.0,MT GOLDEN AMBITION,IMO9420011,9VGA,80,0,228,32,12.8,80,A
563001000,2026-09-07 18:05:00,9.980868,79.103768,13.1,80.0,80.0,MT GOLDEN AMBITION,IMO9420011,9VGA,80,0,228,32,12.8,80,A
563001000,2026-09-07 18:10:00,9.984076,79.12199,13.1,80.0,80.0,MT GOLDEN AMBITION,IMO9420011,9VGA,80,0,228,32,12.8,80,A
563001000,2026-09-07 18:15:00,9.987245,79.1402,13.1,80.0,80.0,MT GOLDEN AMBITION,IMO9420011,9VGA,80,0,228,32,12.8,80,A
563001000,2026-09-07 18:20:00,9.990343,79.15827,13.1,80.0,80.0,MT GOLDEN AMBITION,IMO9420011,9VGA,80,0,228,32,12.8,80,A
563001000,2026-09-07 18:25:00,9.993594,79.176596,13.1,80.0,80.0,MT GOLDEN AMBITION,IMO9420011,9VGA,80,0,228,32,12.8,80,A
563001000,2026-09-07 18:30:00,9.996589,79.194803,13.1,80.0,80.0,MT GOLDEN AMBITION,IMO9420011,9VGA,80,0,228,32,12.8,80,A
563001000,2026-09-07 18:35:00,9.999906,79.212896,13.1,80.0,80.0,MT GOLDEN AMBITION,IMO9420011,9VGA,80,0,228,32,12.8,80,A
563001000,2026-09-07 18:40:00,10.002937,79.231209,13.1,80.0,80.0,MT GOLDEN AMBITION,IMO9420011,9VGA,80,0,228,32,12.8,80,A
563001000,2026-09-07 18:45:00,10.006118,79.249285,13.1,80.0,80.0,MT GOLDEN AMBITION,IMO9420011,9VGA,80,0,228,32,12.8,80,A
563001000,2026-09-07 18:50:00,10.009336,79.267623,13.1,80.0,80.0,MT GOLDEN AMBITION,IMO9420011,9VGA,80,0,228,32,12.8,80,A
563001000,2026-09-07 18:55:00,10.01244,79.2858,13.1,80.0,80.0,MT GOLDEN AMBITION,IMO9420011,9VGA,80,0,228,32,12.8,80,A
563001000,2026-09-07 19:00:00,10.015665,79.303839,13.1,80.0,80.0,MT GOLDEN AMBITION,IMO9420011,9VGA,80,0,228,32,12.8,80,A
563001000,2026-09-07 19:05:00,10.01887,79.322182,13.1,80.0,80.0,MT GOLDEN AMBITION,IMO9420011,9VGA,80,0,228,32,12.8,80,A
563001000,2026-09-07 19:10:00,10.021975,79.340288,13.1,80.0,80.0,MT GOLDEN AMBITION,IMO9420011,9VGA,80,0,228,32,12.8,80,A
563001000,2026-09-07 19:15:00,10.025064,79.358551,13.1,80.0,80.0,MT GOLDEN AMBITION,IMO9420011,9VGA,80,0,228,32,12.8,80,A
563001000,2026-09-07 19:20:00,10.028201,79.376766,13.1,80.0,80.0,MT GOLDEN AMBITION,IMO9420011,9VGA,80,0,228,32,12.8,80,A
563001000,2026-09-07 19:25:00,10.031493,79.395024,13.1,80.0,80.0,MT GOLDEN AMBITION,IMO9420011,9VGA,80,0,228,32,12.8,80,A
563001000,2026-09-07 19:30:00,10.034487,79.413088,13.1,80.0,80.0,MT GOLDEN AMBITION,IMO9420011,9VGA,80,0,228,32,12.8,80,A
563001000,2026-09-07 19:35:00,10.037821,79.431329,13.1,80.0,80.0,MT GOLDEN AMBITION,IMO9420011,9VGA,80,0,228,32,12.8,80,A
563001000,2026-09-07 19:40:00,10.040953,79.449438,13.1,80.0,80.0,MT GOLDEN AMBITION,IMO9420011,9VGA,80,0,228,32,12.8,80,A
563001000,2026-09-07 19:45:00,10.044019,79.467664,13.1,80.0,80.0,MT GOLDEN AMBITION,IMO9420011,9VGA,80,0,228,32,12.8,80,A
563001000,2026-09-07 19:50:00,10.047219,79.485978,13.1,80.0,80.0,MT GOLDEN AMBITION,IMO9420011,9VGA,80,0,228,32,12.8,80,A
563001000,2026-09-07 19:55:00,10.050415,79.504219,13.1,80.0,80.0,MT GOLDEN AMBITION,IMO9420011,9VGA,80,0,228,32,12.8,80,A
563001000,2026-09-07 20:00:00,10.053619,79.522268,13.1,80.0,80.0,MT GOLDEN AMBITION,IMO9420011,9VGA,80,0,228,32,12.8,80,A
563001000,2026-09-07 20:05:00,10.056678,79.540458,13.1,80.0,80.0,MT GOLDEN AMBITION,IMO9420011,9VGA,80,0,228,32,12.8,80,A
563001000,2026-09-07 20:10:00,10.059955,79.558792,13.1,80.0,80.0,MT GOLDEN AMBITION,IMO9420011,9VGA,80,0,228,32,12.8,80,A
563001000,2026-09-07 20:15:00,10.063029,79.576935,13.1,80.0,80.0,MT GOLDEN AMBITION,IMO9420011,9VGA,80,0,228,32,12.8,80,A
563001000,2026-09-07 20:20:00,10.066233,79.595192,13.1,80.0,80.0,MT GOLDEN AMBITION,IMO9420011,9VGA,80,0,228,32,12.8,80,A
563001000,2026-09-07 20:25:00,10.069337,79.61342,13.1,80.0,80.0,MT GOLDEN AMBITION,IMO9420011,9VGA,80,0,228,32,12.8,80,A
563001000,2026-09-07 20:30:00,10.072398,79.631549,13.1,80.0,80.0,MT GOLDEN AMBITION,IMO9420011,9VGA,80,0,228,32,12.8,80,A
563001000,2026-09-07 20:35:00,10.075643,79.649645,13.1,80.0,80.0,MT GOLDEN AMBITION,IMO9420011,9VGA,80,0,228,32,12.8,80,A
563001000,2026-09-07 20:40:00,10.078801,79.667902,13.1,80.0,80.0,MT GOLDEN AMBITION,IMO9420011,9VGA,80,0,228,32,12.8,80,A
563001000,2026-09-07 20:45:00,10.08197,79.686166,13.1,80.0,80.0,MT GOLDEN AMBITION,IMO9420011,9VGA,80,0,228,32,12.8,80,A
563001000,2026-09-07 20:50:00,10.08516,79.704267,13.1,80.0,80.0,MT GOLDEN AMBITION,IMO9420011,9VGA,80,0,228,32,12.8,80,A
563001000,2026-09-07 20:55:00,10.088231,79.722563,13.1,80.0,80.0,MT GOLDEN AMBITION,IMO9420011,9VGA,80,0,228,32,12.8,80,A
563001000,2026-09-07 21:00:00,10.09135,79.740739,13.1,80.0,80.0,MT GOLDEN AMBITION,IMO9420011,9VGA,80,0,228,32,12.8,80,A
563001000,2026-09-07 21:05:00,10.094629,79.758898,13.1,80.0,80.0,MT GOLDEN AMBITION,IMO9420011,9VGA,80,0,228,32,12.8,80,A
563001000,2026-09-07 21:10:00,10.097802,79.777107,13.1,80.0,80.0,MT GOLDEN AMBITION,IMO9420011,9VGA,80,0,228,32,12.8,80,A
563001000,2026-09-07 21:15:00,10.100918,79.795268,13.1,80.0,80.0,MT GOLDEN AMBITION,IMO9420011,9VGA,80,0,228,32,12.8,80,A
563001000,2026-09-07 21:20:00,10.10402,79.813597,13.1,80.0,80.0,MT GOLDEN AMBITION,IMO9420011,9VGA,80,0,228,32,12.8,80,A
563001000,2026-09-07 21:25:00,10.107237,79.831631,13.1,80.0,80.0,MT GOLDEN AMBITION,IMO9420011,9VGA,80,0,228,32,12.8,80,A
563001000,2026-09-07 21:30:00,10.110435,79.849912,13.1,80.0,80.0,MT GOLDEN AMBITION,IMO9420011,9VGA,80,0,228,32,12.8,80,A
563001000,2026-09-07 21:35:00,10.113591,79.868055,13.1,80.0,80.0,MT GOLDEN AMBITION,IMO9420011,9VGA,80,0,228,32,12.8,80,A
563001000,2026-09-07 21:40:00,10.11681,79.886331,13.1,80.0,80.0,MT GOLDEN AMBITION,IMO9420011,9VGA,80,0,228,32,12.8,80,A
563001000,2026-09-07 21:45:00,10.119788,79.90452,13.1,80.0,80.0,MT GOLDEN AMBITION,IMO9420011,9VGA,80,0,228,32,12.8,80,A
563001000,2026-09-07 21:50:00,10.123031,79.922689,13.1,80.0,80.0,MT GOLDEN AMBITION,IMO9420011,9VGA,80,0,228,32,12.8,80,A
563001000,2026-09-07 21:55:00,10.1261,79.940837,13.1,80.0,80.0,MT GOLDEN AMBITION,IMO9420011,9VGA,80,0,228,32,12.8,80,A
563001000,2026-09-07 22:00:00,10.129368,79.959063,13.1,80.0,80.0,MT GOLDEN AMBITION,IMO9420011,9VGA,80,0,228,32,12.8,80,A
563001000,2026-09-07 22:05:00,10.132583,79.977362,13.1,80.0,80.0,MT GOLDEN AMBITION,IMO9420011,9VGA,80,0,228,32,12.8,80,A
563001000,2026-09-07 22:10:00,10.135638,79.995558,13.1,80.0,80.0,MT GOLDEN AMBITION,IMO9420011,9VGA,80,0,228,32,12.8,80,A
563001000,2026-09-07 22:15:00,10.138753,80.013774,13.1,80.0,80.0,MT GOLDEN AMBITION,IMO9420011,9VGA,80,0,228,32,12.8,80,A
563001000,2026-09-07 22:20:00,10.141997,80.031818,13.1,80.0,80.0,MT GOLDEN AMBITION,IMO9420011,9VGA,80,0,228,32,12.8,80,A
563001000,2026-09-07 22:25:00,10.145111,80.050129,13.1,80.0,80.0,MT GOLDEN AMBITION,IMO9420011,9VGA,80,0,228,32,12.8,80,A
563001000,2026-09-07 22:30:00,10.148368,80.068229,13.1,80.0,80.0,MT GOLDEN AMBITION,IMO9420011,9VGA,80,0,228,32,12.8,80,A
563001000,2026-09-07 22:35:00,10.151507,80.086448,13.1,80.0,80.0,MT GOLDEN AMBITION,IMO9420011,9VGA,80,0,228,32,12.8,80,A
563001000,2026-09-07 22:40:00,10.154635,80.10467,13.1,80.0,80.0,MT GOLDEN AMBITION,IMO9420011,9VGA,80,0,228,32,12.8,80,A
563001000,2026-09-07 22:45:00,10.157682,80.122986,13.1,80.0,80.0,MT GOLDEN AMBITION,IMO9420011,9VGA,80,0,228,32,12.8,80,A
563001000,2026-09-07 22:50:00,10.160976,80.141144,13.1,80.0,80.0,MT GOLDEN AMBITION,IMO9420011,9VGA,80,0,228,32,12.8,80,A
563001000,2026-09-07 22:55:00,10.164164,80.159354,13.1,80.0,80.0,MT GOLDEN AMBITION,IMO9420011,9VGA,80,0,228,32,12.8,80,A
563001000,2026-09-07 23:00:00,10.16732,80.177494,13.1,80.0,80.0,MT GOLDEN AMBITION,IMO9420011,9VGA,80,0,228,32,12.8,80,A
563001000,2026-09-07 23:05:00,10.170461,80.195785,13.1,80.0,80.0,MT GOLDEN AMBITION,IMO9420011,9VGA,80,0,228,32,12.8,80,A
563001000,2026-09-07 23:10:00,10.173532,80.214005,13.1,80.0,80.0,MT GOLDEN AMBITION,IMO9420011,9VGA,80,0,228,32,12.8,80,A
563001000,2026-09-07 23:15:00,10.176748,80.232129,13.1,80.0,80.0,MT GOLDEN AMBITION,IMO9420011,9VGA,80,0,228,32,12.8,80,A
563001000,2026-09-07 23:20:00,10.179806,80.250278,13.1,80.0,80.0,MT GOLDEN AMBITION,IMO9420011,9VGA,80,0,228,32,12.8,80,A
563001000,2026-09-07 23:25:00,10.183093,80.268452,13.1,80.0,80.0,MT GOLDEN AMBITION,IMO9420011,9VGA,80,0,228,32,12.8,80,A
563001000,2026-09-07 23:30:00,10.186184,80.286761,13.1,80.0,80.0,MT GOLDEN AMBITION,IMO9420011,9VGA,80,0,228,32,12.8,80,A
563001000,2026-09-07 23:35:00,10.189306,80.304856,13.1,80.0,80.0,MT GOLDEN AMBITION,IMO9420011,9VGA,80,0,228,32,12.8,80,A
563001000,2026-09-07 23:40:00,10.192562,80.323044,13.1,80.0,80.0,MT GOLDEN AMBITION,IMO9420011,9VGA,80,0,228,32,12.8,80,A
563001000,2026-09-07 23:45:00,10.195623,80.341381,13.1,80.0,80.0,MT GOLDEN AMBITION,IMO9420011,9VGA,80,0,228,32,12.8,80,A
563001000,2026-09-07 23:50:00,10.198794,80.359477,13.1,80.0,80.0,MT GOLDEN AMBITION,IMO9420011,9VGA,80,0,228,32,12.8,80,A
563001000,2026-09-07 23:55:00,10.202092,80.377634,13.1,80.0,80.0,MT GOLDEN AMBITION,IMO9420011,9VGA,80,0,228,32,12.8,80,A
563001000,2026-09-08 00:00:00,10.205156,80.395983,13.1,80.0,80.0,MT GOLDEN AMBITION,IMO9420011,9VGA,80,0,228,32,12.8,80,A
563001000,2026-09-08 00:05:00,10.20831,80.414095,13.1,80.0,80.0,MT GOLDEN AMBITION,IMO9420011,9VGA,80,0,228,32,12.8,80,A
563001000,2026-09-08 00:10:00,10.211457,80.432365,13.1,80.0,80.0,MT GOLDEN AMBITION,IMO9420011,9VGA,80,0,228,32,12.8,80,A
563001000,2026-09-08 00:15:00,10.21455,80.450532,13.1,80.0,80.0,MT GOLDEN AMBITION,IMO9420011,9VGA,80,0,228,32,12.8,80,A
563001000,2026-09-08 00:20:00,10.21772,80.468703,13.1,80.0,80.0,MT GOLDEN AMBITION,IMO9420011,9VGA,80,0,228,32,12.8,80,A
563001000,2026-09-08 00:25:00,10.220878,80.486961,13.1,80.0,80.0,MT GOLDEN AMBITION,IMO9420011,9VGA,80,0,228,32,12.8,80,A
563001000,2026-09-08 00:30:00,10.224199,80.505163,13.1,80.0,80.0,MT GOLDEN AMBITION,IMO9420011,9VGA,80,0,228,32,12.8,80,A
563001000,2026-09-08 00:35:00,10.227281,80.523399,13.1,80.0,80.0,MT GOLDEN AMBITION,IMO9420011,9VGA,80,0,228,32,12.8,80,A
563001000,2026-09-08 00:40:00,10.230527,80.541593,13.1,80.0,80.0,MT GOLDEN AMBITION,IMO9420011,9VGA,80,0,228,32,12.8,80,A
563001000,2026-09-08 00:45:00,10.233534,80.559647,13.1,80.0,80.0,MT GOLDEN AMBITION,IMO9420011,9VGA,80,0,228,32,12.8,80,A
563001000,2026-09-08 00:50:00,10.236827,80.577828,13.1,80.0,80.0,MT GOLDEN AMBITION,IMO9420011,9VGA,80,0,228,32,12.8,80,A
563001000,2026-09-08 00:55:00,10.239947,80.596177,13.1,80.0,80.0,MT GOLDEN AMBITION,IMO9420011,9VGA,80,0,228,32,12.8,80,A
563001000,2026-09-08 01:00:00,10.243073,80.6144,13.1,80.0,80.0,MT GOLDEN AMBITION,IMO9420011,9VGA,80,0,228,32,12.8,80,A
563001000,2026-09-08 01:05:00,10.246179,80.632436,13.1,80.0,80.0,MT GOLDEN AMBITION,IMO9420011,9VGA,80,0,228,32,12.8,80,A
563001000,2026-09-08 01:10:00,10.2493,80.650656,13.1,80.0,80.0,MT GOLDEN AMBITION,IMO9420011,9VGA,80,0,228,32,12.8,80,A
563001000,2026-09-08 01:15:00,10.252577,80.668816,13.1,80.0,80.0,MT GOLDEN AMBITION,IMO9420011,9VGA,80,0,228,32,12.8,80,A
563001000,2026-09-08 01:20:00,10.255802,80.687046,13.1,80.0,80.0,MT GOLDEN AMBITION,IMO9420011,9VGA,80,0,228,32,12.8,80,A
563001000,2026-09-08 01:25:00,10.258922,80.705319,13.1,80.0,80.0,MT GOLDEN AMBITION,IMO9420011,9VGA,80,0,228,32,12.8,80,A
563001000,2026-09-08 01:30:00,10.261994,80.72344,13.1,80.0,80.0,MT GOLDEN AMBITION,IMO9420011,9VGA,80,0,228,32,12.8,80,A
563001000,2026-09-08 01:35:00,10.265245,80.741679,13.1,80.0,80.0,MT GOLDEN AMBITION,IMO9420011,9VGA,80,0,228,32,12.8,80,A
563001000,2026-09-08 01:40:00,10.26841,80.759839,13.1,80.0,80.0,MT GOLDEN AMBITION,IMO9420011,9VGA,80,0,228,32,12.8,80,A
563001000,2026-09-08 01:45:00,10.271476,80.778007,13.1,80.0,80.0,MT GOLDEN AMBITION,IMO9420011,9VGA,80,0,228,32,12.8,80,A
563001000,2026-09-08 01:50:00,10.27472,80.796336,13.1,80.0,80.0,MT GOLDEN AMBITION,IMO9420011,9VGA,80,0,228,32,12.8,80,A
563001000,2026-09-08 01:55:00,10.277837,80.814577,13.1,80.0,80.0,MT GOLDEN AMBITION,IMO9420011,9VGA,80,0,228,32,12.8,80,A
563001000,2026-09-08 02:00:00,10.280888,80.832735,13.1,80.0,80.0,MT GOLDEN AMBITION,IMO9420011,9VGA,80,0,228,32,12.8,80,A
563001000,2026-09-08 02:05:00,10.284112,80.850825,13.1,80.0,80.0,MT GOLDEN AMBITION,IMO9420011,9VGA,80,0,228,32,12.8,80,A
563001000,2026-09-08 02:10:00,10.287361,80.869104,13.1,80.0,80.0,MT GOLDEN AMBITION,IMO9420011,9VGA,80,0,228,32,12.8,80,A
563001000,2026-09-08 02:15:00,10.290494,80.887269,13.1,80.0,80.0,MT GOLDEN AMBITION,IMO9420011,9VGA,80,0,228,32,12.8,80,A
563001000,2026-09-08 02:20:00,10.293613,80.90542,13.1,80.0,80.0,MT GOLDEN AMBITION,IMO9420011,9VGA,80,0,228,32,12.8,80,A
563001000,2026-09-08 02:25:00,10.296716,80.923622,13.1,80.0,80.0,MT GOLDEN AMBITION,IMO9420011,9VGA,80,0,228,32,12.8,80,A
563001000,2026-09-08 02:30:00,10.29993,80.941883,13.1,80.0,80.0,MT GOLDEN AMBITION,IMO9420011,9VGA,80,0,228,32,12.8,80,A
563001000,2026-09-08 02:35:00,10.30306,80.960177,13.1,80.0,80.0,MT GOLDEN AMBITION,IMO9420011,9VGA,80,0,228,32,12.8,80,A
563001000,2026-09-08 02:40:00,10.306157,80.978299,13.1,80.0,80.0,MT GOLDEN AMBITION,IMO9420011,9VGA,80,0,228,32,12.8,80,A
563001000,2026-09-08 02:45:00,10.309331,80.996437,13.1,80.0,80.0,MT GOLDEN AMBITION,IMO9420011,9VGA,80,0,228,32,12.8,80,A
563001000,2026-09-08 02:50:00,10.312507,81.014755,13.1,80.0,80.0,MT GOLDEN AMBITION,IMO9420011,9VGA,80,0,228,32,12.8,80,A
563001000,2026-09-08 02:55:00,10.315724,81.032925,13.1,80.0,80.0,MT GOLDEN AMBITION,IMO9420011,9VGA,80,0,228,32,12.8,80,A
563001000,2026-09-08 03:00:00,10.31898,81.051147,13.1,80.0,80.0,MT GOLDEN AMBITION,IMO9420011,9VGA,80,0,228,32,12.8,80,A
563001000,2026-09-08 03:05:00,10.322094,81.069272,13.1,80.0,80.0,MT GOLDEN AMBITION,IMO9420011,9VGA,80,0,228,32,12.8,80,A
563001000,2026-09-08 03:10:00,10.325218,81.087583,13.1,80.0,80.0,MT GOLDEN AMBITION,IMO9420011,9VGA,80,0,228,32,12.8,80,A
563001000,2026-09-08 03:15:00,10.328388,81.105783,13.1,80.0,80.0,MT GOLDEN AMBITION,IMO9420011,9VGA,80,0,228,32,12.8,80,A
563001000,2026-09-08 03:20:00,10.33144,81.123941,13.1,80.0,80.0,MT GOLDEN AMBITION,IMO9420011,9VGA,80,0,228,32,12.8,80,A
563001000,2026-09-08 03:25:00,10.334607,81.142088,13.1,80.0,80.0,MT GOLDEN AMBITION,IMO9420011,9VGA,80,0,228,32,12.8,80,A
228394000,2026-09-07 17:30:00,20.127067,71.011409,19.4,142.0,142.0,CMA CGM MONSOON,IMO9839201,FNMS,70,0,366,51,15.2,70,A
228394000,2026-09-07 17:35:00,20.105798,71.029015,19.4,142.0,142.0,CMA CGM MONSOON,IMO9839201,FNMS,70,0,366,51,15.2,70,A
228394000,2026-09-07 17:40:00,20.084539,71.046492,19.4,142.0,142.0,CMA CGM MONSOON,IMO9839201,FNMS,70,0,366,51,15.2,70,A
228394000,2026-09-07 17:45:00,20.063433,71.063931,19.4,142.0,142.0,CMA CGM MONSOON,IMO9839201,FNMS,70,0,366,51,15.2,70,A
228394000,2026-09-07 17:50:00,20.042197,71.08147,19.4,142.0,142.0,CMA CGM MONSOON,IMO9839201,FNMS,70,0,366,51,15.2,70,A
228394000,2026-09-07 17:55:00,20.020943,71.099024,19.4,142.0,142.0,CMA CGM MONSOON,IMO9839201,FNMS,70,0,366,51,15.2,70,A
228394000,2026-09-07 18:00:00,19.999606,71.116618,19.4,142.0,142.0,CMA CGM MONSOON,IMO9839201,FNMS,70,0,366,51,15.2,70,A
228394000,2026-09-07 18:05:00,19.978546,71.134217,19.4,142.0,142.0,CMA CGM MONSOON,IMO9839201,FNMS,70,0,366,51,15.2,70,A
228394000,2026-09-07 18:10:00,19.957233,71.151741,19.4,142.0,142.0,CMA CGM MONSOON,IMO9839201,FNMS,70,0,366,51,15.2,70,A
228394000,2026-09-07 18:15:00,19.936008,71.169272,19.4,142.0,142.0,CMA CGM MONSOON,IMO9839201,FNMS,70,0,366,51,15.2,70,A
228394000,2026-09-07 18:20:00,19.914744,71.186771,19.4,142.0,142.0,CMA CGM MONSOON,IMO9839201,FNMS,70,0,366,51,15.2,70,A
228394000,2026-09-07 18:25:00,19.893629,71.204173,19.4,142.0,142.0,CMA CGM MONSOON,IMO9839201,FNMS,70,0,366,51,15.2,70,A
228394000,2026-09-07 18:30:00,19.872336,71.22182,19.4,142.0,142.0,CMA CGM MONSOON,IMO9839201,FNMS,70,0,366,51,15.2,70,A
228394000,2026-09-07 18:35:00,19.85108,71.239181,19.4,142.0,142.0,CMA CGM MONSOON,IMO9839201,FNMS,70,0,366,51,15.2,70,A
228394000,2026-09-07 18:40:00,19.829904,71.256789,19.4,142.0,142.0,CMA CGM MONSOON,IMO9839201,FNMS,70,0,366,51,15.2,70,A
228394000,2026-09-07 18:45:00,19.808606,71.274377,19.4,142.0,142.0,CMA CGM MONSOON,IMO9839201,FNMS,70,0,366,51,15.2,70,A
228394000,2026-09-07 18:50:00,19.787322,71.291863,19.4,142.0,142.0,CMA CGM MONSOON,IMO9839201,FNMS,70,0,366,51,15.2,70,A
228394000,2026-09-07 18:55:00,19.766096,71.30935,19.4,142.0,142.0,CMA CGM MONSOON,IMO9839201,FNMS,70,0,366,51,15.2,70,A
228394000,2026-09-07 19:00:00,19.745002,71.327009,19.4,142.0,142.0,CMA CGM MONSOON,IMO9839201,FNMS,70,0,366,51,15.2,70,A
228394000,2026-09-07 19:05:00,19.723705,71.344527,19.4,142.0,142.0,CMA CGM MONSOON,IMO9839201,FNMS,70,0,366,51,15.2,70,A
228394000,2026-09-07 19:10:00,19.702528,71.362056,19.4,142.0,142.0,CMA CGM MONSOON,IMO9839201,FNMS,70,0,366,51,15.2,70,A
228394000,2026-09-07 19:15:00,19.681205,71.379393,19.4,142.0,142.0,CMA CGM MONSOON,IMO9839201,FNMS,70,0,366,51,15.2,70,A
228394000,2026-09-07 19:20:00,19.660047,71.396984,19.4,142.0,142.0,CMA CGM MONSOON,IMO9839201,FNMS,70,0,366,51,15.2,70,A
228394000,2026-09-07 19:25:00,19.638831,71.414503,19.4,142.0,142.0,CMA CGM MONSOON,IMO9839201,FNMS,70,0,366,51,15.2,70,A
228394000,2026-09-07 19:30:00,19.617654,71.432045,19.4,142.0,142.0,CMA CGM MONSOON,IMO9839201,FNMS,70,0,366,51,15.2,70,A
228394000,2026-09-07 19:35:00,19.596268,71.449663,19.4,142.0,142.0,CMA CGM MONSOON,IMO9839201,FNMS,70,0,366,51,15.2,70,A
228394000,2026-09-07 19:40:00,19.575097,71.467172,19.4,142.0,142.0,CMA CGM MONSOON,IMO9839201,FNMS,70,0,366,51,15.2,70,A
228394000,2026-09-07 19:45:00,19.553878,71.484617,19.4,142.0,142.0,CMA CGM MONSOON,IMO9839201,FNMS,70,0,366,51,15.2,70,A
228394000,2026-09-07 19:50:00,19.532656,71.502077,19.4,142.0,142.0,CMA CGM MONSOON,IMO9839201,FNMS,70,0,366,51,15.2,70,A
228394000,2026-09-07 19:55:00,19.51137,71.519703,19.4,142.0,142.0,CMA CGM MONSOON,IMO9839201,FNMS,70,0,366,51,15.2,70,A
228394000,2026-09-07 20:00:00,19.490172,71.537177,19.4,142.0,142.0,CMA CGM MONSOON,IMO9839201,FNMS,70,0,366,51,15.2,70,A
228394000,2026-09-07 20:05:00,19.46894,71.554769,19.4,142.0,142.0,CMA CGM MONSOON,IMO9839201,FNMS,70,0,366,51,15.2,70,A
228394000,2026-09-07 20:10:00,19.447821,71.572337,19.4,142.0,142.0,CMA CGM MONSOON,IMO9839201,FNMS,70,0,366,51,15.2,70,A
228394000,2026-09-07 20:15:00,19.426543,71.589801,19.4,142.0,142.0,CMA CGM MONSOON,IMO9839201,FNMS,70,0,366,51,15.2,70,A
228394000,2026-09-07 20:20:00,19.405254,71.607366,19.4,142.0,142.0,CMA CGM MONSOON,IMO9839201,FNMS,70,0,366,51,15.2,70,A
228394000,2026-09-07 20:25:00,19.384036,71.624816,19.4,142.0,142.0,CMA CGM MONSOON,IMO9839201,FNMS,70,0,366,51,15.2,70,A
228394000,2026-09-07 20:30:00,19.36281,71.642323,19.4,142.0,142.0,CMA CGM MONSOON,IMO9839201,FNMS,70,0,366,51,15.2,70,A
228394000,2026-09-07 20:35:00,19.341628,71.659946,19.4,142.0,142.0,CMA CGM MONSOON,IMO9839201,FNMS,70,0,366,51,15.2,70,A
228394000,2026-09-07 20:40:00,19.320271,71.677348,19.4,142.0,142.0,CMA CGM MONSOON,IMO9839201,FNMS,70,0,366,51,15.2,70,A
228394000,2026-09-07 20:45:00,19.299197,71.694904,19.4,142.0,142.0,CMA CGM MONSOON,IMO9839201,FNMS,70,0,366,51,15.2,70,A
228394000,2026-09-07 20:50:00,19.277914,71.712457,19.4,142.0,142.0,CMA CGM MONSOON,IMO9839201,FNMS,70,0,366,51,15.2,70,A
228394000,2026-09-07 20:55:00,19.256725,71.730063,19.4,142.0,142.0,CMA CGM MONSOON,IMO9839201,FNMS,70,0,366,51,15.2,70,A
228394000,2026-09-07 21:00:00,19.235524,71.747492,19.4,142.0,142.0,CMA CGM MONSOON,IMO9839201,FNMS,70,0,366,51,15.2,70,A
228394000,2026-09-07 21:05:00,19.214235,71.765115,19.4,142.0,142.0,CMA CGM MONSOON,IMO9839201,FNMS,70,0,366,51,15.2,70,A
228394000,2026-09-07 21:10:00,19.193026,71.782627,19.4,142.0,142.0,CMA CGM MONSOON,IMO9839201,FNMS,70,0,366,51,15.2,70,A
228394000,2026-09-07 21:15:00,19.171677,71.800196,19.4,142.0,142.0,CMA CGM MONSOON,IMO9839201,FNMS,70,0,366,51,15.2,70,A
228394000,2026-09-07 21:20:00,19.150483,71.81769,19.4,142.0,142.0,CMA CGM MONSOON,IMO9839201,FNMS,70,0,366,51,15.2,70,A
228394000,2026-09-07 21:25:00,19.129311,71.835125,19.4,142.0,142.0,CMA CGM MONSOON,IMO9839201,FNMS,70,0,366,51,15.2,70,A
228394000,2026-09-07 21:30:00,19.107988,71.852781,19.4,142.0,142.0,CMA CGM MONSOON,IMO9839201,FNMS,70,0,366,51,15.2,70,A
228394000,2026-09-07 21:35:00,19.086762,71.870308,19.4,142.0,142.0,CMA CGM MONSOON,IMO9839201,FNMS,70,0,366,51,15.2,70,A
228394000,2026-09-07 21:40:00,19.065578,71.887751,19.4,142.0,142.0,CMA CGM MONSOON,IMO9839201,FNMS,70,0,366,51,15.2,70,A
228394000,2026-09-07 21:45:00,19.044382,71.905336,19.4,142.0,142.0,CMA CGM MONSOON,IMO9839201,FNMS,70,0,366,51,15.2,70,A
228394000,2026-09-07 21:50:00,19.023132,71.922864,19.4,142.0,142.0,CMA CGM MONSOON,IMO9839201,FNMS,70,0,366,51,15.2,70,A
228394000,2026-09-07 21:55:00,19.001883,71.940309,19.4,142.0,142.0,CMA CGM MONSOON,IMO9839201,FNMS,70,0,366,51,15.2,70,A
228394000,2026-09-07 22:00:00,18.980757,71.957769,19.4,142.0,142.0,CMA CGM MONSOON,IMO9839201,FNMS,70,0,366,51,15.2,70,A
228394000,2026-09-07 22:05:00,18.959579,71.97542,19.4,142.0,142.0,CMA CGM MONSOON,IMO9839201,FNMS,70,0,366,51,15.2,70,A
228394000,2026-09-07 22:10:00,18.938194,71.992899,19.4,142.0,142.0,CMA CGM MONSOON,IMO9839201,FNMS,70,0,366,51,15.2,70,A
228394000,2026-09-07 22:15:00,18.917103,72.010354,19.4,142.0,142.0,CMA CGM MONSOON,IMO9839201,FNMS,70,0,366,51,15.2,70,A
228394000,2026-09-07 22:20:00,18.895733,72.027922,19.4,142.0,142.0,CMA CGM MONSOON,IMO9839201,FNMS,70,0,366,51,15.2,70,A
228394000,2026-09-07 22:25:00,18.874489,72.045477,19.4,142.0,142.0,CMA CGM MONSOON,IMO9839201,FNMS,70,0,366,51,15.2,70,A
228394000,2026-09-07 22:30:00,18.853405,72.062995,19.4,142.0,142.0,CMA CGM MONSOON,IMO9839201,FNMS,70,0,366,51,15.2,70,A
228394000,2026-09-07 22:35:00,18.832118,72.080581,19.4,142.0,142.0,CMA CGM MONSOON,IMO9839201,FNMS,70,0,366,51,15.2,70,A
228394000,2026-09-07 22:40:00,18.810882,72.098111,19.4,142.0,142.0,CMA CGM MONSOON,IMO9839201,FNMS,70,0,366,51,15.2,70,A
228394000,2026-09-07 22:45:00,18.789673,72.115569,19.4,142.0,142.0,CMA CGM MONSOON,IMO9839201,FNMS,70,0,366,51,15.2,70,A
228394000,2026-09-07 22:50:00,18.768391,72.133063,19.4,142.0,142.0,CMA CGM MONSOON,IMO9839201,FNMS,70,0,366,51,15.2,70,A
228394000,2026-09-07 22:55:00,18.747263,72.150553,19.4,142.0,142.0,CMA CGM MONSOON,IMO9839201,FNMS,70,0,366,51,15.2,70,A
228394000,2026-09-07 23:00:00,18.725922,72.16821,19.4,142.0,142.0,CMA CGM MONSOON,IMO9839201,FNMS,70,0,366,51,15.2,70,A
228394000,2026-09-07 23:05:00,18.70471,72.185584,19.4,142.0,142.0,CMA CGM MONSOON,IMO9839201,FNMS,70,0,366,51,15.2,70,A
228394000,2026-09-07 23:10:00,18.683463,72.203146,19.4,142.0,142.0,CMA CGM MONSOON,IMO9839201,FNMS,70,0,366,51,15.2,70,A
228394000,2026-09-07 23:15:00,18.662305,72.220706,19.4,142.0,142.0,CMA CGM MONSOON,IMO9839201,FNMS,70,0,366,51,15.2,70,A
228394000,2026-09-07 23:20:00,18.641053,72.238186,19.4,142.0,142.0,CMA CGM MONSOON,IMO9839201,FNMS,70,0,366,51,15.2,70,A
228394000,2026-09-07 23:25:00,18.619749,72.25575,19.4,142.0,142.0,CMA CGM MONSOON,IMO9839201,FNMS,70,0,366,51,15.2,70,A
228394000,2026-09-07 23:30:00,18.598591,72.273306,19.4,142.0,142.0,CMA CGM MONSOON,IMO9839201,FNMS,70,0,366,51,15.2,70,A
228394000,2026-09-07 23:35:00,18.577461,72.290912,19.4,142.0,142.0,CMA CGM MONSOON,IMO9839201,FNMS,70,0,366,51,15.2,70,A
228394000,2026-09-07 23:40:00,18.556183,72.308288,19.4,142.0,142.0,CMA CGM MONSOON,IMO9839201,FNMS,70,0,366,51,15.2,70,A
228394000,2026-09-07 23:45:00,18.534848,72.325943,19.4,142.0,142.0,CMA CGM MONSOON,IMO9839201,FNMS,70,0,366,51,15.2,70,A
228394000,2026-09-07 23:50:00,18.513631,72.343458,19.4,142.0,142.0,CMA CGM MONSOON,IMO9839201,FNMS,70,0,366,51,15.2,70,A
228394000,2026-09-07 23:55:00,18.49248,72.360908,19.4,142.0,142.0,CMA CGM MONSOON,IMO9839201,FNMS,70,0,366,51,15.2,70,A
228394000,2026-09-08 00:00:00,18.471152,72.378499,19.4,142.0,142.0,CMA CGM MONSOON,IMO9839201,FNMS,70,0,366,51,15.2,70,A
228394000,2026-09-08 00:05:00,18.450009,72.395958,19.4,142.0,142.0,CMA CGM MONSOON,IMO9839201,FNMS,70,0,366,51,15.2,70,A
228394000,2026-09-08 00:10:00,18.428832,72.413455,19.4,142.0,142.0,CMA CGM MONSOON,IMO9839201,FNMS,70,0,366,51,15.2,70,A
228394000,2026-09-08 00:15:00,18.407601,72.431145,19.4,142.0,142.0,CMA CGM MONSOON,IMO9839201,FNMS,70,0,366,51,15.2,70,A
228394000,2026-09-08 00:20:00,18.386248,72.448585,19.4,142.0,142.0,CMA CGM MONSOON,IMO9839201,FNMS,70,0,366,51,15.2,70,A
228394000,2026-09-08 00:25:00,18.365147,72.466169,19.4,142.0,142.0,CMA CGM MONSOON,IMO9839201,FNMS,70,0,366,51,15.2,70,A
228394000,2026-09-08 00:30:00,18.343784,72.48367,19.4,142.0,142.0,CMA CGM MONSOON,IMO9839201,FNMS,70,0,366,51,15.2,70,A
228394000,2026-09-08 00:35:00,18.322584,72.501161,19.4,142.0,142.0,CMA CGM MONSOON,IMO9839201,FNMS,70,0,366,51,15.2,70,A
228394000,2026-09-08 00:40:00,18.301384,72.518611,19.4,142.0,142.0,CMA CGM MONSOON,IMO9839201,FNMS,70,0,366,51,15.2,70,A
228394000,2026-09-08 00:45:00,18.280245,72.536231,19.4,142.0,142.0,CMA CGM MONSOON,IMO9839201,FNMS,70,0,366,51,15.2,70,A
228394000,2026-09-08 00:50:00,18.258948,72.5538,19.4,142.0,142.0,CMA CGM MONSOON,IMO9839201,FNMS,70,0,366,51,15.2,70,A
228394000,2026-09-08 00:55:00,18.237693,72.571293,19.4,142.0,142.0,CMA CGM MONSOON,IMO9839201,FNMS,70,0,366,51,15.2,70,A
228394000,2026-09-08 01:00:00,18.21643,72.588735,19.4,142.0,142.0,CMA CGM MONSOON,IMO9839201,FNMS,70,0,366,51,15.2,70,A
228394000,2026-09-08 01:05:00,18.195186,72.606247,19.4,142.0,142.0,CMA CGM MONSOON,IMO9839201,FNMS,70,0,366,51,15.2,70,A
228394000,2026-09-08 01:10:00,18.174044,72.623915,19.4,142.0,142.0,CMA CGM MONSOON,IMO9839201,FNMS,70,0,366,51,15.2,70,A
228394000,2026-09-08 01:15:00,18.152861,72.641262,19.4,142.0,142.0,CMA CGM MONSOON,IMO9839201,FNMS,70,0,366,51,15.2,70,A
228394000,2026-09-08 01:20:00,18.131582,72.658852,19.4,142.0,142.0,CMA CGM MONSOON,IMO9839201,FNMS,70,0,366,51,15.2,70,A
228394000,2026-09-08 01:25:00,18.110258,72.676467,19.4,142.0,142.0,CMA CGM MONSOON,IMO9839201,FNMS,70,0,366,51,15.2,70,A
228394000,2026-09-08 01:30:00,18.089067,72.693916,19.4,142.0,142.0,CMA CGM MONSOON,IMO9839201,FNMS,70,0,366,51,15.2,70,A
228394000,2026-09-08 01:35:00,18.067885,72.711514,19.4,142.0,142.0,CMA CGM MONSOON,IMO9839201,FNMS,70,0,366,51,15.2,70,A
228394000,2026-09-08 01:40:00,18.04667,72.729,19.4,142.0,142.0,CMA CGM MONSOON,IMO9839201,FNMS,70,0,366,51,15.2,70,A
228394000,2026-09-08 01:45:00,18.025435,72.746421,19.4,142.0,142.0,CMA CGM MONSOON,IMO9839201,FNMS,70,0,366,51,15.2,70,A
228394000,2026-09-08 01:50:00,18.004276,72.763942,19.4,142.0,142.0,CMA CGM MONSOON,IMO9839201,FNMS,70,0,366,51,15.2,70,A
228394000,2026-09-08 01:55:00,17.982914,72.781608,19.4,142.0,142.0,CMA CGM MONSOON,IMO9839201,FNMS,70,0,366,51,15.2,70,A
228394000,2026-09-08 02:00:00,17.96168,72.799047,19.4,142.0,142.0,CMA CGM MONSOON,IMO9839201,FNMS,70,0,366,51,15.2,70,A
228394000,2026-09-08 02:05:00,17.940496,72.816527,19.4,142.0,142.0,CMA CGM MONSOON,IMO9839201,FNMS,70,0,366,51,15.2,70,A
228394000,2026-09-08 02:10:00,17.919317,72.834243,19.4,142.0,142.0,CMA CGM MONSOON,IMO9839201,FNMS,70,0,366,51,15.2,70,A
228394000,2026-09-08 02:15:00,17.89814,72.851578,19.4,142.0,142.0,CMA CGM MONSOON,IMO9839201,FNMS,70,0,366,51,15.2,70,A
228394000,2026-09-08 02:20:00,17.876916,72.869282,19.4,142.0,142.0,CMA CGM MONSOON,IMO9839201,FNMS,70,0,366,51,15.2,70,A
228394000,2026-09-08 02:25:00,17.855501,72.886733,19.4,142.0,142.0,CMA CGM MONSOON,IMO9839201,FNMS,70,0,366,51,15.2,70,A
228394000,2026-09-08 02:30:00,17.834436,72.904283,19.4,142.0,142.0,CMA CGM MONSOON,IMO9839201,FNMS,70,0,366,51,15.2,70,A
228394000,2026-09-08 02:35:00,17.813158,72.921686,19.4,142.0,142.0,CMA CGM MONSOON,IMO9839201,FNMS,70,0,366,51,15.2,70,A
228394000,2026-09-08 02:40:00,17.791841,72.939266,19.4,142.0,142.0,CMA CGM MONSOON,IMO9839201,FNMS,70,0,366,51,15.2,70,A
228394000,2026-09-08 02:45:00,17.77061,72.956783,19.4,142.0,142.0,CMA CGM MONSOON,IMO9839201,FNMS,70,0,366,51,15.2,70,A
228394000,2026-09-08 02:50:00,17.749502,72.974436,19.4,142.0,142.0,CMA CGM MONSOON,IMO9839201,FNMS,70,0,366,51,15.2,70,A
228394000,2026-09-08 02:55:00,17.728158,72.991916,19.4,142.0,142.0,CMA CGM MONSOON,IMO9839201,FNMS,70,0,366,51,15.2,70,A
228394000,2026-09-08 03:00:00,17.707016,73.009462,19.4,142.0,142.0,CMA CGM MONSOON,IMO9839201,FNMS,70,0,366,51,15.2,70,A
228394000,2026-09-08 03:05:00,17.685848,73.026982,19.4,142.0,142.0,CMA CGM MONSOON,IMO9839201,FNMS,70,0,366,51,15.2,70,A
228394000,2026-09-08 03:10:00,17.664459,73.044364,19.4,142.0,142.0,CMA CGM MONSOON,IMO9839201,FNMS,70,0,366,51,15.2,70,A
228394000,2026-09-08 03:15:00,17.643394,73.062042,19.4,142.0,142.0,CMA CGM MONSOON,IMO9839201,FNMS,70,0,366,51,15.2,70,A
228394000,2026-09-08 03:20:00,17.622013,73.079517,19.4,142.0,142.0,CMA CGM MONSOON,IMO9839201,FNMS,70,0,366,51,15.2,70,A
228394000,2026-09-08 03:25:00,17.600861,73.096989,19.4,142.0,142.0,CMA CGM MONSOON,IMO9839201,FNMS,70,0,366,51,15.2,70,A
419001284,2026-09-07 17:30:00,22.903013,68.247872,12.8,115.0,115.0,MV SAGAR RATNA,IMO9382104,ATSR,70,0,189,30,11.0,70,A
419001284,2026-09-07 17:35:00,22.895402,68.265297,12.8,115.0,115.0,MV SAGAR RATNA,IMO9382104,ATSR,70,0,189,30,11.0,70,A
419001284,2026-09-07 17:40:00,22.887855,68.28268,12.8,115.0,115.0,MV SAGAR RATNA,IMO9382104,ATSR,70,0,189,30,11.0,70,A
419001284,2026-09-07 17:45:00,22.880355,68.300048,12.8,115.0,115.0,MV SAGAR RATNA,IMO9382104,ATSR,70,0,189,30,11.0,70,A
419001284,2026-09-07 17:50:00,22.872865,68.317476,12.8,115.0,115.0,MV SAGAR RATNA,IMO9382104,ATSR,70,0,189,30,11.0,70,A
419001284,2026-09-07 17:55:00,22.865427,68.335026,12.8,115.0,115.0,MV SAGAR RATNA,IMO9382104,ATSR,70,0,189,30,11.0,70,A
419001284,2026-09-07 18:00:00,22.857819,68.352406,12.8,115.0,115.0,MV SAGAR RATNA,IMO9382104,ATSR,70,0,189,30,11.0,70,A
419001284,2026-09-07 18:05:00,22.850449,68.369737,12.8,115.0,115.0,MV SAGAR RATNA,IMO9382104,ATSR,70,0,189,30,11.0,70,A
419001284,2026-09-07 18:10:00,22.84283,68.387242,12.8,115.0,115.0,MV SAGAR RATNA,IMO9382104,ATSR,70,0,189,30,11.0,70,A
419001284,2026-09-07 18:15:00,22.835244,68.404779,12.8,115.0,115.0,MV SAGAR RATNA,IMO9382104,ATSR,70,0,189,30,11.0,70,A
419001284,2026-09-07 18:20:00,22.827791,68.422155,12.8,115.0,115.0,MV SAGAR RATNA,IMO9382104,ATSR,70,0,189,30,11.0,70,A
419001284,2026-09-07 18:25:00,22.820328,68.439552,12.8,115.0,115.0,MV SAGAR RATNA,IMO9382104,ATSR,70,0,189,30,11.0,70,A
419001284,2026-09-07 18:30:00,22.812871,68.457044,12.8,115.0,115.0,MV SAGAR RATNA,IMO9382104,ATSR,70,0,189,30,11.0,70,A
419001284,2026-09-07 18:35:00,22.805342,68.474316,12.8,115.0,115.0,MV SAGAR RATNA,IMO9382104,ATSR,70,0,189,30,11.0,70,A
419001284,2026-09-07 18:40:00,22.797677,68.49183,12.8,115.0,115.0,MV SAGAR RATNA,IMO9382104,ATSR,70,0,189,30,11.0,70,A
419001284,2026-09-07 18:45:00,22.790223,68.509361,12.8,115.0,115.0,MV SAGAR RATNA,IMO9382104,ATSR,70,0,189,30,11.0,70,A
419001284,2026-09-07 18:50:00,22.78274,68.52666,12.8,115.0,115.0,MV SAGAR RATNA,IMO9382104,ATSR,70,0,189,30,11.0,70,A
419001284,2026-09-07 18:55:00,22.775269,68.544139,12.8,115.0,115.0,MV SAGAR RATNA,IMO9382104,ATSR,70,0,189,30,11.0,70,A
419001284,2026-09-07 19:00:00,22.767786,68.561509,12.8,115.0,115.0,MV SAGAR RATNA,IMO9382104,ATSR,70,0,189,30,11.0,70,A
419001284,2026-09-07 19:05:00,22.760162,68.579053,12.8,115.0,115.0,MV SAGAR RATNA,IMO9382104,ATSR,70,0,189,30,11.0,70,A
419001284,2026-09-07 19:10:00,22.752657,68.596343,12.8,115.0,115.0,MV SAGAR RATNA,IMO9382104,ATSR,70,0,189,30,11.0,70,A
419001284,2026-09-07 19:15:00,22.745252,68.613832,12.8,115.0,115.0,MV SAGAR RATNA,IMO9382104,ATSR,70,0,189,30,11.0,70,A
419001284,2026-09-07 19:20:00,22.737635,68.63132,12.8,115.0,115.0,MV SAGAR RATNA,IMO9382104,ATSR,70,0,189,30,11.0,70,A
419001284,2026-09-07 19:25:00,22.730181,68.648737,12.8,115.0,115.0,MV SAGAR RATNA,IMO9382104,ATSR,70,0,189,30,11.0,70,A
419001284,2026-09-07 19:30:00,22.722681,68.66621,12.8,115.0,115.0,MV SAGAR RATNA,IMO9382104,ATSR,70,0,189,30,11.0,70,A
419001284,2026-09-07 19:35:00,22.715106,68.68352,12.8,115.0,115.0,MV SAGAR RATNA,IMO9382104,ATSR,70,0,189,30,11.0,70,A
419001284,2026-09-07 19:40:00,22.70763,68.700993,12.8,115.0,115.0,MV SAGAR RATNA,IMO9382104,ATSR,70,0,189,30,11.0,70,A
419001284,2026-09-07 19:45:00,22.700047,68.71837,12.8,115.0,115.0,MV SAGAR RATNA,IMO9382104,ATSR,70,0,189,30,11.0,70,A
419001284,2026-09-07 19:50:00,22.69265,68.735951,12.8,115.0,115.0,MV SAGAR RATNA,IMO9382104,ATSR,70,0,189,30,11.0,70,A
419001284,2026-09-07 19:55:00,22.685072,68.75336,12.8,115.0,115.0,MV SAGAR RATNA,IMO9382104,ATSR,70,0,189,30,11.0,70,A
419001284,2026-09-07 20:00:00,22.677673,68.770762,12.8,115.0,115.0,MV SAGAR RATNA,IMO9382104,ATSR,70,0,189,30,11.0,70,A
419001284,2026-09-07 20:05:00,22.670025,68.788146,12.8,115.0,115.0,MV SAGAR RATNA,IMO9382104,ATSR,70,0,189,30,11.0,70,A
419001284,2026-09-07 20:10:00,22.66256,68.80555,12.8,115.0,115.0,MV SAGAR RATNA,IMO9382104,ATSR,70,0,189,30,11.0,70,A
419001284,2026-09-07 20:15:00,22.655123,68.823108,12.8,115.0,115.0,MV SAGAR RATNA,IMO9382104,ATSR,70,0,189,30,11.0,70,A
419001284,2026-09-07 20:20:00,22.647463,68.840502,12.8,115.0,115.0,MV SAGAR RATNA,IMO9382104,ATSR,70,0,189,30,11.0,70,A
419001284,2026-09-07 20:25:00,22.640039,68.857896,12.8,115.0,115.0,MV SAGAR RATNA,IMO9382104,ATSR,70,0,189,30,11.0,70,A
419001284,2026-09-07 20:30:00,22.632449,68.875349,12.8,115.0,115.0,MV SAGAR RATNA,IMO9382104,ATSR,70,0,189,30,11.0,70,A
419001284,2026-09-07 20:35:00,22.624898,68.892711,12.8,115.0,115.0,MV SAGAR RATNA,IMO9382104,ATSR,70,0,189,30,11.0,70,A
419001284,2026-09-07 20:40:00,22.61744,68.910133,12.8,115.0,115.0,MV SAGAR RATNA,IMO9382104,ATSR,70,0,189,30,11.0,70,A
419001284,2026-09-07 20:45:00,22.609985,68.927581,12.8,115.0,115.0,MV SAGAR RATNA,IMO9382104,ATSR,70,0,189,30,11.0,70,A
419001284,2026-09-07 20:50:00,22.60247,68.945006,12.8,115.0,115.0,MV SAGAR RATNA,IMO9382104,ATSR,70,0,189,30,11.0,70,A
419001284,2026-09-07 20:55:00,22.59491,68.962508,12.8,115.0,115.0,MV SAGAR RATNA,IMO9382104,ATSR,70,0,189,30,11.0,70,A
419001284,2026-09-07 21:00:00,22.587444,68.979973,12.8,115.0,115.0,MV SAGAR RATNA,IMO9382104,ATSR,70,0,189,30,11.0,70,A
419001284,2026-09-07 21:05:00,22.579911,68.997371,12.8,115.0,115.0,MV SAGAR RATNA,IMO9382104,ATSR,70,0,189,30,11.0,70,A
419001284,2026-09-07 21:10:00,22.57234,69.014789,12.8,115.0,115.0,MV SAGAR RATNA,IMO9382104,ATSR,70,0,189,30,11.0,70,A
419001284,2026-09-07 21:15:00,22.564942,69.032186,12.8,115.0,115.0,MV SAGAR RATNA,IMO9382104,ATSR,70,0,189,30,11.0,70,A
419001284,2026-09-07 21:20:00,22.557411,69.049584,12.8,115.0,115.0,MV SAGAR RATNA,IMO9382104,ATSR,70,0,189,30,11.0,70,A
419001284,2026-09-07 21:25:00,22.549835,69.066987,12.8,115.0,115.0,MV SAGAR RATNA,IMO9382104,ATSR,70,0,189,30,11.0,70,A
419001284,2026-09-07 21:30:00,22.542272,69.084563,12.8,115.0,115.0,MV SAGAR RATNA,IMO9382104,ATSR,70,0,189,30,11.0,70,A
419001284,2026-09-07 21:35:00,22.534841,69.101984,12.8,115.0,115.0,MV SAGAR RATNA,IMO9382104,ATSR,70,0,189,30,11.0,70,A
419001284,2026-09-07 21:40:00,22.527385,69.119301,12.8,115.0,115.0,MV SAGAR RATNA,IMO9382104,ATSR,70,0,189,30,11.0,70,A
419001284,2026-09-07 21:45:00,22.51979,69.13685,12.8,115.0,115.0,MV SAGAR RATNA,IMO9382104,ATSR,70,0,189,30,11.0,70,A
419001284,2026-09-07 21:50:00,22.512253,69.154255,12.8,115.0,115.0,MV SAGAR RATNA,IMO9382104,ATSR,70,0,189,30,11.0,70,A
419001284,2026-09-07 21:55:00,22.504738,69.171583,12.8,115.0,115.0,MV SAGAR RATNA,IMO9382104,ATSR,70,0,189,30,11.0,70,A
419001284,2026-09-07 22:00:00,22.497199,69.189071,12.8,115.0,115.0,MV SAGAR RATNA,IMO9382104,ATSR,70,0,189,30,11.0,70,A
419001284,2026-09-07 22:05:00,22.489824,69.206583,12.8,115.0,115.0,MV SAGAR RATNA,IMO9382104,ATSR,70,0,189,30,11.0,70,A
419001284,2026-09-07 22:10:00,22.482336,69.223986,12.8,115.0,115.0,MV SAGAR RATNA,IMO9382104,ATSR,70,0,189,30,11.0,70,A
419001284,2026-09-07 22:15:00,22.47481,69.241263,12.8,115.0,115.0,MV SAGAR RATNA,IMO9382104,ATSR,70,0,189,30,11.0,70,A
419001284,2026-09-07 22:20:00,22.467175,69.258794,12.8,115.0,115.0,MV SAGAR RATNA,IMO9382104,ATSR,70,0,189,30,11.0,70,A
419001284,2026-09-07 22:25:00,22.459773,69.276271,12.8,115.0,115.0,MV SAGAR RATNA,IMO9382104,ATSR,70,0,189,30,11.0,70,A
419001284,2026-09-07 22:30:00,22.452135,69.293697,12.8,115.0,115.0,MV SAGAR RATNA,IMO9382104,ATSR,70,0,189,30,11.0,70,A
419001284,2026-09-07 22:35:00,22.444781,69.311149,12.8,115.0,115.0,MV SAGAR RATNA,IMO9382104,ATSR,70,0,189,30,11.0,70,A
419001284,2026-09-07 22:40:00,22.43713,69.328438,12.8,115.0,115.0,MV SAGAR RATNA,IMO9382104,ATSR,70,0,189,30,11.0,70,A
419001284,2026-09-07 22:45:00,22.429682,69.345976,12.8,115.0,115.0,MV SAGAR RATNA,IMO9382104,ATSR,70,0,189,30,11.0,70,A
419001284,2026-09-07 22:50:00,22.42212,69.363268,12.8,115.0,115.0,MV SAGAR RATNA,IMO9382104,ATSR,70,0,189,30,11.0,70,A
419001284,2026-09-07 22:55:00,22.414764,69.380867,12.8,115.0,115.0,MV SAGAR RATNA,IMO9382104,ATSR,70,0,189,30,11.0,70,A
419001284,2026-09-07 23:00:00,22.407103,69.398264,12.8,115.0,115.0,MV SAGAR RATNA,IMO9382104,ATSR,70,0,189,30,11.0,70,A
419001284,2026-09-07 23:05:00,22.399671,69.41572,12.8,115.0,115.0,MV SAGAR RATNA,IMO9382104,ATSR,70,0,189,30,11.0,70,A
419001284,2026-09-07 23:10:00,22.392084,69.433145,12.8,115.0,115.0,MV SAGAR RATNA,IMO9382104,ATSR,70,0,189,30,11.0,70,A
419001284,2026-09-07 23:15:00,22.38464,69.45061,12.8,115.0,115.0,MV SAGAR RATNA,IMO9382104,ATSR,70,0,189,30,11.0,70,A
419001284,2026-09-07 23:20:00,22.377131,69.467911,12.8,115.0,115.0,MV SAGAR RATNA,IMO9382104,ATSR,70,0,189,30,11.0,70,A
419001284,2026-09-07 23:25:00,22.369642,69.48537,12.8,115.0,115.0,MV SAGAR RATNA,IMO9382104,ATSR,70,0,189,30,11.0,70,A
419001284,2026-09-07 23:30:00,22.361984,69.502824,12.8,115.0,115.0,MV SAGAR RATNA,IMO9382104,ATSR,70,0,189,30,11.0,70,A
419001284,2026-09-07 23:35:00,22.354504,69.520276,12.8,115.0,115.0,MV SAGAR RATNA,IMO9382104,ATSR,70,0,189,30,11.0,70,A
419001284,2026-09-07 23:40:00,22.346959,69.537726,12.8,115.0,115.0,MV SAGAR RATNA,IMO9382104,ATSR,70,0,189,30,11.0,70,A
419001284,2026-09-07 23:45:00,22.339511,69.555122,12.8,115.0,115.0,MV SAGAR RATNA,IMO9382104,ATSR,70,0,189,30,11.0,70,A
419001284,2026-09-07 23:50:00,22.332122,69.572581,12.8,115.0,115.0,MV SAGAR RATNA,IMO9382104,ATSR,70,0,189,30,11.0,70,A
419001284,2026-09-07 23:55:00,22.324604,69.589976,12.8,115.0,115.0,MV SAGAR RATNA,IMO9382104,ATSR,70,0,189,30,11.0,70,A
419001284,2026-09-08 00:00:00,22.317094,69.607477,12.8,115.0,115.0,MV SAGAR RATNA,IMO9382104,ATSR,70,0,189,30,11.0,70,A
419001284,2026-09-08 00:05:00,22.309483,69.624764,12.8,115.0,115.0,MV SAGAR RATNA,IMO9382104,ATSR,70,0,189,30,11.0,70,A
419001284,2026-09-08 00:10:00,22.301968,69.642296,12.8,115.0,115.0,MV SAGAR RATNA,IMO9382104,ATSR,70,0,189,30,11.0,70,A
419001284,2026-09-08 00:15:00,22.29441,69.659582,12.8,115.0,115.0,MV SAGAR RATNA,IMO9382104,ATSR,70,0,189,30,11.0,70,A
419001284,2026-09-08 00:20:00,22.287013,69.677092,12.8,115.0,115.0,MV SAGAR RATNA,IMO9382104,ATSR,70,0,189,30,11.0,70,A
419001284,2026-09-08 00:25:00,22.27955,69.694476,12.8,115.0,115.0,MV SAGAR RATNA,IMO9382104,ATSR,70,0,189,30,11.0,70,A
419001284,2026-09-08 00:30:00,22.271898,69.712025,12.8,115.0,115.0,MV SAGAR RATNA,IMO9382104,ATSR,70,0,189,30,11.0,70,A
419001284,2026-09-08 00:35:00,22.264376,69.729305,12.8,115.0,115.0,MV SAGAR RATNA,IMO9382104,ATSR,70,0,189,30,11.0,70,A
419001284,2026-09-08 00:40:00,22.256954,69.746802,12.8,115.0,115.0,MV SAGAR RATNA,IMO9382104,ATSR,70,0,189,30,11.0,70,A
419001284,2026-09-08 00:45:00,22.249339,69.764276,12.8,115.0,115.0,MV SAGAR RATNA,IMO9382104,ATSR,70,0,189,30,11.0,70,A
419001284,2026-09-08 00:50:00,22.241953,69.781773,12.8,115.0,115.0,MV SAGAR RATNA,IMO9382104,ATSR,70,0,189,30,11.0,70,A
419001284,2026-09-08 00:55:00,22.234327,69.799158,12.8,115.0,115.0,MV SAGAR RATNA,IMO9382104,ATSR,70,0,189,30,11.0,70,A
419001284,2026-09-08 01:00:00,22.226886,69.816521,12.8,115.0,115.0,MV SAGAR RATNA,IMO9382104,ATSR,70,0,189,30,11.0,70,A
419001284,2026-09-08 01:05:00,22.219271,69.834081,12.8,115.0,115.0,MV SAGAR RATNA,IMO9382104,ATSR,70,0,189,30,11.0,70,A
419001284,2026-09-08 01:10:00,22.211858,69.851435,12.8,115.0,115.0,MV SAGAR RATNA,IMO9382104,ATSR,70,0,189,30,11.0,70,A
419001284,2026-09-08 01:15:00,22.204405,69.868893,12.8,115.0,115.0,MV SAGAR RATNA,IMO9382104,ATSR,70,0,189,30,11.0,70,A
419001284,2026-09-08 01:20:00,22.196836,69.886349,12.8,115.0,115.0,MV SAGAR RATNA,IMO9382104,ATSR,70,0,189,30,11.0,70,A
419001284,2026-09-08 01:25:00,22.189319,69.903801,12.8,115.0,115.0,MV SAGAR RATNA,IMO9382104,ATSR,70,0,189,30,11.0,70,A
419001284,2026-09-08 01:30:00,22.18179,69.921082,12.8,115.0,115.0,MV SAGAR RATNA,IMO9382104,ATSR,70,0,189,30,11.0,70,A
419001284,2026-09-08 01:35:00,22.174295,69.938552,12.8,115.0,115.0,MV SAGAR RATNA,IMO9382104,ATSR,70,0,189,30,11.0,70,A
419001284,2026-09-08 01:40:00,22.16676,69.956079,12.8,115.0,115.0,MV SAGAR RATNA,IMO9382104,ATSR,70,0,189,30,11.0,70,A
419001284,2026-09-08 01:45:00,22.159232,69.973389,12.8,115.0,115.0,MV SAGAR RATNA,IMO9382104,ATSR,70,0,189,30,11.0,70,A
419001284,2026-09-08 01:50:00,22.151772,69.990902,12.8,115.0,115.0,MV SAGAR RATNA,IMO9382104,ATSR,70,0,189,30,11.0,70,A
419001284,2026-09-08 01:55:00,22.144338,70.008193,12.8,115.0,115.0,MV SAGAR RATNA,IMO9382104,ATSR,70,0,189,30,11.0,70,A
419001284,2026-09-08 02:00:00,22.136811,70.025632,12.8,115.0,115.0,MV SAGAR RATNA,IMO9382104,ATSR,70,0,189,30,11.0,70,A
419001284,2026-09-08 02:05:00,22.129162,70.043248,12.8,115.0,115.0,MV SAGAR RATNA,IMO9382104,ATSR,70,0,189,30,11.0,70,A
419001284,2026-09-08 02:10:00,22.121733,70.060653,12.8,115.0,115.0,MV SAGAR RATNA,IMO9382104,ATSR,70,0,189,30,11.0,70,A
419001284,2026-09-08 02:15:00,22.114148,70.077967,12.8,115.0,115.0,MV SAGAR RATNA,IMO9382104,ATSR,70,0,189,30,11.0,70,A
419001284,2026-09-08 02:20:00,22.106656,70.095417,12.8,115.0,115.0,MV SAGAR RATNA,IMO9382104,ATSR,70,0,189,30,11.0,70,A
419001284,2026-09-08 02:25:00,22.099083,70.112797,12.8,115.0,115.0,MV SAGAR RATNA,IMO9382104,ATSR,70,0,189,30,11.0,70,A
419001284,2026-09-08 02:30:00,22.091588,70.130401,12.8,115.0,115.0,MV SAGAR RATNA,IMO9382104,ATSR,70,0,189,30,11.0,70,A
419001284,2026-09-08 02:35:00,22.084182,70.147681,12.8,115.0,115.0,MV SAGAR RATNA,IMO9382104,ATSR,70,0,189,30,11.0,70,A
419001284,2026-09-08 02:40:00,22.076633,70.165075,12.8,115.0,115.0,MV SAGAR RATNA,IMO9382104,ATSR,70,0,189,30,11.0,70,A
419001284,2026-09-08 02:45:00,22.069188,70.182531,12.8,115.0,115.0,MV SAGAR RATNA,IMO9382104,ATSR,70,0,189,30,11.0,70,A
419001284,2026-09-08 02:50:00,22.061562,70.199985,12.8,115.0,115.0,MV SAGAR RATNA,IMO9382104,ATSR,70,0,189,30,11.0,70,A
419001284,2026-09-08 02:55:00,22.054017,70.217553,12.8,115.0,115.0,MV SAGAR RATNA,IMO9382104,ATSR,70,0,189,30,11.0,70,A
419001284,2026-09-08 03:00:00,22.046649,70.234906,12.8,115.0,115.0,MV SAGAR RATNA,IMO9382104,ATSR,70,0,189,30,11.0,70,A
419001284,2026-09-08 03:05:00,22.039009,70.252363,12.8,115.0,115.0,MV SAGAR RATNA,IMO9382104,ATSR,70,0,189,30,11.0,70,A
419001284,2026-09-08 03:10:00,22.031584,70.26968,12.8,115.0,115.0,MV SAGAR RATNA,IMO9382104,ATSR,70,0,189,30,11.0,70,A
419001284,2026-09-08 03:15:00,22.02409,70.287178,12.8,115.0,115.0,MV SAGAR RATNA,IMO9382104,ATSR,70,0,189,30,11.0,70,A
419001284,2026-09-08 03:20:00,22.016628,70.304595,12.8,115.0,115.0,MV SAGAR RATNA,IMO9382104,ATSR,70,0,189,30,11.0,70,A
419001284,2026-09-08 03:25:00,22.009008,70.32211,12.8,115.0,115.0,MV SAGAR RATNA,IMO9382104,ATSR,70,0,189,30,11.0,70,A
353110000,2026-09-07 17:30:00,10.618513,74.878065,18.2,135.0,135.0,EVER GLOBE,IMO9811000,3FEG,70,0,400,59,16.0,70,A
353110000,2026-09-07 17:35:00,10.600725,74.896021,18.2,135.0,135.0,EVER GLOBE,IMO9811000,3FEG,70,0,400,59,16.0,70,A
353110000,2026-09-07 17:40:00,10.582943,74.914195,18.2,135.0,135.0,EVER GLOBE,IMO9811000,3FEG,70,0,400,59,16.0,70,A
353110000,2026-09-07 17:45:00,10.564909,74.93243,18.2,135.0,135.0,EVER GLOBE,IMO9811000,3FEG,70,0,400,59,16.0,70,A
353110000,2026-09-07 17:50:00,10.547165,74.950493,18.2,135.0,135.0,EVER GLOBE,IMO9811000,3FEG,70,0,400,59,16.0,70,A
353110000,2026-09-07 17:55:00,10.529251,74.968599,18.2,135.0,135.0,EVER GLOBE,IMO9811000,3FEG,70,0,400,59,16.0,70,A
353110000,2026-09-07 18:00:00,10.51141,74.986633,18.2,135.0,135.0,EVER GLOBE,IMO9811000,3FEG,70,0,400,59,16.0,70,A
353110000,2026-09-07 18:05:00,10.493567,75.004812,18.2,135.0,135.0,EVER GLOBE,IMO9811000,3FEG,70,0,400,59,16.0,70,A
353110000,2026-09-07 18:10:00,10.475702,75.022987,18.2,135.0,135.0,EVER GLOBE,IMO9811000,3FEG,70,0,400,59,16.0,70,A
353110000,2026-09-07 18:15:00,10.4578,75.040986,18.2,135.0,135.0,EVER GLOBE,IMO9811000,3FEG,70,0,400,59,16.0,70,A
353110000,2026-09-07 18:20:00,10.439874,75.059188,18.2,135.0,135.0,EVER GLOBE,IMO9811000,3FEG,70,0,400,59,16.0,70,A
353110000,2026-09-07 18:25:00,10.422086,75.0774,18.2,135.0,135.0,EVER GLOBE,IMO9811000,3FEG,70,0,400,59,16.0,70,A
353110000,2026-09-07 18:30:00,10.404063,75.095447,18.2,135.0,135.0,EVER GLOBE,IMO9811000,3FEG,70,0,400,59,16.0,70,A
353110000,2026-09-07 18:35:00,10.386315,75.113614,18.2,135.0,135.0,EVER GLOBE,IMO9811000,3FEG,70,0,400,59,16.0,70,A
353110000,2026-09-07 18:40:00,10.368473,75.131733,18.2,135.0,135.0,EVER GLOBE,IMO9811000,3FEG,70,0,400,59,16.0,70,A
353110000,2026-09-07 18:45:00,10.350489,75.149855,18.2,135.0,135.0,EVER GLOBE,IMO9811000,3FEG,70,0,400,59,16.0,70,A
353110000,2026-09-07 18:50:00,10.332602,75.167969,18.2,135.0,135.0,EVER GLOBE,IMO9811000,3FEG,70,0,400,59,16.0,70,A
353110000,2026-09-07 18:55:00,10.314758,75.186132,18.2,135.0,135.0,EVER GLOBE,IMO9811000,3FEG,70,0,400,59,16.0,70,A
353110000,2026-09-07 19:00:00,10.296827,75.204122,18.2,135.0,135.0,EVER GLOBE,IMO9811000,3FEG,70,0,400,59,16.0,70,A
353110000,2026-09-07 19:05:00,10.27896,75.222351,18.2,135.0,135.0,EVER GLOBE,IMO9811000,3FEG,70,0,400,59,16.0,70,A
353110000,2026-09-07 19:10:00,10.261139,75.240409,18.2,135.0,135.0,EVER GLOBE,IMO9811000,3FEG,70,0,400,59,16.0,70,A
353110000,2026-09-07 19:15:00,10.243301,75.258599,18.2,135.0,135.0,EVER GLOBE,IMO9811000,3FEG,70,0,400,59,16.0,70,A
353110000,2026-09-07 19:20:00,10.225458,75.276639,18.2,135.0,135.0,EVER GLOBE,IMO9811000,3FEG,70,0,400,59,16.0,70,A
353110000,2026-09-07 19:25:00,10.207629,75.294801,18.2,135.0,135.0,EVER GLOBE,IMO9811000,3FEG,70,0,400,59,16.0,70,A
353110000,2026-09-07 19:30:00,10.189778,75.312834,18.2,135.0,135.0,EVER GLOBE,IMO9811000,3FEG,70,0,400,59,16.0,70,A
353110000,2026-09-07 19:35:00,10.171816,75.331094,18.2,135.0,135.0,EVER GLOBE,IMO9811000,3FEG,70,0,400,59,16.0,70,A
353110000,2026-09-07 19:40:00,10.15387,75.349138,18.2,135.0,135.0,EVER GLOBE,IMO9811000,3FEG,70,0,400,59,16.0,70,A
353110000,2026-09-07 19:45:00,10.136034,75.367212,18.2,135.0,135.0,EVER GLOBE,IMO9811000,3FEG,70,0,400,59,16.0,70,A
353110000,2026-09-07 19:50:00,10.118147,75.385495,18.2,135.0,135.0,EVER GLOBE,IMO9811000,3FEG,70,0,400,59,16.0,70,A
353110000,2026-09-07 19:55:00,10.100285,75.403583,18.2,135.0,135.0,EVER GLOBE,IMO9811000,3FEG,70,0,400,59,16.0,70,A
353110000,2026-09-07 20:00:00,10.082437,75.421705,18.2,135.0,135.0,EVER GLOBE,IMO9811000,3FEG,70,0,400,59,16.0,70,A
353110000,2026-09-07 20:05:00,10.064592,75.439739,18.2,135.0,135.0,EVER GLOBE,IMO9811000,3FEG,70,0,400,59,16.0,70,A
353110000,2026-09-07 20:10:00,10.046806,75.457857,18.2,135.0,135.0,EVER GLOBE,IMO9811000,3FEG,70,0,400,59,16.0,70,A
353110000,2026-09-07 20:15:00,10.028856,75.475975,18.2,135.0,135.0,EVER GLOBE,IMO9811000,3FEG,70,0,400,59,16.0,70,A
353110000,2026-09-07 20:20:00,10.011027,75.494092,18.2,135.0,135.0,EVER GLOBE,IMO9811000,3FEG,70,0,400,59,16.0,70,A
353110000,2026-09-07 20:25:00,9.993202,75.512337,18.2,135.0,135.0,EVER GLOBE,IMO9811000,3FEG,70,0,400,59,16.0,70,A
353110000,2026-09-07 20:30:00,9.975289,75.53037,18.2,135.0,135.0,EVER GLOBE,IMO9811000,3FEG,70,0,400,59,16.0,70,A
353110000,2026-09-07 20:35:00,9.957305,75.548461,18.2,135.0,135.0,EVER GLOBE,IMO9811000,3FEG,70,0,400,59,16.0,70,A
353110000,2026-09-07 20:40:00,9.93946,75.566587,18.2,135.0,135.0,EVER GLOBE,IMO9811000,3FEG,70,0,400,59,16.0,70,A
353110000,2026-09-07 20:45:00,9.921565,75.58467,18.2,135.0,135.0,EVER GLOBE,IMO9811000,3FEG,70,0,400,59,16.0,70,A
353110000,2026-09-07 20:50:00,9.903732,75.602785,18.2,135.0,135.0,EVER GLOBE,IMO9811000,3FEG,70,0,400,59,16.0,70,A
353110000,2026-09-07 20:55:00,9.885942,75.620915,18.2,135.0,135.0,EVER GLOBE,IMO9811000,3FEG,70,0,400,59,16.0,70,A
353110000,2026-09-07 21:00:00,9.868101,75.639146,18.2,135.0,135.0,EVER GLOBE,IMO9811000,3FEG,70,0,400,59,16.0,70,A
353110000,2026-09-07 21:05:00,9.850194,75.657261,18.2,135.0,135.0,EVER GLOBE,IMO9811000,3FEG,70,0,400,59,16.0,70,A
353110000,2026-09-07 21:10:00,9.832352,75.675313,18.2,135.0,135.0,EVER GLOBE,IMO9811000,3FEG,70,0,400,59,16.0,70,A
353110000,2026-09-07 21:15:00,9.814482,75.693524,18.2,135.0,135.0,EVER GLOBE,IMO9811000,3FEG,70,0,400,59,16.0,70,A
353110000,2026-09-07 21:20:00,9.796561,75.711672,18.2,135.0,135.0,EVER GLOBE,IMO9811000,3FEG,70,0,400,59,16.0,70,A
353110000,2026-09-07 21:25:00,9.778759,75.729687,18.2,135.0,135.0,EVER GLOBE,IMO9811000,3FEG,70,0,400,59,16.0,70,A
353110000,2026-09-07 21:30:00,9.760705,75.747854,18.2,135.0,135.0,EVER GLOBE,IMO9811000,3FEG,70,0,400,59,16.0,70,A
353110000,2026-09-07 21:35:00,9.742889,75.76587,18.2,135.0,135.0,EVER GLOBE,IMO9811000,3FEG,70,0,400,59,16.0,70,A
353110000,2026-09-07 21:40:00,9.725114,75.784089,18.2,135.0,135.0,EVER GLOBE,IMO9811000,3FEG,70,0,400,59,16.0,70,A
353110000,2026-09-07 21:45:00,9.707132,75.802123,18.2,135.0,135.0,EVER GLOBE,IMO9811000,3FEG,70,0,400,59,16.0,70,A
353110000,2026-09-07 21:50:00,9.689392,75.820253,18.2,135.0,135.0,EVER GLOBE,IMO9811000,3FEG,70,0,400,59,16.0,70,A
353110000,2026-09-07 21:55:00,9.671504,75.838391,18.2,135.0,135.0,EVER GLOBE,IMO9811000,3FEG,70,0,400,59,16.0,70,A
353110000,2026-09-07 22:00:00,9.653638,75.856621,18.2,135.0,135.0,EVER GLOBE,IMO9811000,3FEG,70,0,400,59,16.0,70,A
353110000,2026-09-07 22:05:00,9.635636,75.874609,18.2,135.0,135.0,EVER GLOBE,IMO9811000,3FEG,70,0,400,59,16.0,70,A
353110000,2026-09-07 22:10:00,9.617861,75.892855,18.2,135.0,135.0,EVER GLOBE,IMO9811000,3FEG,70,0,400,59,16.0,70,A
353110000,2026-09-07 22:15:00,9.600026,75.910963,18.2,135.0,135.0,EVER GLOBE,IMO9811000,3FEG,70,0,400,59,16.0,70,A
353110000,2026-09-07 22:20:00,9.582146,75.929139,18.2,135.0,135.0,EVER GLOBE,IMO9811000,3FEG,70,0,400,59,16.0,70,A
353110000,2026-09-07 22:25:00,9.564283,75.947189,18.2,135.0,135.0,EVER GLOBE,IMO9811000,3FEG,70,0,400,59,16.0,70,A
353110000,2026-09-07 22:30:00,9.546344,75.965374,18.2,135.0,135.0,EVER GLOBE,IMO9811000,3FEG,70,0,400,59,16.0,70,A
353110000,2026-09-07 22:35:00,9.52849,75.983422,18.2,135.0,135.0,EVER GLOBE,IMO9811000,3FEG,70,0,400,59,16.0,70,A
353110000,2026-09-07 22:40:00,9.510597,76.001461,18.2,135.0,135.0,EVER GLOBE,IMO9811000,3FEG,70,0,400,59,16.0,70,A
353110000,2026-09-07 22:45:00,9.492708,76.019719,18.2,135.0,135.0,EVER GLOBE,IMO9811000,3FEG,70,0,400,59,16.0,70,A
353110000,2026-09-07 22:50:00,9.474906,76.03785,18.2,135.0,135.0,EVER GLOBE,IMO9811000,3FEG,70,0,400,59,16.0,70,A
353110000,2026-09-07 22:55:00,9.457034,76.055982,18.2,135.0,135.0,EVER GLOBE,IMO9811000,3FEG,70,0,400,59,16.0,70,A
353110000,2026-09-07 23:00:00,9.439124,76.074053,18.2,135.0,135.0,EVER GLOBE,IMO9811000,3FEG,70,0,400,59,16.0,70,A
353110000,2026-09-07 23:05:00,9.421205,76.092158,18.2,135.0,135.0,EVER GLOBE,IMO9811000,3FEG,70,0,400,59,16.0,70,A
353110000,2026-09-07 23:10:00,9.40331,76.11021,18.2,135.0,135.0,EVER GLOBE,IMO9811000,3FEG,70,0,400,59,16.0,70,A
353110000,2026-09-07 23:15:00,9.38558,76.128318,18.2,135.0,135.0,EVER GLOBE,IMO9811000,3FEG,70,0,400,59,16.0,70,A
353110000,2026-09-07 23:20:00,9.367602,76.146614,18.2,135.0,135.0,EVER GLOBE,IMO9811000,3FEG,70,0,400,59,16.0,70,A
353110000,2026-09-07 23:25:00,9.34975,76.164672,18.2,135.0,135.0,EVER GLOBE,IMO9811000,3FEG,70,0,400,59,16.0,70,A
353110000,2026-09-07 23:30:00,9.331844,76.182774,18.2,135.0,135.0,EVER GLOBE,IMO9811000,3FEG,70,0,400,59,16.0,70,A
353110000,2026-09-07 23:35:00,9.314036,76.200939,18.2,135.0,135.0,EVER GLOBE,IMO9811000,3FEG,70,0,400,59,16.0,70,A
353110000,2026-09-07 23:40:00,9.296249,76.219089,18.2,135.0,135.0,EVER GLOBE,IMO9811000,3FEG,70,0,400,59,16.0,70,A
353110000,2026-09-07 23:45:00,9.278346,76.237114,18.2,135.0,135.0,EVER GLOBE,IMO9811000,3FEG,70,0,400,59,16.0,70,A
353110000,2026-09-07 23:50:00,9.260365,76.255279,18.2,135.0,135.0,EVER GLOBE,IMO9811000,3FEG,70,0,400,59,16.0,70,A
353110000,2026-09-07 23:55:00,9.242627,76.273279,18.2,135.0,135.0,EVER GLOBE,IMO9811000,3FEG,70,0,400,59,16.0,70,A
353110000,2026-09-08 00:00:00,9.224574,76.291474,18.2,135.0,135.0,EVER GLOBE,IMO9811000,3FEG,70,0,400,59,16.0,70,A
353110000,2026-09-08 00:05:00,9.206896,76.309518,18.2,135.0,135.0,EVER GLOBE,IMO9811000,3FEG,70,0,400,59,16.0,70,A
353110000,2026-09-08 00:10:00,9.188881,76.327816,18.2,135.0,135.0,EVER GLOBE,IMO9811000,3FEG,70,0,400,59,16.0,70,A
353110000,2026-09-08 00:15:00,9.171006,76.345875,18.2,135.0,135.0,EVER GLOBE,IMO9811000,3FEG,70,0,400,59,16.0,70,A
353110000,2026-09-08 00:20:00,9.153288,76.364073,18.2,135.0,135.0,EVER GLOBE,IMO9811000,3FEG,70,0,400,59,16.0,70,A
353110000,2026-09-08 00:25:00,9.135365,76.382134,18.2,135.0,135.0,EVER GLOBE,IMO9811000,3FEG,70,0,400,59,16.0,70,A
353110000,2026-09-08 00:30:00,9.117452,76.400307,18.2,135.0,135.0,EVER GLOBE,IMO9811000,3FEG,70,0,400,59,16.0,70,A
353110000,2026-09-08 00:35:00,9.099609,76.418273,18.2,135.0,135.0,EVER GLOBE,IMO9811000,3FEG,70,0,400,59,16.0,70,A
353110000,2026-09-08 00:40:00,9.081702,76.436539,18.2,135.0,135.0,EVER GLOBE,IMO9811000,3FEG,70,0,400,59,16.0,70,A
353110000,2026-09-08 00:45:00,9.063894,76.454523,18.2,135.0,135.0,EVER GLOBE,IMO9811000,3FEG,70,0,400,59,16.0,70,A
353110000,2026-09-08 00:50:00,9.046058,76.472652,18.2,135.0,135.0,EVER GLOBE,IMO9811000,3FEG,70,0,400,59,16.0,70,A
353110000,2026-09-08 00:55:00,9.028032,76.490917,18.2,135.0,135.0,EVER GLOBE,IMO9811000,3FEG,70,0,400,59,16.0,70,A
353110000,2026-09-08 01:00:00,9.01031,76.508988,18.2,135.0,135.0,EVER GLOBE,IMO9811000,3FEG,70,0,400,59,16.0,70,A
353110000,2026-09-08 01:05:00,8.992269,76.527098,18.2,135.0,135.0,EVER GLOBE,IMO9811000,3FEG,70,0,400,59,16.0,70,A
353110000,2026-09-08 01:10:00,8.974524,76.545273,18.2,135.0,135.0,EVER GLOBE,IMO9811000,3FEG,70,0,400,59,16.0,70,A
353110000,2026-09-08 01:15:00,8.956517,76.563403,18.2,135.0,135.0,EVER GLOBE,IMO9811000,3FEG,70,0,400,59,16.0,70,A
353110000,2026-09-08 01:20:00,8.938644,76.581517,18.2,135.0,135.0,EVER GLOBE,IMO9811000,3FEG,70,0,400,59,16.0,70,A
353110000,2026-09-08 01:25:00,8.920824,76.599564,18.2,135.0,135.0,EVER GLOBE,IMO9811000,3FEG,70,0,400,59,16.0,70,A
353110000,2026-09-08 01:30:00,8.903001,76.617685,18.2,135.0,135.0,EVER GLOBE,IMO9811000,3FEG,70,0,400,59,16.0,70,A
353110000,2026-09-08 01:35:00,8.885033,76.635719,18.2,135.0,135.0,EVER GLOBE,IMO9811000,3FEG,70,0,400,59,16.0,70,A
353110000,2026-09-08 01:40:00,8.867173,76.654015,18.2,135.0,135.0,EVER GLOBE,IMO9811000,3FEG,70,0,400,59,16.0,70,A
353110000,2026-09-08 01:45:00,8.84935,76.672047,18.2,135.0,135.0,EVER GLOBE,IMO9811000,3FEG,70,0,400,59,16.0,70,A
353110000,2026-09-08 01:50:00,8.831512,76.690071,18.2,135.0,135.0,EVER GLOBE,IMO9811000,3FEG,70,0,400,59,16.0,70,A
353110000,2026-09-08 01:55:00,8.813638,76.708316,18.2,135.0,135.0,EVER GLOBE,IMO9811000,3FEG,70,0,400,59,16.0,70,A
353110000,2026-09-08 02:00:00,8.79569,76.726323,18.2,135.0,135.0,EVER GLOBE,IMO9811000,3FEG,70,0,400,59,16.0,70,A
353110000,2026-09-08 02:05:00,8.777805,76.744617,18.2,135.0,135.0,EVER GLOBE,IMO9811000,3FEG,70,0,400,59,16.0,70,A
353110000,2026-09-08 02:10:00,8.76008,76.762571,18.2,135.0,135.0,EVER GLOBE,IMO9811000,3FEG,70,0,400,59,16.0,70,A
353110000,2026-09-08 02:15:00,8.742213,76.780803,18.2,135.0,135.0,EVER GLOBE,IMO9811000,3FEG,70,0,400,59,16.0,70,A
353110000,2026-09-08 02:20:00,8.724314,76.798881,18.2,135.0,135.0,EVER GLOBE,IMO9811000,3FEG,70,0,400,59,16.0,70,A
353110000,2026-09-08 02:25:00,8.70632,76.816968,18.2,135.0,135.0,EVER GLOBE,IMO9811000,3FEG,70,0,400,59,16.0,70,A
353110000,2026-09-08 02:30:00,8.688596,76.835103,18.2,135.0,135.0,EVER GLOBE,IMO9811000,3FEG,70,0,400,59,16.0,70,A
353110000,2026-09-08 02:35:00,8.670724,76.853238,18.2,135.0,135.0,EVER GLOBE,IMO9811000,3FEG,70,0,400,59,16.0,70,A
353110000,2026-09-08 02:40:00,8.652752,76.871301,18.2,135.0,135.0,EVER GLOBE,IMO9811000,3FEG,70,0,400,59,16.0,70,A
353110000,2026-09-08 02:45:00,8.634898,76.889419,18.2,135.0,135.0,EVER GLOBE,IMO9811000,3FEG,70,0,400,59,16.0,70,A
353110000,2026-09-08 02:50:00,8.61707,76.907658,18.2,135.0,135.0,EVER GLOBE,IMO9811000,3FEG,70,0,400,59,16.0,70,A
353110000,2026-09-08 02:55:00,8.599174,76.925812,18.2,135.0,135.0,EVER GLOBE,IMO9811000,3FEG,70,0,400,59,16.0,70,A
353110000,2026-09-08 03:00:00,8.581403,76.943787,18.2,135.0,135.0,EVER GLOBE,IMO9811000,3FEG,70,0,400,59,16.0,70,A
353110000,2026-09-08 03:05:00,8.563424,76.962086,18.2,135.0,135.0,EVER GLOBE,IMO9811000,3FEG,70,0,400,59,16.0,70,A
353110000,2026-09-08 03:10:00,8.545665,76.98004,18.2,135.0,135.0,EVER GLOBE,IMO9811000,3FEG,70,0,400,59,16.0,70,A
353110000,2026-09-08 03:15:00,8.527611,76.99824,18.2,135.0,135.0,EVER GLOBE,IMO9811000,3FEG,70,0,400,59,16.0,70,A
353110000,2026-09-08 03:20:00,8.50993,77.016328,18.2,135.0,135.0,EVER GLOBE,IMO9811000,3FEG,70,0,400,59,16.0,70,A
353110000,2026-09-08 03:25:00,8.49201,77.034467,18.2,135.0,135.0,EVER GLOBE,IMO9811000,3FEG,70,0,400,59,16.0,70,A
370001000,2026-09-07 17:30:00,16.991645,73.149729,20.1,160.0,160.0,MSC KALINA,IMO9399002,3EKL,70,0,366,51,15.0,70,A
370001000,2026-09-07 17:35:00,16.965405,73.159656,20.1,160.0,160.0,MSC KALINA,IMO9399002,3EKL,70,0,366,51,15.0,70,A
370001000,2026-09-07 17:40:00,16.939208,73.169574,20.1,160.0,160.0,MSC KALINA,IMO9399002,3EKL,70,0,366,51,15.0,70,A
370001000,2026-09-07 17:45:00,16.913078,73.179359,20.1,160.0,160.0,MSC KALINA,IMO9399002,3EKL,70,0,366,51,15.0,70,A
370001000,2026-09-07 17:50:00,16.886842,73.189416,20.1,160.0,160.0,MSC KALINA,IMO9399002,3EKL,70,0,366,51,15.0,70,A
370001000,2026-09-07 17:55:00,16.860511,73.199346,20.1,160.0,160.0,MSC KALINA,IMO9399002,3EKL,70,0,366,51,15.0,70,A
370001000,2026-09-07 18:00:00,16.834332,73.209175,20.1,160.0,160.0,MSC KALINA,IMO9399002,3EKL,70,0,366,51,15.0,70,A
370001000,2026-09-07 18:05:00,16.807987,73.219113,20.1,160.0,160.0,MSC KALINA,IMO9399002,3EKL,70,0,366,51,15.0,70,A
370001000,2026-09-07 18:10:00,16.781795,73.228991,20.1,160.0,160.0,MSC KALINA,IMO9399002,3EKL,70,0,366,51,15.0,70,A
370001000,2026-09-07 18:15:00,16.755614,73.238957,20.1,160.0,160.0,MSC KALINA,IMO9399002,3EKL,70,0,366,51,15.0,70,A
370001000,2026-09-07 18:20:00,16.72938,73.248751,20.1,160.0,160.0,MSC KALINA,IMO9399002,3EKL,70,0,366,51,15.0,70,A
370001000,2026-09-07 18:25:00,16.703105,73.258714,20.1,160.0,160.0,MSC KALINA,IMO9399002,3EKL,70,0,366,51,15.0,70,A
370001000,2026-09-07 18:30:00,16.67695,73.26855,20.1,160.0,160.0,MSC KALINA,IMO9399002,3EKL,70,0,366,51,15.0,70,A
370001000,2026-09-07 18:35:00,16.650612,73.278494,20.1,160.0,160.0,MSC KALINA,IMO9399002,3EKL,70,0,366,51,15.0,70,A
370001000,2026-09-07 18:40:00,16.624529,73.28844,20.1,160.0,160.0,MSC KALINA,IMO9399002,3EKL,70,0,366,51,15.0,70,A
370001000,2026-09-07 18:45:00,16.5982,73.298285,20.1,160.0,160.0,MSC KALINA,IMO9399002,3EKL,70,0,366,51,15.0,70,A
370001000,2026-09-07 18:50:00,16.571951,73.308176,20.1,160.0,160.0,MSC KALINA,IMO9399002,3EKL,70,0,366,51,15.0,70,A
370001000,2026-09-07 18:55:00,16.545867,73.318116,20.1,160.0,160.0,MSC KALINA,IMO9399002,3EKL,70,0,366,51,15.0,70,A
370001000,2026-09-07 19:00:00,16.519596,73.327928,20.1,160.0,160.0,MSC KALINA,IMO9399002,3EKL,70,0,366,51,15.0,70,A
370001000,2026-09-07 19:05:00,16.493364,73.337823,20.1,160.0,160.0,MSC KALINA,IMO9399002,3EKL,70,0,366,51,15.0,70,A
370001000,2026-09-07 19:10:00,16.467072,73.34777,20.1,160.0,160.0,MSC KALINA,IMO9399002,3EKL,70,0,366,51,15.0,70,A
370001000,2026-09-07 19:15:00,16.440859,73.357698,20.1,160.0,160.0,MSC KALINA,IMO9399002,3EKL,70,0,366,51,15.0,70,A
370001000,2026-09-07 19:20:00,16.414745,73.367683,20.1,160.0,160.0,MSC KALINA,IMO9399002,3EKL,70,0,366,51,15.0,70,A
370001000,2026-09-07 19:25:00,16.388436,73.37741,20.1,160.0,160.0,MSC KALINA,IMO9399002,3EKL,70,0,366,51,15.0,70,A
370001000,2026-09-07 19:30:00,16.362175,73.387429,20.1,160.0,160.0,MSC KALINA,IMO9399002,3EKL,70,0,366,51,15.0,70,A
370001000,2026-09-07 19:35:00,16.335892,73.397399,20.1,160.0,160.0,MSC KALINA,IMO9399002,3EKL,70,0,366,51,15.0,70,A
370001000,2026-09-07 19:40:00,16.309767,73.407273,20.1,160.0,160.0,MSC KALINA,IMO9399002,3EKL,70,0,366,51,15.0,70,A
370001000,2026-09-07 19:45:00,16.283582,73.41713,20.1,160.0,160.0,MSC KALINA,IMO9399002,3EKL,70,0,366,51,15.0,70,A
370001000,2026-09-07 19:50:00,16.257231,73.426927,20.1,160.0,160.0,MSC KALINA,IMO9399002,3EKL,70,0,366,51,15.0,70,A
370001000,2026-09-07 19:55:00,16.231018,73.436919,20.1,160.0,160.0,MSC KALINA,IMO9399002,3EKL,70,0,366,51,15.0,70,A
370001000,2026-09-07 20:00:00,16.204913,73.446726,20.1,160.0,160.0,MSC KALINA,IMO9399002,3EKL,70,0,366,51,15.0,70,A
370001000,2026-09-07 20:05:00,16.17856,73.456708,20.1,160.0,160.0,MSC KALINA,IMO9399002,3EKL,70,0,366,51,15.0,70,A
370001000,2026-09-07 20:10:00,16.152281,73.466698,20.1,160.0,160.0,MSC KALINA,IMO9399002,3EKL,70,0,366,51,15.0,70,A
370001000,2026-09-07 20:15:00,16.126118,73.47656,20.1,160.0,160.0,MSC KALINA,IMO9399002,3EKL,70,0,366,51,15.0,70,A
370001000,2026-09-07 20:20:00,16.099858,73.486476,20.1,160.0,160.0,MSC KALINA,IMO9399002,3EKL,70,0,366,51,15.0,70,A
370001000,2026-09-07 20:25:00,16.073645,73.496263,20.1,160.0,160.0,MSC KALINA,IMO9399002,3EKL,70,0,366,51,15.0,70,A
370001000,2026-09-07 20:30:00,16.047519,73.506251,20.1,160.0,160.0,MSC KALINA,IMO9399002,3EKL,70,0,366,51,15.0,70,A
370001000,2026-09-07 20:35:00,16.021276,73.516206,20.1,160.0,160.0,MSC KALINA,IMO9399002,3EKL,70,0,366,51,15.0,70,A
370001000,2026-09-07 20:40:00,15.994952,73.526059,20.1,160.0,160.0,MSC KALINA,IMO9399002,3EKL,70,0,366,51,15.0,70,A
370001000,2026-09-07 20:45:00,15.968757,73.535915,20.1,160.0,160.0,MSC KALINA,IMO9399002,3EKL,70,0,366,51,15.0,70,A
370001000,2026-09-07 20:50:00,15.942525,73.545908,20.1,160.0,160.0,MSC KALINA,IMO9399002,3EKL,70,0,366,51,15.0,70,A
370001000,2026-09-07 20:55:00,15.91641,73.555703,20.1,160.0,160.0,MSC KALINA,IMO9399002,3EKL,70,0,366,51,15.0,70,A
370001000,2026-09-07 21:00:00,15.890162,73.565721,20.1,160.0,160.0,MSC KALINA,IMO9399002,3EKL,70,0,366,51,15.0,70,A
370001000,2026-09-07 21:05:00,15.863836,73.575502,20.1,160.0,160.0,MSC KALINA,IMO9399002,3EKL,70,0,366,51,15.0,70,A
370001000,2026-09-07 21:10:00,15.837535,73.585402,20.1,160.0,160.0,MSC KALINA,IMO9399002,3EKL,70,0,366,51,15.0,70,A
370001000,2026-09-07 21:15:00,15.811403,73.595456,20.1,160.0,160.0,MSC KALINA,IMO9399002,3EKL,70,0,366,51,15.0,70,A
370001000,2026-09-07 21:20:00,15.785211,73.605257,20.1,160.0,160.0,MSC KALINA,IMO9399002,3EKL,70,0,366,51,15.0,70,A
370001000,2026-09-07 21:25:00,15.758963,73.615231,20.1,160.0,160.0,MSC KALINA,IMO9399002,3EKL,70,0,366,51,15.0,70,A
370001000,2026-09-07 21:30:00,15.732751,73.625061,20.1,160.0,160.0,MSC KALINA,IMO9399002,3EKL,70,0,366,51,15.0,70,A
370001000,2026-09-07 21:35:00,15.706571,73.634924,20.1,160.0,160.0,MSC KALINA,IMO9399002,3EKL,70,0,366,51,15.0,70,A
370001000,2026-09-07 21:40:00,15.680307,73.644893,20.1,160.0,160.0,MSC KALINA,IMO9399002,3EKL,70,0,366,51,15.0,70,A
370001000,2026-09-07 21:45:00,15.654007,73.654775,20.1,160.0,160.0,MSC KALINA,IMO9399002,3EKL,70,0,366,51,15.0,70,A
370001000,2026-09-07 21:50:00,15.627878,73.66466,20.1,160.0,160.0,MSC KALINA,IMO9399002,3EKL,70,0,366,51,15.0,70,A
370001000,2026-09-07 21:55:00,15.601605,73.674536,20.1,160.0,160.0,MSC KALINA,IMO9399002,3EKL,70,0,366,51,15.0,70,A
370001000,2026-09-07 22:00:00,15.575374,73.684435,20.1,160.0,160.0,MSC KALINA,IMO9399002,3EKL,70,0,366,51,15.0,70,A
370001000,2026-09-07 22:05:00,15.549065,73.694297,20.1,160.0,160.0,MSC KALINA,IMO9399002,3EKL,70,0,366,51,15.0,70,A
370001000,2026-09-07 22:10:00,15.522969,73.704216,20.1,160.0,160.0,MSC KALINA,IMO9399002,3EKL,70,0,366,51,15.0,70,A
370001000,2026-09-07 22:15:00,15.496701,73.71422,20.1,160.0,160.0,MSC KALINA,IMO9399002,3EKL,70,0,366,51,15.0,70,A
370001000,2026-09-07 22:20:00,15.47052,73.724011,20.1,160.0,160.0,MSC KALINA,IMO9399002,3EKL,70,0,366,51,15.0,70,A
370001000,2026-09-07 22:25:00,15.444297,73.733914,20.1,160.0,160.0,MSC KALINA,IMO9399002,3EKL,70,0,366,51,15.0,70,A
370001000,2026-09-07 22:30:00,15.418048,73.743857,20.1,160.0,160.0,MSC KALINA,IMO9399002,3EKL,70,0,366,51,15.0,70,A
370001000,2026-09-07 22:35:00,15.39182,73.753823,20.1,160.0,160.0,MSC KALINA,IMO9399002,3EKL,70,0,366,51,15.0,70,A
370001000,2026-09-07 22:40:00,15.365479,73.763651,20.1,160.0,160.0,MSC KALINA,IMO9399002,3EKL,70,0,366,51,15.0,70,A
370001000,2026-09-07 22:45:00,15.33925,73.773514,20.1,160.0,160.0,MSC KALINA,IMO9399002,3EKL,70,0,366,51,15.0,70,A
370001000,2026-09-07 22:50:00,15.313156,73.783427,20.1,160.0,160.0,MSC KALINA,IMO9399002,3EKL,70,0,366,51,15.0,70,A
370001000,2026-09-07 22:55:00,15.286819,73.79334,20.1,160.0,160.0,MSC KALINA,IMO9399002,3EKL,70,0,366,51,15.0,70,A
370001000,2026-09-07 23:00:00,15.260637,73.803419,20.1,160.0,160.0,MSC KALINA,IMO9399002,3EKL,70,0,366,51,15.0,70,A
370001000,2026-09-07 23:05:00,15.234458,73.813303,20.1,160.0,160.0,MSC KALINA,IMO9399002,3EKL,70,0,366,51,15.0,70,A
370001000,2026-09-07 23:10:00,15.208162,73.823141,20.1,160.0,160.0,MSC KALINA,IMO9399002,3EKL,70,0,366,51,15.0,70,A
370001000,2026-09-07 23:15:00,15.181886,73.832953,20.1,160.0,160.0,MSC KALINA,IMO9399002,3EKL,70,0,366,51,15.0,70,A
370001000,2026-09-07 23:20:00,15.155719,73.842832,20.1,160.0,160.0,MSC KALINA,IMO9399002,3EKL,70,0,366,51,15.0,70,A
370001000,2026-09-07 23:25:00,15.129375,73.852776,20.1,160.0,160.0,MSC KALINA,IMO9399002,3EKL,70,0,366,51,15.0,70,A
370001000,2026-09-07 23:30:00,15.103227,73.862676,20.1,160.0,160.0,MSC KALINA,IMO9399002,3EKL,70,0,366,51,15.0,70,A
370001000,2026-09-07 23:35:00,15.076981,73.872726,20.1,160.0,160.0,MSC KALINA,IMO9399002,3EKL,70,0,366,51,15.0,70,A
370001000,2026-09-07 23:40:00,15.050804,73.882631,20.1,160.0,160.0,MSC KALINA,IMO9399002,3EKL,70,0,366,51,15.0,70,A
370001000,2026-09-07 23:45:00,15.024464,73.89249,20.1,160.0,160.0,MSC KALINA,IMO9399002,3EKL,70,0,366,51,15.0,70,A
370001000,2026-09-07 23:50:00,14.998251,73.90234,20.1,160.0,160.0,MSC KALINA,IMO9399002,3EKL,70,0,366,51,15.0,70,A
370001000,2026-09-07 23:55:00,14.972046,73.912221,20.1,160.0,160.0,MSC KALINA,IMO9399002,3EKL,70,0,366,51,15.0,70,A
370001000,2026-09-08 00:00:00,14.945931,73.922073,20.1,160.0,160.0,MSC KALINA,IMO9399002,3EKL,70,0,366,51,15.0,70,A
370001000,2026-09-08 00:05:00,14.919606,73.93213,20.1,160.0,160.0,MSC KALINA,IMO9399002,3EKL,70,0,366,51,15.0,70,A
370001000,2026-09-08 00:10:00,14.893366,73.941879,20.1,160.0,160.0,MSC KALINA,IMO9399002,3EKL,70,0,366,51,15.0,70,A
370001000,2026-09-08 00:15:00,14.867269,73.951816,20.1,160.0,160.0,MSC KALINA,IMO9399002,3EKL,70,0,366,51,15.0,70,A
370001000,2026-09-08 00:20:00,14.840995,73.961818,20.1,160.0,160.0,MSC KALINA,IMO9399002,3EKL,70,0,366,51,15.0,70,A
370001000,2026-09-08 00:25:00,14.81474,73.971686,20.1,160.0,160.0,MSC KALINA,IMO9399002,3EKL,70,0,366,51,15.0,70,A
370001000,2026-09-08 00:30:00,14.788496,73.981655,20.1,160.0,160.0,MSC KALINA,IMO9399002,3EKL,70,0,366,51,15.0,70,A
370001000,2026-09-08 00:35:00,14.76227,73.991554,20.1,160.0,160.0,MSC KALINA,IMO9399002,3EKL,70,0,366,51,15.0,70,A
370001000,2026-09-08 00:40:00,14.73599,74.001294,20.1,160.0,160.0,MSC KALINA,IMO9399002,3EKL,70,0,366,51,15.0,70,A
370001000,2026-09-08 00:45:00,14.709865,74.011369,20.1,160.0,160.0,MSC KALINA,IMO9399002,3EKL,70,0,366,51,15.0,70,A
370001000,2026-09-08 00:50:00,14.683576,74.021167,20.1,160.0,160.0,MSC KALINA,IMO9399002,3EKL,70,0,366,51,15.0,70,A
370001000,2026-09-08 00:55:00,14.657377,74.031006,20.1,160.0,160.0,MSC KALINA,IMO9399002,3EKL,70,0,366,51,15.0,70,A
370001000,2026-09-08 01:00:00,14.631216,74.040894,20.1,160.0,160.0,MSC KALINA,IMO9399002,3EKL,70,0,366,51,15.0,70,A
370001000,2026-09-08 01:05:00,14.604961,74.05082,20.1,160.0,160.0,MSC KALINA,IMO9399002,3EKL,70,0,366,51,15.0,70,A
370001000,2026-09-08 01:10:00,14.578766,74.060726,20.1,160.0,160.0,MSC KALINA,IMO9399002,3EKL,70,0,366,51,15.0,70,A
370001000,2026-09-08 01:15:00,14.552363,74.070633,20.1,160.0,160.0,MSC KALINA,IMO9399002,3EKL,70,0,366,51,15.0,70,A
370001000,2026-09-08 01:20:00,14.526219,74.080526,20.1,160.0,160.0,MSC KALINA,IMO9399002,3EKL,70,0,366,51,15.0,70,A
370001000,2026-09-08 01:25:00,14.499932,74.090505,20.1,160.0,160.0,MSC KALINA,IMO9399002,3EKL,70,0,366,51,15.0,70,A
370001000,2026-09-08 01:30:00,14.473838,74.100456,20.1,160.0,160.0,MSC KALINA,IMO9399002,3EKL,70,0,366,51,15.0,70,A
370001000,2026-09-08 01:35:00,14.447548,74.11031,20.1,160.0,160.0,MSC KALINA,IMO9399002,3EKL,70,0,366,51,15.0,70,A
370001000,2026-09-08 01:40:00,14.421398,74.12025,20.1,160.0,160.0,MSC KALINA,IMO9399002,3EKL,70,0,366,51,15.0,70,A
370001000,2026-09-08 01:45:00,14.395089,74.130057,20.1,160.0,160.0,MSC KALINA,IMO9399002,3EKL,70,0,366,51,15.0,70,A
370001000,2026-09-08 01:50:00,14.368806,74.140091,20.1,160.0,160.0,MSC KALINA,IMO9399002,3EKL,70,0,366,51,15.0,70,A
370001000,2026-09-08 01:55:00,14.342522,74.150011,20.1,160.0,160.0,MSC KALINA,IMO9399002,3EKL,70,0,366,51,15.0,70,A
370001000,2026-09-08 02:00:00,14.316417,74.159782,20.1,160.0,160.0,MSC KALINA,IMO9399002,3EKL,70,0,366,51,15.0,70,A
370001000,2026-09-08 02:05:00,14.290182,74.169705,20.1,160.0,160.0,MSC KALINA,IMO9399002,3EKL,70,0,366,51,15.0,70,A
370001000,2026-09-08 02:10:00,14.26392,74.17961,20.1,160.0,160.0,MSC KALINA,IMO9399002,3EKL,70,0,366,51,15.0,70,A
370001000,2026-09-08 02:15:00,14.23766,74.189461,20.1,160.0,160.0,MSC KALINA,IMO9399002,3EKL,70,0,366,51,15.0,70,A
370001000,2026-09-08 02:20:00,14.211476,74.199521,20.1,160.0,160.0,MSC KALINA,IMO9399002,3EKL,70,0,366,51,15.0,70,A
370001000,2026-09-08 02:25:00,14.185233,74.20932,20.1,160.0,160.0,MSC KALINA,IMO9399002,3EKL,70,0,366,51,15.0,70,A
370001000,2026-09-08 02:30:00,14.158933,74.219217,20.1,160.0,160.0,MSC KALINA,IMO9399002,3EKL,70,0,366,51,15.0,70,A
370001000,2026-09-08 02:35:00,14.132874,74.229079,20.1,160.0,160.0,MSC KALINA,IMO9399002,3EKL,70,0,366,51,15.0,70,A
370001000,2026-09-08 02:40:00,14.106547,74.238988,20.1,160.0,160.0,MSC KALINA,IMO9399002,3EKL,70,0,366,51,15.0,70,A
370001000,2026-09-08 02:45:00,14.080302,74.248997,20.1,160.0,160.0,MSC KALINA,IMO9399002,3EKL,70,0,366,51,15.0,70,A
370001000,2026-09-08 02:50:00,14.054027,74.258792,20.1,160.0,160.0,MSC KALINA,IMO9399002,3EKL,70,0,366,51,15.0,70,A
370001000,2026-09-08 02:55:00,14.02784,74.268804,20.1,160.0,160.0,MSC KALINA,IMO9399002,3EKL,70,0,366,51,15.0,70,A
370001000,2026-09-08 03:00:00,14.001625,74.278726,20.1,160.0,160.0,MSC KALINA,IMO9399002,3EKL,70,0,366,51,15.0,70,A
370001000,2026-09-08 03:05:00,13.975354,74.288544,20.1,160.0,160.0,MSC KALINA,IMO9399002,3EKL,70,0,366,51,15.0,70,A
370001000,2026-09-08 03:10:00,13.949273,74.298483,20.1,160.0,160.0,MSC KALINA,IMO9399002,3EKL,70,0,366,51,15.0,70,A
370001000,2026-09-08 03:15:00,13.922911,74.308387,20.1,160.0,160.0,MSC KALINA,IMO9399002,3EKL,70,0,366,51,15.0,70,A
370001000,2026-09-08 03:20:00,13.896693,74.318175,20.1,160.0,160.0,MSC KALINA,IMO9399002,3EKL,70,0,366,51,15.0,70,A
370001000,2026-09-08 03:25:00,13.87041,74.328118,20.1,160.0,160.0,MSC KALINA,IMO9399002,3EKL,70,0,366,51,15.0,70,A
219018000,2026-09-07 17:30:00,21.227644,87.364454,17.5,210.0,210.0,MAERSK MC-KINNEY,IMO9619907,OXMM,70,0,399,59,15.5,70,A
219018000,2026-09-07 17:35:00,21.206592,87.351552,17.5,210.0,210.0,MAERSK MC-KINNEY,IMO9619907,OXMM,70,0,399,59,15.5,70,A
219018000,2026-09-07 17:40:00,21.185457,87.338554,17.5,210.0,210.0,MAERSK MC-KINNEY,IMO9619907,OXMM,70,0,399,59,15.5,70,A
219018000,2026-09-07 17:45:00,21.164513,87.325645,17.5,210.0,210.0,MAERSK MC-KINNEY,IMO9619907,OXMM,70,0,399,59,15.5,70,A
219018000,2026-09-07 17:50:00,21.143324,87.312762,17.5,210.0,210.0,MAERSK MC-KINNEY,IMO9619907,OXMM,70,0,399,59,15.5,70,A
219018000,2026-09-07 17:55:00,21.122335,87.299812,17.5,210.0,210.0,MAERSK MC-KINNEY,IMO9619907,OXMM,70,0,399,59,15.5,70,A
219018000,2026-09-07 18:00:00,21.101204,87.286866,17.5,210.0,210.0,MAERSK MC-KINNEY,IMO9619907,OXMM,70,0,399,59,15.5,70,A
219018000,2026-09-07 18:05:00,21.08029,87.273937,17.5,210.0,210.0,MAERSK MC-KINNEY,IMO9619907,OXMM,70,0,399,59,15.5,70,A
219018000,2026-09-07 18:10:00,21.059262,87.261046,17.5,210.0,210.0,MAERSK MC-KINNEY,IMO9619907,OXMM,70,0,399,59,15.5,70,A
219018000,2026-09-07 18:15:00,21.038073,87.248202,17.5,210.0,210.0,MAERSK MC-KINNEY,IMO9619907,OXMM,70,0,399,59,15.5,70,A
219018000,2026-09-07 18:20:00,21.017078,87.235254,17.5,210.0,210.0,MAERSK MC-KINNEY,IMO9619907,OXMM,70,0,399,59,15.5,70,A
219018000,2026-09-07 18:25:00,20.995976,87.222241,17.5,210.0,210.0,MAERSK MC-KINNEY,IMO9619907,OXMM,70,0,399,59,15.5,70,A
219018000,2026-09-07 18:30:00,20.975039,87.209257,17.5,210.0,210.0,MAERSK MC-KINNEY,IMO9619907,OXMM,70,0,399,59,15.5,70,A
219018000,2026-09-07 18:35:00,20.954077,87.196345,17.5,210.0,210.0,MAERSK MC-KINNEY,IMO9619907,OXMM,70,0,399,59,15.5,70,A
219018000,2026-09-07 18:40:00,20.932952,87.183404,17.5,210.0,210.0,MAERSK MC-KINNEY,IMO9619907,OXMM,70,0,399,59,15.5,70,A
219018000,2026-09-07 18:45:00,20.911928,87.170588,17.5,210.0,210.0,MAERSK MC-KINNEY,IMO9619907,OXMM,70,0,399,59,15.5,70,A
219018000,2026-09-07 18:50:00,20.890848,87.157573,17.5,210.0,210.0,MAERSK MC-KINNEY,IMO9619907,OXMM,70,0,399,59,15.5,70,A
219018000,2026-09-07 18:55:00,20.869795,87.14481,17.5,210.0,210.0,MAERSK MC-KINNEY,IMO9619907,OXMM,70,0,399,59,15.5,70,A
219018000,2026-09-07 19:00:00,20.848671,87.131824,17.5,210.0,210.0,MAERSK MC-KINNEY,IMO9619907,OXMM,70,0,399,59,15.5,70,A
219018000,2026-09-07 19:05:00,20.827741,87.118881,17.5,210.0,210.0,MAERSK MC-KINNEY,IMO9619907,OXMM,70,0,399,59,15.5,70,A
219018000,2026-09-07 19:10:00,20.806608,87.105866,17.5,210.0,210.0,MAERSK MC-KINNEY,IMO9619907,OXMM,70,0,399,59,15.5,70,A
219018000,2026-09-07 19:15:00,20.785536,87.093102,17.5,210.0,210.0,MAERSK MC-KINNEY,IMO9619907,OXMM,70,0,399,59,15.5,70,A
219018000,2026-09-07 19:20:00,20.764616,87.080016,17.5,210.0,210.0,MAERSK MC-KINNEY,IMO9619907,OXMM,70,0,399,59,15.5,70,A
219018000,2026-09-07 19:25:00,20.743431,87.067065,17.5,210.0,210.0,MAERSK MC-KINNEY,IMO9619907,OXMM,70,0,399,59,15.5,70,A
219018000,2026-09-07 19:30:00,20.722433,87.054165,17.5,210.0,210.0,MAERSK MC-KINNEY,IMO9619907,OXMM,70,0,399,59,15.5,70,A
219018000,2026-09-07 19:35:00,20.701343,87.041206,17.5,210.0,210.0,MAERSK MC-KINNEY,IMO9619907,OXMM,70,0,399,59,15.5,70,A
219018000,2026-09-07 19:40:00,20.680365,87.028404,17.5,210.0,210.0,MAERSK MC-KINNEY,IMO9619907,OXMM,70,0,399,59,15.5,70,A
219018000,2026-09-07 19:45:00,20.65935,87.015456,17.5,210.0,210.0,MAERSK MC-KINNEY,IMO9619907,OXMM,70,0,399,59,15.5,70,A
219018000,2026-09-07 19:50:00,20.638306,87.002473,17.5,210.0,210.0,MAERSK MC-KINNEY,IMO9619907,OXMM,70,0,399,59,15.5,70,A
219018000,2026-09-07 19:55:00,20.617199,86.989492,17.5,210.0,210.0,MAERSK MC-KINNEY,IMO9619907,OXMM,70,0,399,59,15.5,70,A
219018000,2026-09-07 20:00:00,20.596207,86.976673,17.5,210.0,210.0,MAERSK MC-KINNEY,IMO9619907,OXMM,70,0,399,59,15.5,70,A
219018000,2026-09-07 20:05:00,20.575114,86.963818,17.5,210.0,210.0,MAERSK MC-KINNEY,IMO9619907,OXMM,70,0,399,59,15.5,70,A
219018000,2026-09-07 20:10:00,20.554154,86.950833,17.5,210.0,210.0,MAERSK MC-KINNEY,IMO9619907,OXMM,70,0,399,59,15.5,70,A
219018000,2026-09-07 20:15:00,20.533031,86.937911,17.5,210.0,210.0,MAERSK MC-KINNEY,IMO9619907,OXMM,70,0,399,59,15.5,70,A
219018000,2026-09-07 20:20:00,20.512078,86.925044,17.5,210.0,210.0,MAERSK MC-KINNEY,IMO9619907,OXMM,70,0,399,59,15.5,70,A
219018000,2026-09-07 20:25:00,20.490973,86.912082,17.5,210.0,210.0,MAERSK MC-KINNEY,IMO9619907,OXMM,70,0,399,59,15.5,70,A
219018000,2026-09-07 20:30:00,20.469957,86.8991,17.5,210.0,210.0,MAERSK MC-KINNEY,IMO9619907,OXMM,70,0,399,59,15.5,70,A
219018000,2026-09-07 20:35:00,20.448816,86.886078,17.5,210.0,210.0,MAERSK MC-KINNEY,IMO9619907,OXMM,70,0,399,59,15.5,70,A
219018000,2026-09-07 20:40:00,20.427835,86.873164,17.5,210.0,210.0,MAERSK MC-KINNEY,IMO9619907,OXMM,70,0,399,59,15.5,70,A
219018000,2026-09-07 20:45:00,20.406783,86.860398,17.5,210.0,210.0,MAERSK MC-KINNEY,IMO9619907,OXMM,70,0,399,59,15.5,70,A
219018000,2026-09-07 20:50:00,20.385691,86.847366,17.5,210.0,210.0,MAERSK MC-KINNEY,IMO9619907,OXMM,70,0,399,59,15.5,70,A
219018000,2026-09-07 20:55:00,20.364641,86.834417,17.5,210.0,210.0,MAERSK MC-KINNEY,IMO9619907,OXMM,70,0,399,59,15.5,70,A
219018000,2026-09-07 21:00:00,20.343648,86.821615,17.5,210.0,210.0,MAERSK MC-KINNEY,IMO9619907,OXMM,70,0,399,59,15.5,70,A
219018000,2026-09-07 21:05:00,20.322564,86.808617,17.5,210.0,210.0,MAERSK MC-KINNEY,IMO9619907,OXMM,70,0,399,59,15.5,70,A
219018000,2026-09-07 21:10:00,20.301641,86.795774,17.5,210.0,210.0,MAERSK MC-KINNEY,IMO9619907,OXMM,70,0,399,59,15.5,70,A
219018000,2026-09-07 21:15:00,20.280474,86.782846,17.5,210.0,210.0,MAERSK MC-KINNEY,IMO9619907,OXMM,70,0,399,59,15.5,70,A
219018000,2026-09-07 21:20:00,20.259482,86.769724,17.5,210.0,210.0,MAERSK MC-KINNEY,IMO9619907,OXMM,70,0,399,59,15.5,70,A
219018000,2026-09-07 21:25:00,20.238451,86.756891,17.5,210.0,210.0,MAERSK MC-KINNEY,IMO9619907,OXMM,70,0,399,59,15.5,70,A
219018000,2026-09-07 21:30:00,20.217372,86.743889,17.5,210.0,210.0,MAERSK MC-KINNEY,IMO9619907,OXMM,70,0,399,59,15.5,70,A
219018000,2026-09-07 21:35:00,20.196443,86.731002,17.5,210.0,210.0,MAERSK MC-KINNEY,IMO9619907,OXMM,70,0,399,59,15.5,70,A
219018000,2026-09-07 21:40:00,20.175271,86.718129,17.5,210.0,210.0,MAERSK MC-KINNEY,IMO9619907,OXMM,70,0,399,59,15.5,70,A
219018000,2026-09-07 21:45:00,20.154217,86.705195,17.5,210.0,210.0,MAERSK MC-KINNEY,IMO9619907,OXMM,70,0,399,59,15.5,70,A
219018000,2026-09-07 21:50:00,20.133283,86.692228,17.5,210.0,210.0,MAERSK MC-KINNEY,IMO9619907,OXMM,70,0,399,59,15.5,70,A
219018000,2026-09-07 21:55:00,20.112235,86.679341,17.5,210.0,210.0,MAERSK MC-KINNEY,IMO9619907,OXMM,70,0,399,59,15.5,70,A
219018000,2026-09-07 22:00:00,20.091039,86.666393,17.5,210.0,210.0,MAERSK MC-KINNEY,IMO9619907,OXMM,70,0,399,59,15.5,70,A
219018000,2026-09-07 22:05:00,20.070129,86.653389,17.5,210.0,210.0,MAERSK MC-KINNEY,IMO9619907,OXMM,70,0,399,59,15.5,70,A
219018000,2026-09-07 22:10:00,20.049119,86.640565,17.5,210.0,210.0,MAERSK MC-KINNEY,IMO9619907,OXMM,70,0,399,59,15.5,70,A
219018000,2026-09-07 22:15:00,20.028018,86.627605,17.5,210.0,210.0,MAERSK MC-KINNEY,IMO9619907,OXMM,70,0,399,59,15.5,70,A
219018000,2026-09-07 22:20:00,20.006941,86.614764,17.5,210.0,210.0,MAERSK MC-KINNEY,IMO9619907,OXMM,70,0,399,59,15.5,70,A
219018000,2026-09-07 22:25:00,19.985952,86.601715,17.5,210.0,210.0,MAERSK MC-KINNEY,IMO9619907,OXMM,70,0,399,59,15.5,70,A
219018000,2026-09-07 22:30:00,19.964808,86.588843,17.5,210.0,210.0,MAERSK MC-KINNEY,IMO9619907,OXMM,70,0,399,59,15.5,70,A
219018000,2026-09-07 22:35:00,19.943731,86.575893,17.5,210.0,210.0,MAERSK MC-KINNEY,IMO9619907,OXMM,70,0,399,59,15.5,70,A
219018000,2026-09-07 22:40:00,19.922785,86.562938,17.5,210.0,210.0,MAERSK MC-KINNEY,IMO9619907,OXMM,70,0,399,59,15.5,70,A
219018000,2026-09-07 22:45:00,19.901789,86.550063,17.5,210.0,210.0,MAERSK MC-KINNEY,IMO9619907,OXMM,70,0,399,59,15.5,70,A
219018000,2026-09-07 22:50:00,19.880658,86.537122,17.5,210.0,210.0,MAERSK MC-KINNEY,IMO9619907,OXMM,70,0,399,59,15.5,70,A
219018000,2026-09-07 22:55:00,19.859584,86.5241,17.5,210.0,210.0,MAERSK MC-KINNEY,IMO9619907,OXMM,70,0,399,59,15.5,70,A
219018000,2026-09-07 23:00:00,19.838634,86.511252,17.5,210.0,210.0,MAERSK MC-KINNEY,IMO9619907,OXMM,70,0,399,59,15.5,70,A
219018000,2026-09-07 23:05:00,19.817431,86.498302,17.5,210.0,210.0,MAERSK MC-KINNEY,IMO9619907,OXMM,70,0,399,59,15.5,70,A
219018000,2026-09-07 23:10:00,19.796458,86.485496,17.5,210.0,210.0,MAERSK MC-KINNEY,IMO9619907,OXMM,70,0,399,59,15.5,70,A
219018000,2026-09-07 23:15:00,19.77549,86.472451,17.5,210.0,210.0,MAERSK MC-KINNEY,IMO9619907,OXMM,70,0,399,59,15.5,70,A
219018000,2026-09-07 23:20:00,19.754463,86.459614,17.5,210.0,210.0,MAERSK MC-KINNEY,IMO9619907,OXMM,70,0,399,59,15.5,70,A
219018000,2026-09-07 23:25:00,19.733386,86.446724,17.5,210.0,210.0,MAERSK MC-KINNEY,IMO9619907,OXMM,70,0,399,59,15.5,70,A
219018000,2026-09-07 23:30:00,19.712357,86.433656,17.5,210.0,210.0,MAERSK MC-KINNEY,IMO9619907,OXMM,70,0,399,59,15.5,70,A
219018000,2026-09-07 23:35:00,19.691197,86.420864,17.5,210.0,210.0,MAERSK MC-KINNEY,IMO9619907,OXMM,70,0,399,59,15.5,70,A
219018000,2026-09-07 23:40:00,19.670304,86.407876,17.5,210.0,210.0,MAERSK MC-KINNEY,IMO9619907,OXMM,70,0,399,59,15.5,70,A
219018000,2026-09-07 23:45:00,19.649179,86.394857,17.5,210.0,210.0,MAERSK MC-KINNEY,IMO9619907,OXMM,70,0,399,59,15.5,70,A
219018000,2026-09-07 23:50:00,19.628193,86.381925,17.5,210.0,210.0,MAERSK MC-KINNEY,IMO9619907,OXMM,70,0,399,59,15.5,70,A
219018000,2026-09-07 23:55:00,19.60703,86.369083,17.5,210.0,210.0,MAERSK MC-KINNEY,IMO9619907,OXMM,70,0,399,59,15.5,70,A
219018000,2026-09-08 00:00:00,19.586011,86.356184,17.5,210.0,210.0,MAERSK MC-KINNEY,IMO9619907,OXMM,70,0,399,59,15.5,70,A
219018000,2026-09-08 00:05:00,19.564949,86.34328,17.5,210.0,210.0,MAERSK MC-KINNEY,IMO9619907,OXMM,70,0,399,59,15.5,70,A
219018000,2026-09-08 00:10:00,19.544039,86.330378,17.5,210.0,210.0,MAERSK MC-KINNEY,IMO9619907,OXMM,70,0,399,59,15.5,70,A
219018000,2026-09-08 00:15:00,19.522924,86.317277,17.5,210.0,210.0,MAERSK MC-KINNEY,IMO9619907,OXMM,70,0,399,59,15.5,70,A
219018000,2026-09-08 00:20:00,19.501933,86.304386,17.5,210.0,210.0,MAERSK MC-KINNEY,IMO9619907,OXMM,70,0,399,59,15.5,70,A
219018000,2026-09-08 00:25:00,19.480858,86.291467,17.5,210.0,210.0,MAERSK MC-KINNEY,IMO9619907,OXMM,70,0,399,59,15.5,70,A
219018000,2026-09-08 00:30:00,19.459725,86.278535,17.5,210.0,210.0,MAERSK MC-KINNEY,IMO9619907,OXMM,70,0,399,59,15.5,70,A
219018000,2026-09-08 00:35:00,19.438808,86.265682,17.5,210.0,210.0,MAERSK MC-KINNEY,IMO9619907,OXMM,70,0,399,59,15.5,70,A
219018000,2026-09-08 00:40:00,19.417585,86.252758,17.5,210.0,210.0,MAERSK MC-KINNEY,IMO9619907,OXMM,70,0,399,59,15.5,70,A
219018000,2026-09-08 00:45:00,19.396525,86.239818,17.5,210.0,210.0,MAERSK MC-KINNEY,IMO9619907,OXMM,70,0,399,59,15.5,70,A
219018000,2026-09-08 00:50:00,19.375502,86.226844,17.5,210.0,210.0,MAERSK MC-KINNEY,IMO9619907,OXMM,70,0,399,59,15.5,70,A
219018000,2026-09-08 00:55:00,19.354459,86.214032,17.5,210.0,210.0,MAERSK MC-KINNEY,IMO9619907,OXMM,70,0,399,59,15.5,70,A
219018000,2026-09-08 01:00:00,19.333428,86.200951,17.5,210.0,210.0,MAERSK MC-KINNEY,IMO9619907,OXMM,70,0,399,59,15.5,70,A
219018000,2026-09-08 01:05:00,19.312536,86.188124,17.5,210.0,210.0,MAERSK MC-KINNEY,IMO9619907,OXMM,70,0,399,59,15.5,70,A
219018000,2026-09-08 01:10:00,19.291473,86.17509,17.5,210.0,210.0,MAERSK MC-KINNEY,IMO9619907,OXMM,70,0,399,59,15.5,70,A
219018000,2026-09-08 01:15:00,19.270334,86.16231,17.5,210.0,210.0,MAERSK MC-KINNEY,IMO9619907,OXMM,70,0,399,59,15.5,70,A
219018000,2026-09-08 01:20:00,19.249265,86.149299,17.5,210.0,210.0,MAERSK MC-KINNEY,IMO9619907,OXMM,70,0,399,59,15.5,70,A
219018000,2026-09-08 01:25:00,19.228289,86.136409,17.5,210.0,210.0,MAERSK MC-KINNEY,IMO9619907,OXMM,70,0,399,59,15.5,70,A
219018000,2026-09-08 01:30:00,19.207144,86.123531,17.5,210.0,210.0,MAERSK MC-KINNEY,IMO9619907,OXMM,70,0,399,59,15.5,70,A
219018000,2026-09-08 01:35:00,19.186232,86.110555,17.5,210.0,210.0,MAERSK MC-KINNEY,IMO9619907,OXMM,70,0,399,59,15.5,70,A
219018000,2026-09-08 01:40:00,19.165102,86.097638,17.5,210.0,210.0,MAERSK MC-KINNEY,IMO9619907,OXMM,70,0,399,59,15.5,70,A
219018000,2026-09-08 01:45:00,19.144038,86.084673,17.5,210.0,210.0,MAERSK MC-KINNEY,IMO9619907,OXMM,70,0,399,59,15.5,70,A
219018000,2026-09-08 01:50:00,19.12302,86.071651,17.5,210.0,210.0,MAERSK MC-KINNEY,IMO9619907,OXMM,70,0,399,59,15.5,70,A
219018000,2026-09-08 01:55:00,19.101909,86.058804,17.5,210.0,210.0,MAERSK MC-KINNEY,IMO9619907,OXMM,70,0,399,59,15.5,70,A
219018000,2026-09-08 02:00:00,19.081015,86.045847,17.5,210.0,210.0,MAERSK MC-KINNEY,IMO9619907,OXMM,70,0,399,59,15.5,70,A
219018000,2026-09-08 02:05:00,19.059877,86.03293,17.5,210.0,210.0,MAERSK MC-KINNEY,IMO9619907,OXMM,70,0,399,59,15.5,70,A
219018000,2026-09-08 02:10:00,19.038872,86.019926,17.5,210.0,210.0,MAERSK MC-KINNEY,IMO9619907,OXMM,70,0,399,59,15.5,70,A
219018000,2026-09-08 02:15:00,19.017716,86.007153,17.5,210.0,210.0,MAERSK MC-KINNEY,IMO9619907,OXMM,70,0,399,59,15.5,70,A
219018000,2026-09-08 02:20:00,18.996715,85.994242,17.5,210.0,210.0,MAERSK MC-KINNEY,IMO9619907,OXMM,70,0,399,59,15.5,70,A
219018000,2026-09-08 02:25:00,18.975685,85.98119,17.5,210.0,210.0,MAERSK MC-KINNEY,IMO9619907,OXMM,70,0,399,59,15.5,70,A
219018000,2026-09-08 02:30:00,18.954644,85.968256,17.5,210.0,210.0,MAERSK MC-KINNEY,IMO9619907,OXMM,70,0,399,59,15.5,70,A
219018000,2026-09-08 02:35:00,18.93353,85.955329,17.5,210.0,210.0,MAERSK MC-KINNEY,IMO9619907,OXMM,70,0,399,59,15.5,70,A
219018000,2026-09-08 02:40:00,18.912533,85.942406,17.5,210.0,210.0,MAERSK MC-KINNEY,IMO9619907,OXMM,70,0,399,59,15.5,70,A
219018000,2026-09-08 02:45:00,18.891479,85.929499,17.5,210.0,210.0,MAERSK MC-KINNEY,IMO9619907,OXMM,70,0,399,59,15.5,70,A
219018000,2026-09-08 02:50:00,18.87047,85.916646,17.5,210.0,210.0,MAERSK MC-KINNEY,IMO9619907,OXMM,70,0,399,59,15.5,70,A
219018000,2026-09-08 02:55:00,18.849371,85.903622,17.5,210.0,210.0,MAERSK MC-KINNEY,IMO9619907,OXMM,70,0,399,59,15.5,70,A
219018000,2026-09-08 03:00:00,18.828368,85.890677,17.5,210.0,210.0,MAERSK MC-KINNEY,IMO9619907,OXMM,70,0,399,59,15.5,70,A
219018000,2026-09-08 03:05:00,18.807341,85.877871,17.5,210.0,210.0,MAERSK MC-KINNEY,IMO9619907,OXMM,70,0,399,59,15.5,70,A
219018000,2026-09-08 03:10:00,18.786338,85.864931,17.5,210.0,210.0,MAERSK MC-KINNEY,IMO9619907,OXMM,70,0,399,59,15.5,70,A
219018000,2026-09-08 03:15:00,18.765312,85.852003,17.5,210.0,210.0,MAERSK MC-KINNEY,IMO9619907,OXMM,70,0,399,59,15.5,70,A
219018000,2026-09-08 03:20:00,18.744192,85.83903,17.5,210.0,210.0,MAERSK MC-KINNEY,IMO9619907,OXMM,70,0,399,59,15.5,70,A
219018000,2026-09-08 03:25:00,18.72311,85.826104,17.5,210.0,210.0,MAERSK MC-KINNEY,IMO9619907,OXMM,70,0,399,59,15.5,70,A
419000889,2026-09-07 17:30:00,13.952519,80.465069,11.5,195.0,195.0,MV RATNA SHALINI,IMO9290001,ATRS,70,0,225,32,12.5,70,A
419000889,2026-09-07 17:35:00,13.937031,80.460733,11.5,195.0,195.0,MV RATNA SHALINI,IMO9290001,ATRS,70,0,225,32,12.5,70,A
419000889,2026-09-07 17:40:00,13.921689,80.456504,11.5,195.0,195.0,MV RATNA SHALINI,IMO9290001,ATRS,70,0,225,32,12.5,70,A
419000889,2026-09-07 17:45:00,13.906114,80.452243,11.5,195.0,195.0,MV RATNA SHALINI,IMO9290001,ATRS,70,0,225,32,12.5,70,A
419000889,2026-09-07 17:50:00,13.890668,80.448,11.5,195.0,195.0,MV RATNA SHALINI,IMO9290001,ATRS,70,0,225,32,12.5,70,A
419000889,2026-09-07 17:55:00,13.875319,80.443757,11.5,195.0,195.0,MV RATNA SHALINI,IMO9290001,ATRS,70,0,225,32,12.5,70,A
419000889,2026-09-07 18:00:00,13.859869,80.439561,11.5,195.0,195.0,MV RATNA SHALINI,IMO9290001,ATRS,70,0,225,32,12.5,70,A
419000889,2026-09-07 18:05:00,13.844475,80.435264,11.5,195.0,195.0,MV RATNA SHALINI,IMO9290001,ATRS,70,0,225,32,12.5,70,A
419000889,2026-09-07 18:10:00,13.829022,80.430982,11.5,195.0,195.0,MV RATNA SHALINI,IMO9290001,ATRS,70,0,225,32,12.5,70,A
419000889,2026-09-07 18:15:00,13.813575,80.426851,11.5,195.0,195.0,MV RATNA SHALINI,IMO9290001,ATRS,70,0,225,32,12.5,70,A
419000889,2026-09-07 18:20:00,13.798215,80.422606,11.5,195.0,195.0,MV RATNA SHALINI,IMO9290001,ATRS,70,0,225,32,12.5,70,A
419000889,2026-09-07 18:25:00,13.782792,80.418367,11.5,195.0,195.0,MV RATNA SHALINI,IMO9290001,ATRS,70,0,225,32,12.5,70,A
419000889,2026-09-07 18:30:00,13.767395,80.414188,11.5,195.0,195.0,MV RATNA SHALINI,IMO9290001,ATRS,70,0,225,32,12.5,70,A
419000889,2026-09-07 18:35:00,13.751941,80.409798,11.5,195.0,195.0,MV RATNA SHALINI,IMO9290001,ATRS,70,0,225,32,12.5,70,A
419000889,2026-09-07 18:40:00,13.736526,80.405591,11.5,195.0,195.0,MV RATNA SHALINI,IMO9290001,ATRS,70,0,225,32,12.5,70,A
419000889,2026-09-07 18:45:00,13.721076,80.401286,11.5,195.0,195.0,MV RATNA SHALINI,IMO9290001,ATRS,70,0,225,32,12.5,70,A
419000889,2026-09-07 18:50:00,13.705636,80.397137,11.5,195.0,195.0,MV RATNA SHALINI,IMO9290001,ATRS,70,0,225,32,12.5,70,A
419000889,2026-09-07 18:55:00,13.690195,80.39279,11.5,195.0,195.0,MV RATNA SHALINI,IMO9290001,ATRS,70,0,225,32,12.5,70,A
419000889,2026-09-07 19:00:00,13.674802,80.388569,11.5,195.0,195.0,MV RATNA SHALINI,IMO9290001,ATRS,70,0,225,32,12.5,70,A
419000889,2026-09-07 19:05:00,13.659394,80.384397,11.5,195.0,195.0,MV RATNA SHALINI,IMO9290001,ATRS,70,0,225,32,12.5,70,A
419000889,2026-09-07 19:10:00,13.643982,80.38011,11.5,195.0,195.0,MV RATNA SHALINI,IMO9290001,ATRS,70,0,225,32,12.5,70,A
419000889,2026-09-07 19:15:00,13.628551,80.375846,11.5,195.0,195.0,MV RATNA SHALINI,IMO9290001,ATRS,70,0,225,32,12.5,70,A
419000889,2026-09-07 19:20:00,13.613038,80.371581,11.5,195.0,195.0,MV RATNA SHALINI,IMO9290001,ATRS,70,0,225,32,12.5,70,A
419000889,2026-09-07 19:25:00,13.597596,80.367468,11.5,195.0,195.0,MV RATNA SHALINI,IMO9290001,ATRS,70,0,225,32,12.5,70,A
419000889,2026-09-07 19:30:00,13.582284,80.363099,11.5,195.0,195.0,MV RATNA SHALINI,IMO9290001,ATRS,70,0,225,32,12.5,70,A
419000889,2026-09-07 19:35:00,13.566807,80.358961,11.5,195.0,195.0,MV RATNA SHALINI,IMO9290001,ATRS,70,0,225,32,12.5,70,A
419000889,2026-09-07 19:40:00,13.551488,80.354777,11.5,195.0,195.0,MV RATNA SHALINI,IMO9290001,ATRS,70,0,225,32,12.5,70,A
419000889,2026-09-07 19:45:00,13.536057,80.350516,11.5,195.0,195.0,MV RATNA SHALINI,IMO9290001,ATRS,70,0,225,32,12.5,70,A
419000889,2026-09-07 19:50:00,13.520497,80.346133,11.5,195.0,195.0,MV RATNA SHALINI,IMO9290001,ATRS,70,0,225,32,12.5,70,A
419000889,2026-09-07 19:55:00,13.505204,80.341978,11.5,195.0,195.0,MV RATNA SHALINI,IMO9290001,ATRS,70,0,225,32,12.5,70,A
419000889,2026-09-07 20:00:00,13.489709,80.337825,11.5,195.0,195.0,MV RATNA SHALINI,IMO9290001,ATRS,70,0,225,32,12.5,70,A
419000889,2026-09-07 20:05:00,13.474209,80.333504,11.5,195.0,195.0,MV RATNA SHALINI,IMO9290001,ATRS,70,0,225,32,12.5,70,A
419000889,2026-09-07 20:10:00,13.458819,80.329185,11.5,195.0,195.0,MV RATNA SHALINI,IMO9290001,ATRS,70,0,225,32,12.5,70,A
419000889,2026-09-07 20:15:00,13.443433,80.324994,11.5,195.0,195.0,MV RATNA SHALINI,IMO9290001,ATRS,70,0,225,32,12.5,70,A
419000889,2026-09-07 20:20:00,13.428036,80.320784,11.5,195.0,195.0,MV RATNA SHALINI,IMO9290001,ATRS,70,0,225,32,12.5,70,A
419000889,2026-09-07 20:25:00,13.412656,80.316521,11.5,195.0,195.0,MV RATNA SHALINI,IMO9290001,ATRS,70,0,225,32,12.5,70,A
419000889,2026-09-07 20:30:00,13.397077,80.312345,11.5,195.0,195.0,MV RATNA SHALINI,IMO9290001,ATRS,70,0,225,32,12.5,70,A
419000889,2026-09-07 20:35:00,13.381807,80.308047,11.5,195.0,195.0,MV RATNA SHALINI,IMO9290001,ATRS,70,0,225,32,12.5,70,A
419000889,2026-09-07 20:40:00,13.366218,80.30374,11.5,195.0,195.0,MV RATNA SHALINI,IMO9290001,ATRS,70,0,225,32,12.5,70,A
419000889,2026-09-07 20:45:00,13.350796,80.299458,11.5,195.0,195.0,MV RATNA SHALINI,IMO9290001,ATRS,70,0,225,32,12.5,70,A
419000889,2026-09-07 20:50:00,13.335389,80.295377,11.5,195.0,195.0,MV RATNA SHALINI,IMO9290001,ATRS,70,0,225,32,12.5,70,A
419000889,2026-09-07 20:55:00,13.320078,80.291053,11.5,195.0,195.0,MV RATNA SHALINI,IMO9290001,ATRS,70,0,225,32,12.5,70,A
419000889,2026-09-07 21:00:00,13.304583,80.286748,11.5,195.0,195.0,MV RATNA SHALINI,IMO9290001,ATRS,70,0,225,32,12.5,70,A
419000889,2026-09-07 21:05:00,13.289095,80.282525,11.5,195.0,195.0,MV RATNA SHALINI,IMO9290001,ATRS,70,0,225,32,12.5,70,A
419000889,2026-09-07 21:10:00,13.273781,80.278257,11.5,195.0,195.0,MV RATNA SHALINI,IMO9290001,ATRS,70,0,225,32,12.5,70,A
419000889,2026-09-07 21:15:00,13.258314,80.274066,11.5,195.0,195.0,MV RATNA SHALINI,IMO9290001,ATRS,70,0,225,32,12.5,70,A
419000889,2026-09-07 21:20:00,13.242852,80.269909,11.5,195.0,195.0,MV RATNA SHALINI,IMO9290001,ATRS,70,0,225,32,12.5,70,A
419000889,2026-09-07 21:25:00,13.227412,80.265558,11.5,195.0,195.0,MV RATNA SHALINI,IMO9290001,ATRS,70,0,225,32,12.5,70,A
419000889,2026-09-07 21:30:00,13.212065,80.261297,11.5,195.0,195.0,MV RATNA SHALINI,IMO9290001,ATRS,70,0,225,32,12.5,70,A
419000889,2026-09-07 21:35:00,13.196664,80.257183,11.5,195.0,195.0,MV RATNA SHALINI,IMO9290001,ATRS,70,0,225,32,12.5,70,A
419000889,2026-09-07 21:40:00,13.181125,80.25287,11.5,195.0,195.0,MV RATNA SHALINI,IMO9290001,ATRS,70,0,225,32,12.5,70,A
419000889,2026-09-07 21:45:00,13.165682,80.24866,11.5,195.0,195.0,MV RATNA SHALINI,IMO9290001,ATRS,70,0,225,32,12.5,70,A
419000889,2026-09-07 21:50:00,13.150349,80.244394,11.5,195.0,195.0,MV RATNA SHALINI,IMO9290001,ATRS,70,0,225,32,12.5,70,A
419000889,2026-09-07 21:55:00,13.134866,80.240175,11.5,195.0,195.0,MV RATNA SHALINI,IMO9290001,ATRS,70,0,225,32,12.5,70,A
419000889,2026-09-07 22:00:00,13.119529,80.235964,11.5,195.0,195.0,MV RATNA SHALINI,IMO9290001,ATRS,70,0,225,32,12.5,70,A
419000889,2026-09-07 22:05:00,13.10405,80.231748,11.5,195.0,195.0,MV RATNA SHALINI,IMO9290001,ATRS,70,0,225,32,12.5,70,A
419000889,2026-09-07 22:10:00,13.08862,80.227341,11.5,195.0,195.0,MV RATNA SHALINI,IMO9290001,ATRS,70,0,225,32,12.5,70,A
419000889,2026-09-07 22:15:00,13.073295,80.223184,11.5,195.0,195.0,MV RATNA SHALINI,IMO9290001,ATRS,70,0,225,32,12.5,70,A
419000889,2026-09-07 22:20:00,13.057847,80.218929,11.5,195.0,195.0,MV RATNA SHALINI,IMO9290001,ATRS,70,0,225,32,12.5,70,A
419000889,2026-09-07 22:25:00,13.042393,80.214795,11.5,195.0,195.0,MV RATNA SHALINI,IMO9290001,ATRS,70,0,225,32,12.5,70,A
419000889,2026-09-07 22:30:00,13.027043,80.210543,11.5,195.0,195.0,MV RATNA SHALINI,IMO9290001,ATRS,70,0,225,32,12.5,70,A
419000889,2026-09-07 22:35:00,13.011491,80.206139,11.5,195.0,195.0,MV RATNA SHALINI,IMO9290001,ATRS,70,0,225,32,12.5,70,A
419000889,2026-09-07 22:40:00,12.996062,80.202022,11.5,195.0,195.0,MV RATNA SHALINI,IMO9290001,ATRS,70,0,225,32,12.5,70,A
419000889,2026-09-07 22:45:00,12.980718,80.197828,11.5,195.0,195.0,MV RATNA SHALINI,IMO9290001,ATRS,70,0,225,32,12.5,70,A
419000889,2026-09-07 22:50:00,12.965278,80.193457,11.5,195.0,195.0,MV RATNA SHALINI,IMO9290001,ATRS,70,0,225,32,12.5,70,A
419000889,2026-09-07 22:55:00,12.949802,80.189213,11.5,195.0,195.0,MV RATNA SHALINI,IMO9290001,ATRS,70,0,225,32,12.5,70,A
419000889,2026-09-07 23:00:00,12.934327,80.184982,11.5,195.0,195.0,MV RATNA SHALINI,IMO9290001,ATRS,70,0,225,32,12.5,70,A
419000889,2026-09-07 23:05:00,12.918935,80.180817,11.5,195.0,195.0,MV RATNA SHALINI,IMO9290001,ATRS,70,0,225,32,12.5,70,A
419000889,2026-09-07 23:10:00,12.903554,80.176546,11.5,195.0,195.0,MV RATNA SHALINI,IMO9290001,ATRS,70,0,225,32,12.5,70,A
419000889,2026-09-07 23:15:00,12.888042,80.17223,11.5,195.0,195.0,MV RATNA SHALINI,IMO9290001,ATRS,70,0,225,32,12.5,70,A
419000889,2026-09-07 23:20:00,12.87272,80.168,11.5,195.0,195.0,MV RATNA SHALINI,IMO9290001,ATRS,70,0,225,32,12.5,70,A
419000889,2026-09-07 23:25:00,12.857354,80.163733,11.5,195.0,195.0,MV RATNA SHALINI,IMO9290001,ATRS,70,0,225,32,12.5,70,A
419000889,2026-09-07 23:30:00,12.84176,80.15958,11.5,195.0,195.0,MV RATNA SHALINI,IMO9290001,ATRS,70,0,225,32,12.5,70,A
419000889,2026-09-07 23:35:00,12.82638,80.15522,11.5,195.0,195.0,MV RATNA SHALINI,IMO9290001,ATRS,70,0,225,32,12.5,70,A
419000889,2026-09-07 23:40:00,12.810987,80.151074,11.5,195.0,195.0,MV RATNA SHALINI,IMO9290001,ATRS,70,0,225,32,12.5,70,A
419000889,2026-09-07 23:45:00,12.79561,80.146831,11.5,195.0,195.0,MV RATNA SHALINI,IMO9290001,ATRS,70,0,225,32,12.5,70,A
419000889,2026-09-07 23:50:00,12.780165,80.142522,11.5,195.0,195.0,MV RATNA SHALINI,IMO9290001,ATRS,70,0,225,32,12.5,70,A
419000889,2026-09-07 23:55:00,12.764802,80.138352,11.5,195.0,195.0,MV RATNA SHALINI,IMO9290001,ATRS,70,0,225,32,12.5,70,A
419000889,2026-09-08 00:00:00,12.749273,80.134105,11.5,195.0,195.0,MV RATNA SHALINI,IMO9290001,ATRS,70,0,225,32,12.5,70,A
419000889,2026-09-08 00:05:00,12.733805,80.129763,11.5,195.0,195.0,MV RATNA SHALINI,IMO9290001,ATRS,70,0,225,32,12.5,70,A
419000889,2026-09-08 00:10:00,12.718374,80.125709,11.5,195.0,195.0,MV RATNA SHALINI,IMO9290001,ATRS,70,0,225,32,12.5,70,A
419000889,2026-09-08 00:15:00,12.703016,80.121307,11.5,195.0,195.0,MV RATNA SHALINI,IMO9290001,ATRS,70,0,225,32,12.5,70,A
419000889,2026-09-08 00:20:00,12.68751,80.11722,11.5,195.0,195.0,MV RATNA SHALINI,IMO9290001,ATRS,70,0,225,32,12.5,70,A
419000889,2026-09-08 00:25:00,12.672258,80.112821,11.5,195.0,195.0,MV RATNA SHALINI,IMO9290001,ATRS,70,0,225,32,12.5,70,A
419000889,2026-09-08 00:30:00,12.656797,80.108619,11.5,195.0,195.0,MV RATNA SHALINI,IMO9290001,ATRS,70,0,225,32,12.5,70,A
419000889,2026-09-08 00:35:00,12.641309,80.104303,11.5,195.0,195.0,MV RATNA SHALINI,IMO9290001,ATRS,70,0,225,32,12.5,70,A
419000889,2026-09-08 00:40:00,12.625817,80.100215,11.5,195.0,195.0,MV RATNA SHALINI,IMO9290001,ATRS,70,0,225,32,12.5,70,A
419000889,2026-09-08 00:45:00,12.6104,80.095922,11.5,195.0,195.0,MV RATNA SHALINI,IMO9290001,ATRS,70,0,225,32,12.5,70,A
419000889,2026-09-08 00:50:00,12.594946,80.091639,11.5,195.0,195.0,MV RATNA SHALINI,IMO9290001,ATRS,70,0,225,32,12.5,70,A
419000889,2026-09-08 00:55:00,12.579581,80.087497,11.5,195.0,195.0,MV RATNA SHALINI,IMO9290001,ATRS,70,0,225,32,12.5,70,A
419000889,2026-09-08 01:00:00,12.564266,80.083212,11.5,195.0,195.0,MV RATNA SHALINI,IMO9290001,ATRS,70,0,225,32,12.5,70,A
419000889,2026-09-08 01:05:00,12.548842,80.078969,11.5,195.0,195.0,MV RATNA SHALINI,IMO9290001,ATRS,70,0,225,32,12.5,70,A
419000889,2026-09-08 01:10:00,12.533245,80.074645,11.5,195.0,195.0,MV RATNA SHALINI,IMO9290001,ATRS,70,0,225,32,12.5,70,A
419000889,2026-09-08 01:15:00,12.517911,80.070392,11.5,195.0,195.0,MV RATNA SHALINI,IMO9290001,ATRS,70,0,225,32,12.5,70,A
419000889,2026-09-08 01:20:00,12.502399,80.066234,11.5,195.0,195.0,MV RATNA SHALINI,IMO9290001,ATRS,70,0,225,32,12.5,70,A
419000889,2026-09-08 01:25:00,12.486978,80.062041,11.5,195.0,195.0,MV RATNA SHALINI,IMO9290001,ATRS,70,0,225,32,12.5,70,A
419000889,2026-09-08 01:30:00,12.471652,80.057694,11.5,195.0,195.0,MV RATNA SHALINI,IMO9290001,ATRS,70,0,225,32,12.5,70,A
419000889,2026-09-08 01:35:00,12.456199,80.053457,11.5,195.0,195.0,MV RATNA SHALINI,IMO9290001,ATRS,70,0,225,32,12.5,70,A
419000889,2026-09-08 01:40:00,12.440859,80.049206,11.5,195.0,195.0,MV RATNA SHALINI,IMO9290001,ATRS,70,0,225,32,12.5,70,A
419000889,2026-09-08 01:45:00,12.42532,80.045037,11.5,195.0,195.0,MV RATNA SHALINI,IMO9290001,ATRS,70,0,225,32,12.5,70,A
419000889,2026-09-08 01:50:00,12.409989,80.040808,11.5,195.0,195.0,MV RATNA SHALINI,IMO9290001,ATRS,70,0,225,32,12.5,70,A
419000889,2026-09-08 01:55:00,12.39445,80.036421,11.5,195.0,195.0,MV RATNA SHALINI,IMO9290001,ATRS,70,0,225,32,12.5,70,A
419000889,2026-09-08 02:00:00,12.379082,80.032302,11.5,195.0,195.0,MV RATNA SHALINI,IMO9290001,ATRS,70,0,225,32,12.5,70,A
419000889,2026-09-08 02:05:00,12.363691,80.02799,11.5,195.0,195.0,MV RATNA SHALINI,IMO9290001,ATRS,70,0,225,32,12.5,70,A
419000889,2026-09-08 02:10:00,12.348291,80.023807,11.5,195.0,195.0,MV RATNA SHALINI,IMO9290001,ATRS,70,0,225,32,12.5,70,A
419000889,2026-09-08 02:15:00,12.332761,80.01958,11.5,195.0,195.0,MV RATNA SHALINI,IMO9290001,ATRS,70,0,225,32,12.5,70,A
419000889,2026-09-08 02:20:00,12.317347,80.015387,11.5,195.0,195.0,MV RATNA SHALINI,IMO9290001,ATRS,70,0,225,32,12.5,70,A
419000889,2026-09-08 02:25:00,12.301973,80.010978,11.5,195.0,195.0,MV RATNA SHALINI,IMO9290001,ATRS,70,0,225,32,12.5,70,A
419000889,2026-09-08 02:30:00,12.286588,80.006869,11.5,195.0,195.0,MV RATNA SHALINI,IMO9290001,ATRS,70,0,225,32,12.5,70,A
419000889,2026-09-08 02:35:00,12.271109,80.002658,11.5,195.0,195.0,MV RATNA SHALINI,IMO9290001,ATRS,70,0,225,32,12.5,70,A
419000889,2026-09-08 02:40:00,12.255642,79.998352,11.5,195.0,195.0,MV RATNA SHALINI,IMO9290001,ATRS,70,0,225,32,12.5,70,A
419000889,2026-09-08 02:45:00,12.24023,79.994009,11.5,195.0,195.0,MV RATNA SHALINI,IMO9290001,ATRS,70,0,225,32,12.5,70,A
419000889,2026-09-08 02:50:00,12.224744,79.989825,11.5,195.0,195.0,MV RATNA SHALINI,IMO9290001,ATRS,70,0,225,32,12.5,70,A
419000889,2026-09-08 02:55:00,12.209405,79.985581,11.5,195.0,195.0,MV RATNA SHALINI,IMO9290001,ATRS,70,0,225,32,12.5,70,A
419000889,2026-09-08 03:00:00,12.193983,79.981323,11.5,195.0,195.0,MV RATNA SHALINI,IMO9290001,ATRS,70,0,225,32,12.5,70,A
419000889,2026-09-08 03:05:00,12.178594,79.977149,11.5,195.0,195.0,MV RATNA SHALINI,IMO9290001,ATRS,70,0,225,32,12.5,70,A
419000889,2026-09-08 03:10:00,12.163213,79.97293,11.5,195.0,195.0,MV RATNA SHALINI,IMO9290001,ATRS,70,0,225,32,12.5,70,A
419000889,2026-09-08 03:15:00,12.147724,79.968597,11.5,195.0,195.0,MV RATNA SHALINI,IMO9290001,ATRS,70,0,225,32,12.5,70,A
419000889,2026-09-08 03:20:00,12.132343,79.964318,11.5,195.0,195.0,MV RATNA SHALINI,IMO9290001,ATRS,70,0,225,32,12.5,70,A
419000889,2026-09-08 03:25:00,12.11695,79.960173,11.5,195.0,195.0,MV RATNA SHALINI,IMO9290001,ATRS,70,0,225,32,12.5,70,A
477123000,2026-09-07 17:30:00,18.657823,83.824618,13.2,225.0,225.0,ORIENTAL PEARL,IMO9441112,VROX,70,0,199,32,11.8,70,A
477123000,2026-09-07 17:35:00,18.644849,83.811024,13.2,225.0,225.0,ORIENTAL PEARL,IMO9441112,VROX,70,0,199,32,11.8,70,A
477123000,2026-09-07 17:40:00,18.631876,83.797424,13.2,225.0,225.0,ORIENTAL PEARL,IMO9441112,VROX,70,0,199,32,11.8,70,A
477123000,2026-09-07 17:45:00,18.618925,83.78379,13.2,225.0,225.0,ORIENTAL PEARL,IMO9441112,VROX,70,0,199,32,11.8,70,A
477123000,2026-09-07 17:50:00,18.605937,83.770026,13.2,225.0,225.0,ORIENTAL PEARL,IMO9441112,VROX,70,0,199,32,11.8,70,A
477123000,2026-09-07 17:55:00,18.593134,83.756434,13.2,225.0,225.0,ORIENTAL PEARL,IMO9441112,VROX,70,0,199,32,11.8,70,A
477123000,2026-09-07 18:00:00,18.580135,83.742853,13.2,225.0,225.0,ORIENTAL PEARL,IMO9441112,VROX,70,0,199,32,11.8,70,A
477123000,2026-09-07 18:05:00,18.567106,83.729283,13.2,225.0,225.0,ORIENTAL PEARL,IMO9441112,VROX,70,0,199,32,11.8,70,A
477123000,2026-09-07 18:10:00,18.554117,83.715722,13.2,225.0,225.0,ORIENTAL PEARL,IMO9441112,VROX,70,0,199,32,11.8,70,A
477123000,2026-09-07 18:15:00,18.541148,83.701966,13.2,225.0,225.0,ORIENTAL PEARL,IMO9441112,VROX,70,0,199,32,11.8,70,A
477123000,2026-09-07 18:20:00,18.528156,83.68842,13.2,225.0,225.0,ORIENTAL PEARL,IMO9441112,VROX,70,0,199,32,11.8,70,A
477123000,2026-09-07 18:25:00,18.515336,83.674733,13.2,225.0,225.0,ORIENTAL PEARL,IMO9441112,VROX,70,0,199,32,11.8,70,A
477123000,2026-09-07 18:30:00,18.502249,83.661157,13.2,225.0,225.0,ORIENTAL PEARL,IMO9441112,VROX,70,0,199,32,11.8,70,A
477123000,2026-09-07 18:35:00,18.489335,83.647469,13.2,225.0,225.0,ORIENTAL PEARL,IMO9441112,VROX,70,0,199,32,11.8,70,A
477123000,2026-09-07 18:40:00,18.476464,83.634007,13.2,225.0,225.0,ORIENTAL PEARL,IMO9441112,VROX,70,0,199,32,11.8,70,A
477123000,2026-09-07 18:45:00,18.46344,83.620218,13.2,225.0,225.0,ORIENTAL PEARL,IMO9441112,VROX,70,0,199,32,11.8,70,A
477123000,2026-09-07 18:50:00,18.450425,83.606676,13.2,225.0,225.0,ORIENTAL PEARL,IMO9441112,VROX,70,0,199,32,11.8,70,A
477123000,2026-09-07 18:55:00,18.437596,83.593047,13.2,225.0,225.0,ORIENTAL PEARL,IMO9441112,VROX,70,0,199,32,11.8,70,A
477123000,2026-09-07 19:00:00,18.424554,83.579391,13.2,225.0,225.0,ORIENTAL PEARL,IMO9441112,VROX,70,0,199,32,11.8,70,A
477123000,2026-09-07 19:05:00,18.411657,83.565764,13.2,225.0,225.0,ORIENTAL PEARL,IMO9441112,VROX,70,0,199,32,11.8,70,A
477123000,2026-09-07 19:10:00,18.398719,83.552232,13.2,225.0,225.0,ORIENTAL PEARL,IMO9441112,VROX,70,0,199,32,11.8,70,A
477123000,2026-09-07 19:15:00,18.385589,83.538566,13.2,225.0,225.0,ORIENTAL PEARL,IMO9441112,VROX,70,0,199,32,11.8,70,A
477123000,2026-09-07 19:20:00,18.372721,83.524914,13.2,225.0,225.0,ORIENTAL PEARL,IMO9441112,VROX,70,0,199,32,11.8,70,A
477123000,2026-09-07 19:25:00,18.359743,83.511282,13.2,225.0,225.0,ORIENTAL PEARL,IMO9441112,VROX,70,0,199,32,11.8,70,A
477123000,2026-09-07 19:30:00,18.346891,83.497787,13.2,225.0,225.0,ORIENTAL PEARL,IMO9441112,VROX,70,0,199,32,11.8,70,A
477123000,2026-09-07 19:35:00,18.333787,83.484146,13.2,225.0,225.0,ORIENTAL PEARL,IMO9441112,VROX,70,0,199,32,11.8,70,A
477123000,2026-09-07 19:40:00,18.320928,83.470444,13.2,225.0,225.0,ORIENTAL PEARL,IMO9441112,VROX,70,0,199,32,11.8,70,A
477123000,2026-09-07 19:45:00,18.307984,83.456777,13.2,225.0,225.0,ORIENTAL PEARL,IMO9441112,VROX,70,0,199,32,11.8,70,A
477123000,2026-09-07 19:50:00,18.295014,83.443186,13.2,225.0,225.0,ORIENTAL PEARL,IMO9441112,VROX,70,0,199,32,11.8,70,A
477123000,2026-09-07 19:55:00,18.282065,83.429571,13.2,225.0,225.0,ORIENTAL PEARL,IMO9441112,VROX,70,0,199,32,11.8,70,A
477123000,2026-09-07 20:00:00,18.268963,83.415999,13.2,225.0,225.0,ORIENTAL PEARL,IMO9441112,VROX,70,0,199,32,11.8,70,A
477123000,2026-09-07 20:05:00,18.25614,83.402302,13.2,225.0,225.0,ORIENTAL PEARL,IMO9441112,VROX,70,0,199,32,11.8,70,A
477123000,2026-09-07 20:10:00,18.243171,83.388773,13.2,225.0,225.0,ORIENTAL PEARL,IMO9441112,VROX,70,0,199,32,11.8,70,A
477123000,2026-09-07 20:15:00,18.230136,83.375073,13.2,225.0,225.0,ORIENTAL PEARL,IMO9441112,VROX,70,0,199,32,11.8,70,A
477123000,2026-09-07 20:20:00,18.217098,83.361438,13.2,225.0,225.0,ORIENTAL PEARL,IMO9441112,VROX,70,0,199,32,11.8,70,A
477123000,2026-09-07 20:25:00,18.204258,83.347828,13.2,225.0,225.0,ORIENTAL PEARL,IMO9441112,VROX,70,0,199,32,11.8,70,A
477123000,2026-09-07 20:30:00,18.191331,83.334228,13.2,225.0,225.0,ORIENTAL PEARL,IMO9441112,VROX,70,0,199,32,11.8,70,A
477123000,2026-09-07 20:35:00,18.178281,83.320774,13.2,225.0,225.0,ORIENTAL PEARL,IMO9441112,VROX,70,0,199,32,11.8,70,A
477123000,2026-09-07 20:40:00,18.165299,83.307147,13.2,225.0,225.0,ORIENTAL PEARL,IMO9441112,VROX,70,0,199,32,11.8,70,A
477123000,2026-09-07 20:45:00,18.15241,83.293427,13.2,225.0,225.0,ORIENTAL PEARL,IMO9441112,VROX,70,0,199,32,11.8,70,A
477123000,2026-09-07 20:50:00,18.139423,83.279801,13.2,225.0,225.0,ORIENTAL PEARL,IMO9441112,VROX,70,0,199,32,11.8,70,A
477123000,2026-09-07 20:55:00,18.126465,83.266172,13.2,225.0,225.0,ORIENTAL PEARL,IMO9441112,VROX,70,0,199,32,11.8,70,A
477123000,2026-09-07 21:00:00,18.113543,83.252665,13.2,225.0,225.0,ORIENTAL PEARL,IMO9441112,VROX,70,0,199,32,11.8,70,A
477123000,2026-09-07 21:05:00,18.100623,83.238987,13.2,225.0,225.0,ORIENTAL PEARL,IMO9441112,VROX,70,0,199,32,11.8,70,A
477123000,2026-09-07 21:10:00,18.087521,83.225381,13.2,225.0,225.0,ORIENTAL PEARL,IMO9441112,VROX,70,0,199,32,11.8,70,A
477123000,2026-09-07 21:15:00,18.074699,83.211685,13.2,225.0,225.0,ORIENTAL PEARL,IMO9441112,VROX,70,0,199,32,11.8,70,A
477123000,2026-09-07 21:20:00,18.061704,83.198122,13.2,225.0,225.0,ORIENTAL PEARL,IMO9441112,VROX,70,0,199,32,11.8,70,A
477123000,2026-09-07 21:25:00,18.048631,83.184573,13.2,225.0,225.0,ORIENTAL PEARL,IMO9441112,VROX,70,0,199,32,11.8,70,A
477123000,2026-09-07 21:30:00,18.035792,83.170811,13.2,225.0,225.0,ORIENTAL PEARL,IMO9441112,VROX,70,0,199,32,11.8,70,A
477123000,2026-09-07 21:35:00,18.022733,83.157208,13.2,225.0,225.0,ORIENTAL PEARL,IMO9441112,VROX,70,0,199,32,11.8,70,A
477123000,2026-09-07 21:40:00,18.009753,83.143606,13.2,225.0,225.0,ORIENTAL PEARL,IMO9441112,VROX,70,0,199,32,11.8,70,A
477123000,2026-09-07 21:45:00,17.996872,83.129989,13.2,225.0,225.0,ORIENTAL PEARL,IMO9441112,VROX,70,0,199,32,11.8,70,A
477123000,2026-09-07 21:50:00,17.983913,83.116356,13.2,225.0,225.0,ORIENTAL PEARL,IMO9441112,VROX,70,0,199,32,11.8,70,A
477123000,2026-09-07 21:55:00,17.970865,83.102857,13.2,225.0,225.0,ORIENTAL PEARL,IMO9441112,VROX,70,0,199,32,11.8,70,A
477123000,2026-09-07 22:00:00,17.95796,83.089193,13.2,225.0,225.0,ORIENTAL PEARL,IMO9441112,VROX,70,0,199,32,11.8,70,A
477123000,2026-09-07 22:05:00,17.945037,83.075571,13.2,225.0,225.0,ORIENTAL PEARL,IMO9441112,VROX,70,0,199,32,11.8,70,A
477123000,2026-09-07 22:10:00,17.931933,83.061938,13.2,225.0,225.0,ORIENTAL PEARL,IMO9441112,VROX,70,0,199,32,11.8,70,A
477123000,2026-09-07 22:15:00,17.919023,83.048209,13.2,225.0,225.0,ORIENTAL PEARL,IMO9441112,VROX,70,0,199,32,11.8,70,A
477123000,2026-09-07 22:20:00,17.906072,83.034607,13.2,225.0,225.0,ORIENTAL PEARL,IMO9441112,VROX,70,0,199,32,11.8,70,A
477123000,2026-09-07 22:25:00,17.893169,83.021093,13.2,225.0,225.0,ORIENTAL PEARL,IMO9441112,VROX,70,0,199,32,11.8,70,A
477123000,2026-09-07 22:30:00,17.880253,83.00738,13.2,225.0,225.0,ORIENTAL PEARL,IMO9441112,VROX,70,0,199,32,11.8,70,A
477123000,2026-09-07 22:35:00,17.867218,82.993801,13.2,225.0,225.0,ORIENTAL PEARL,IMO9441112,VROX,70,0,199,32,11.8,70,A
477123000,2026-09-07 22:40:00,17.854208,82.980291,13.2,225.0,225.0,ORIENTAL PEARL,IMO9441112,VROX,70,0,199,32,11.8,70,A
477123000,2026-09-07 22:45:00,17.841317,82.966595,13.2,225.0,225.0,ORIENTAL PEARL,IMO9441112,VROX,70,0,199,32,11.8,70,A
477123000,2026-09-07 22:50:00,17.828255,82.953002,13.2,225.0,225.0,ORIENTAL PEARL,IMO9441112,VROX,70,0,199,32,11.8,70,A
477123000,2026-09-07 22:55:00,17.815297,82.939432,13.2,225.0,225.0,ORIENTAL PEARL,IMO9441112,VROX,70,0,199,32,11.8,70,A
477123000,2026-09-07 23:00:00,17.802443,82.925775,13.2,225.0,225.0,ORIENTAL PEARL,IMO9441112,VROX,70,0,199,32,11.8,70,A
477123000,2026-09-07 23:05:00,17.789527,82.912186,13.2,225.0,225.0,ORIENTAL PEARL,IMO9441112,VROX,70,0,199,32,11.8,70,A
477123000,2026-09-07 23:10:00,17.776435,82.898557,13.2,225.0,225.0,ORIENTAL PEARL,IMO9441112,VROX,70,0,199,32,11.8,70,A
477123000,2026-09-07 23:15:00,17.763575,82.884923,13.2,225.0,225.0,ORIENTAL PEARL,IMO9441112,VROX,70,0,199,32,11.8,70,A
477123000,2026-09-07 23:20:00,17.750598,82.871296,13.2,225.0,225.0,ORIENTAL PEARL,IMO9441112,VROX,70,0,199,32,11.8,70,A
477123000,2026-09-07 23:25:00,17.737708,82.857626,13.2,225.0,225.0,ORIENTAL PEARL,IMO9441112,VROX,70,0,199,32,11.8,70,A
477123000,2026-09-07 23:30:00,17.724589,82.844077,13.2,225.0,225.0,ORIENTAL PEARL,IMO9441112,VROX,70,0,199,32,11.8,70,A
477123000,2026-09-07 23:35:00,17.711657,82.830404,13.2,225.0,225.0,ORIENTAL PEARL,IMO9441112,VROX,70,0,199,32,11.8,70,A
477123000,2026-09-07 23:40:00,17.698806,82.816776,13.2,225.0,225.0,ORIENTAL PEARL,IMO9441112,VROX,70,0,199,32,11.8,70,A
477123000,2026-09-07 23:45:00,17.685777,82.803139,13.2,225.0,225.0,ORIENTAL PEARL,IMO9441112,VROX,70,0,199,32,11.8,70,A
477123000,2026-09-07 23:50:00,17.672871,82.789621,13.2,225.0,225.0,ORIENTAL PEARL,IMO9441112,VROX,70,0,199,32,11.8,70,A
477123000,2026-09-07 23:55:00,17.659922,82.775924,13.2,225.0,225.0,ORIENTAL PEARL,IMO9441112,VROX,70,0,199,32,11.8,70,A
477123000,2026-09-08 00:00:00,17.646937,82.762369,13.2,225.0,225.0,ORIENTAL PEARL,IMO9441112,VROX,70,0,199,32,11.8,70,A
477123000,2026-09-08 00:05:00,17.633932,82.748759,13.2,225.0,225.0,ORIENTAL PEARL,IMO9441112,VROX,70,0,199,32,11.8,70,A
477123000,2026-09-08 00:10:00,17.620931,82.735139,13.2,225.0,225.0,ORIENTAL PEARL,IMO9441112,VROX,70,0,199,32,11.8,70,A
477123000,2026-09-08 00:15:00,17.607901,82.721462,13.2,225.0,225.0,ORIENTAL PEARL,IMO9441112,VROX,70,0,199,32,11.8,70,A
477123000,2026-09-08 00:20:00,17.59506,82.707839,13.2,225.0,225.0,ORIENTAL PEARL,IMO9441112,VROX,70,0,199,32,11.8,70,A
477123000,2026-09-08 00:25:00,17.581983,82.694143,13.2,225.0,225.0,ORIENTAL PEARL,IMO9441112,VROX,70,0,199,32,11.8,70,A
477123000,2026-09-08 00:30:00,17.569153,82.680606,13.2,225.0,225.0,ORIENTAL PEARL,IMO9441112,VROX,70,0,199,32,11.8,70,A
477123000,2026-09-08 00:35:00,17.556169,82.666967,13.2,225.0,225.0,ORIENTAL PEARL,IMO9441112,VROX,70,0,199,32,11.8,70,A
477123000,2026-09-08 00:40:00,17.543155,82.653268,13.2,225.0,225.0,ORIENTAL PEARL,IMO9441112,VROX,70,0,199,32,11.8,70,A
477123000,2026-09-08 00:45:00,17.53026,82.63979,13.2,225.0,225.0,ORIENTAL PEARL,IMO9441112,VROX,70,0,199,32,11.8,70,A
477123000,2026-09-08 00:50:00,17.517204,82.626114,13.2,225.0,225.0,ORIENTAL PEARL,IMO9441112,VROX,70,0,199,32,11.8,70,A
477123000,2026-09-08 00:55:00,17.504388,82.612517,13.2,225.0,225.0,ORIENTAL PEARL,IMO9441112,VROX,70,0,199,32,11.8,70,A
477123000,2026-09-08 01:00:00,17.49128,82.598953,13.2,225.0,225.0,ORIENTAL PEARL,IMO9441112,VROX,70,0,199,32,11.8,70,A
477123000,2026-09-08 01:05:00,17.478304,82.585166,13.2,225.0,225.0,ORIENTAL PEARL,IMO9441112,VROX,70,0,199,32,11.8,70,A
477123000,2026-09-08 01:10:00,17.465348,82.571554,13.2,225.0,225.0,ORIENTAL PEARL,IMO9441112,VROX,70,0,199,32,11.8,70,A
477123000,2026-09-08 01:15:00,17.452479,82.55801,13.2,225.0,225.0,ORIENTAL PEARL,IMO9441112,VROX,70,0,199,32,11.8,70,A
477123000,2026-09-08 01:20:00,17.439507,82.544401,13.2,225.0,225.0,ORIENTAL PEARL,IMO9441112,VROX,70,0,199,32,11.8,70,A
477123000,2026-09-08 01:25:00,17.426446,82.530866,13.2,225.0,225.0,ORIENTAL PEARL,IMO9441112,VROX,70,0,199,32,11.8,70,A
477123000,2026-09-08 01:30:00,17.413611,82.517246,13.2,225.0,225.0,ORIENTAL PEARL,IMO9441112,VROX,70,0,199,32,11.8,70,A
477123000,2026-09-08 01:35:00,17.400553,82.503527,13.2,225.0,225.0,ORIENTAL PEARL,IMO9441112,VROX,70,0,199,32,11.8,70,A
477123000,2026-09-08 01:40:00,17.387621,82.48996,13.2,225.0,225.0,ORIENTAL PEARL,IMO9441112,VROX,70,0,199,32,11.8,70,A
477123000,2026-09-08 01:45:00,17.374679,82.47632,13.2,225.0,225.0,ORIENTAL PEARL,IMO9441112,VROX,70,0,199,32,11.8,70,A
477123000,2026-09-08 01:50:00,17.361796,82.462629,13.2,225.0,225.0,ORIENTAL PEARL,IMO9441112,VROX,70,0,199,32,11.8,70,A
477123000,2026-09-08 01:55:00,17.348814,82.449025,13.2,225.0,225.0,ORIENTAL PEARL,IMO9441112,VROX,70,0,199,32,11.8,70,A
477123000,2026-09-08 02:00:00,17.335777,82.435411,13.2,225.0,225.0,ORIENTAL PEARL,IMO9441112,VROX,70,0,199,32,11.8,70,A
477123000,2026-09-08 02:05:00,17.322865,82.421735,13.2,225.0,225.0,ORIENTAL PEARL,IMO9441112,VROX,70,0,199,32,11.8,70,A
477123000,2026-09-08 02:10:00,17.309882,82.408288,13.2,225.0,225.0,ORIENTAL PEARL,IMO9441112,VROX,70,0,199,32,11.8,70,A
477123000,2026-09-08 02:15:00,17.29685,82.394575,13.2,225.0,225.0,ORIENTAL PEARL,IMO9441112,VROX,70,0,199,32,11.8,70,A
477123000,2026-09-08 02:20:00,17.283877,82.380924,13.2,225.0,225.0,ORIENTAL PEARL,IMO9441112,VROX,70,0,199,32,11.8,70,A
477123000,2026-09-08 02:25:00,17.270935,82.367408,13.2,225.0,225.0,ORIENTAL PEARL,IMO9441112,VROX,70,0,199,32,11.8,70,A
477123000,2026-09-08 02:30:00,17.258081,82.353732,13.2,225.0,225.0,ORIENTAL PEARL,IMO9441112,VROX,70,0,199,32,11.8,70,A
477123000,2026-09-08 02:35:00,17.245083,82.340022,13.2,225.0,225.0,ORIENTAL PEARL,IMO9441112,VROX,70,0,199,32,11.8,70,A
477123000,2026-09-08 02:40:00,17.232126,82.326395,13.2,225.0,225.0,ORIENTAL PEARL,IMO9441112,VROX,70,0,199,32,11.8,70,A
477123000,2026-09-08 02:45:00,17.219194,82.312947,13.2,225.0,225.0,ORIENTAL PEARL,IMO9441112,VROX,70,0,199,32,11.8,70,A
477123000,2026-09-08 02:50:00,17.206145,82.299196,13.2,225.0,225.0,ORIENTAL PEARL,IMO9441112,VROX,70,0,199,32,11.8,70,A
477123000,2026-09-08 02:55:00,17.193284,82.285559,13.2,225.0,225.0,ORIENTAL PEARL,IMO9441112,VROX,70,0,199,32,11.8,70,A
477123000,2026-09-08 03:00:00,17.180189,82.272037,13.2,225.0,225.0,ORIENTAL PEARL,IMO9441112,VROX,70,0,199,32,11.8,70,A
477123000,2026-09-08 03:05:00,17.167351,82.25841,13.2,225.0,225.0,ORIENTAL PEARL,IMO9441112,VROX,70,0,199,32,11.8,70,A
477123000,2026-09-08 03:10:00,17.154262,82.244723,13.2,225.0,225.0,ORIENTAL PEARL,IMO9441112,VROX,70,0,199,32,11.8,70,A
477123000,2026-09-08 03:15:00,17.14147,82.231108,13.2,225.0,225.0,ORIENTAL PEARL,IMO9441112,VROX,70,0,199,32,11.8,70,A
477123000,2026-09-08 03:20:00,17.128391,82.217459,13.2,225.0,225.0,ORIENTAL PEARL,IMO9441112,VROX,70,0,199,32,11.8,70,A
477123000,2026-09-08 03:25:00,17.115544,82.203884,13.2,225.0,225.0,ORIENTAL PEARL,IMO9441112,VROX,70,0,199,32,11.8,70,A
211002000,2026-09-07 17:30:00,9.880219,78.549049,18.9,80.0,80.0,HAPAG LLOYD EXPRESS,IMO9723001,DCHL,70,0,335,48,14.5,70,A
211002000,2026-09-07 17:35:00,9.884795,78.575347,18.9,80.0,80.0,HAPAG LLOYD EXPRESS,IMO9723001,DCHL,70,0,335,48,14.5,70,A
211002000,2026-09-07 17:40:00,9.889219,78.601615,18.9,80.0,80.0,HAPAG LLOYD EXPRESS,IMO9723001,DCHL,70,0,335,48,14.5,70,A
211002000,2026-09-07 17:45:00,9.893801,78.627718,18.9,80.0,80.0,HAPAG LLOYD EXPRESS,IMO9723001,DCHL,70,0,335,48,14.5,70,A
211002000,2026-09-07 17:50:00,9.898324,78.654053,18.9,80.0,80.0,HAPAG LLOYD EXPRESS,IMO9723001,DCHL,70,0,335,48,14.5,70,A
211002000,2026-09-07 17:55:00,9.902951,78.680229,18.9,80.0,80.0,HAPAG LLOYD EXPRESS,IMO9723001,DCHL,70,0,335,48,14.5,70,A
211002000,2026-09-07 18:00:00,9.907481,78.706488,18.9,80.0,80.0,HAPAG LLOYD EXPRESS,IMO9723001,DCHL,70,0,335,48,14.5,70,A
211002000,2026-09-07 18:05:00,9.912116,78.732866,18.9,80.0,80.0,HAPAG LLOYD EXPRESS,IMO9723001,DCHL,70,0,335,48,14.5,70,A
211002000,2026-09-07 18:10:00,9.916541,78.759044,18.9,80.0,80.0,HAPAG LLOYD EXPRESS,IMO9723001,DCHL,70,0,335,48,14.5,70,A
211002000,2026-09-07 18:15:00,9.921222,78.785273,18.9,80.0,80.0,HAPAG LLOYD EXPRESS,IMO9723001,DCHL,70,0,335,48,14.5,70,A
211002000,2026-09-07 18:20:00,9.925618,78.81158,18.9,80.0,80.0,HAPAG LLOYD EXPRESS,IMO9723001,DCHL,70,0,335,48,14.5,70,A
211002000,2026-09-07 18:25:00,9.930176,78.837906,18.9,80.0,80.0,HAPAG LLOYD EXPRESS,IMO9723001,DCHL,70,0,335,48,14.5,70,A
211002000,2026-09-07 18:30:00,9.934782,78.86411,18.9,80.0,80.0,HAPAG LLOYD EXPRESS,IMO9723001,DCHL,70,0,335,48,14.5,70,A
211002000,2026-09-07 18:35:00,9.939397,78.890328,18.9,80.0,80.0,HAPAG LLOYD EXPRESS,IMO9723001,DCHL,70,0,335,48,14.5,70,A
211002000,2026-09-07 18:40:00,9.943923,78.91668,18.9,80.0,80.0,HAPAG LLOYD EXPRESS,IMO9723001,DCHL,70,0,335,48,14.5,70,A
211002000,2026-09-07 18:45:00,9.948444,78.94285,18.9,80.0,80.0,HAPAG LLOYD EXPRESS,IMO9723001,DCHL,70,0,335,48,14.5,70,A
211002000,2026-09-07 18:50:00,9.953026,78.969202,18.9,80.0,80.0,HAPAG LLOYD EXPRESS,IMO9723001,DCHL,70,0,335,48,14.5,70,A
211002000,2026-09-07 18:55:00,9.957621,78.995491,18.9,80.0,80.0,HAPAG LLOYD EXPRESS,IMO9723001,DCHL,70,0,335,48,14.5,70,A
211002000,2026-09-07 19:00:00,9.9622,79.021584,18.9,80.0,80.0,HAPAG LLOYD EXPRESS,IMO9723001,DCHL,70,0,335,48,14.5,70,A
211002000,2026-09-07 19:05:00,9.966765,79.047943,18.9,80.0,80.0,HAPAG LLOYD EXPRESS,IMO9723001,DCHL,70,0,335,48,14.5,70,A
211002000,2026-09-07 19:10:00,9.971388,79.074103,18.9,80.0,80.0,HAPAG LLOYD EXPRESS,IMO9723001,DCHL,70,0,335,48,14.5,70,A
211002000,2026-09-07 19:15:00,9.975763,79.100427,18.9,80.0,80.0,HAPAG LLOYD EXPRESS,IMO9723001,DCHL,70,0,335,48,14.5,70,A
211002000,2026-09-07 19:20:00,9.980386,79.126775,18.9,80.0,80.0,HAPAG LLOYD EXPRESS,IMO9723001,DCHL,70,0,335,48,14.5,70,A
211002000,2026-09-07 19:25:00,9.984988,79.153034,18.9,80.0,80.0,HAPAG LLOYD EXPRESS,IMO9723001,DCHL,70,0,335,48,14.5,70,A
211002000,2026-09-07 19:30:00,9.989553,79.179309,18.9,80.0,80.0,HAPAG LLOYD EXPRESS,IMO9723001,DCHL,70,0,335,48,14.5,70,A
211002000,2026-09-07 19:35:00,9.993996,79.205402,18.9,80.0,80.0,HAPAG LLOYD EXPRESS,IMO9723001,DCHL,70,0,335,48,14.5,70,A
211002000,2026-09-07 19:40:00,9.998626,79.231646,18.9,80.0,80.0,HAPAG LLOYD EXPRESS,IMO9723001,DCHL,70,0,335,48,14.5,70,A
211002000,2026-09-07 19:45:00,10.003098,79.257913,18.9,80.0,80.0,HAPAG LLOYD EXPRESS,IMO9723001,DCHL,70,0,335,48,14.5,70,A
211002000,2026-09-07 19:50:00,10.007834,79.284155,18.9,80.0,80.0,HAPAG LLOYD EXPRESS,IMO9723001,DCHL,70,0,335,48,14.5,70,A
211002000,2026-09-07 19:55:00,10.012244,79.310538,18.9,80.0,80.0,HAPAG LLOYD EXPRESS,IMO9723001,DCHL,70,0,335,48,14.5,70,A
211002000,2026-09-07 20:00:00,10.016867,79.3367,18.9,80.0,80.0,HAPAG LLOYD EXPRESS,IMO9723001,DCHL,70,0,335,48,14.5,70,A
211002000,2026-09-07 20:05:00,10.021515,79.363046,18.9,80.0,80.0,HAPAG LLOYD EXPRESS,IMO9723001,DCHL,70,0,335,48,14.5,70,A
211002000,2026-09-07 20:10:00,10.025894,79.389223,18.9,80.0,80.0,HAPAG LLOYD EXPRESS,IMO9723001,DCHL,70,0,335,48,14.5,70,A
211002000,2026-09-07 20:15:00,10.030632,79.415547,18.9,80.0,80.0,HAPAG LLOYD EXPRESS,IMO9723001,DCHL,70,0,335,48,14.5,70,A
211002000,2026-09-07 20:20:00,10.035168,79.441798,18.9,80.0,80.0,HAPAG LLOYD EXPRESS,IMO9723001,DCHL,70,0,335,48,14.5,70,A
211002000,2026-09-07 20:25:00,10.039608,79.467991,18.9,80.0,80.0,HAPAG LLOYD EXPRESS,IMO9723001,DCHL,70,0,335,48,14.5,70,A
211002000,2026-09-07 20:30:00,10.044276,79.494373,18.9,80.0,80.0,HAPAG LLOYD EXPRESS,IMO9723001,DCHL,70,0,335,48,14.5,70,A
211002000,2026-09-07 20:35:00,10.04876,79.520502,18.9,80.0,80.0,HAPAG LLOYD EXPRESS,IMO9723001,DCHL,70,0,335,48,14.5,70,A
211002000,2026-09-07 20:40:00,10.053394,79.546788,18.9,80.0,80.0,HAPAG LLOYD EXPRESS,IMO9723001,DCHL,70,0,335,48,14.5,70,A
211002000,2026-09-07 20:45:00,10.057806,79.573167,18.9,80.0,80.0,HAPAG LLOYD EXPRESS,IMO9723001,DCHL,70,0,335,48,14.5,70,A
211002000,2026-09-07 20:50:00,10.062495,79.599337,18.9,80.0,80.0,HAPAG LLOYD EXPRESS,IMO9723001,DCHL,70,0,335,48,14.5,70,A
211002000,2026-09-07 20:55:00,10.066939,79.625505,18.9,80.0,80.0,HAPAG LLOYD EXPRESS,IMO9723001,DCHL,70,0,335,48,14.5,70,A
211002000,2026-09-07 21:00:00,10.07146,79.651849,18.9,80.0,80.0,HAPAG LLOYD EXPRESS,IMO9723001,DCHL,70,0,335,48,14.5,70,A
211002000,2026-09-07 21:05:00,10.076061,79.678157,18.9,80.0,80.0,HAPAG LLOYD EXPRESS,IMO9723001,DCHL,70,0,335,48,14.5,70,A
211002000,2026-09-07 21:10:00,10.080697,79.70432,18.9,80.0,80.0,HAPAG LLOYD EXPRESS,IMO9723001,DCHL,70,0,335,48,14.5,70,A
211002000,2026-09-07 21:15:00,10.085159,79.730676,18.9,80.0,80.0,HAPAG LLOYD EXPRESS,IMO9723001,DCHL,70,0,335,48,14.5,70,A
211002000,2026-09-07 21:20:00,10.08984,79.756793,18.9,80.0,80.0,HAPAG LLOYD EXPRESS,IMO9723001,DCHL,70,0,335,48,14.5,70,A
211002000,2026-09-07 21:25:00,10.094311,79.783074,18.9,80.0,80.0,HAPAG LLOYD EXPRESS,IMO9723001,DCHL,70,0,335,48,14.5,70,A
211002000,2026-09-07 21:30:00,10.098912,79.809401,18.9,80.0,80.0,HAPAG LLOYD EXPRESS,IMO9723001,DCHL,70,0,335,48,14.5,70,A
211002000,2026-09-07 21:35:00,10.103525,79.835665,18.9,80.0,80.0,HAPAG LLOYD EXPRESS,IMO9723001,DCHL,70,0,335,48,14.5,70,A
211002000,2026-09-07 21:40:00,10.108098,79.861874,18.9,80.0,80.0,HAPAG LLOYD EXPRESS,IMO9723001,DCHL,70,0,335,48,14.5,70,A
211002000,2026-09-07 21:45:00,10.112475,79.888236,18.9,80.0,80.0,HAPAG LLOYD EXPRESS,IMO9723001,DCHL,70,0,335,48,14.5,70,A
211002000,2026-09-07 21:50:00,10.11715,79.914361,18.9,80.0,80.0,HAPAG LLOYD EXPRESS,IMO9723001,DCHL,70,0,335,48,14.5,70,A
211002000,2026-09-07 21:55:00,10.121751,79.940657,18.9,80.0,80.0,HAPAG LLOYD EXPRESS,IMO9723001,DCHL,70,0,335,48,14.5,70,A
211002000,2026-09-07 22:00:00,10.126258,79.967019,18.9,80.0,80.0,HAPAG LLOYD EXPRESS,IMO9723001,DCHL,70,0,335,48,14.5,70,A
211002000,2026-09-07 22:05:00,10.130746,79.993305,18.9,80.0,80.0,HAPAG LLOYD EXPRESS,IMO9723001,DCHL,70,0,335,48,14.5,70,A
211002000,2026-09-07 22:10:00,10.135358,80.019443,18.9,80.0,80.0,HAPAG LLOYD EXPRESS,IMO9723001,DCHL,70,0,335,48,14.5,70,A
211002000,2026-09-07 22:15:00,10.139979,80.045787,18.9,80.0,80.0,HAPAG LLOYD EXPRESS,IMO9723001,DCHL,70,0,335,48,14.5,70,A
211002000,2026-09-07 22:20:00,10.144494,80.071926,18.9,80.0,80.0,HAPAG LLOYD EXPRESS,IMO9723001,DCHL,70,0,335,48,14.5,70,A
211002000,2026-09-07 22:25:00,10.149066,80.098277,18.9,80.0,80.0,HAPAG LLOYD EXPRESS,IMO9723001,DCHL,70,0,335,48,14.5,70,A
211002000,2026-09-07 22:30:00,10.153635,80.124516,18.9,80.0,80.0,HAPAG LLOYD EXPRESS,IMO9723001,DCHL,70,0,335,48,14.5,70,A
211002000,2026-09-07 22:35:00,10.15821,80.15068,18.9,80.0,80.0,HAPAG LLOYD EXPRESS,IMO9723001,DCHL,70,0,335,48,14.5,70,A
211002000,2026-09-07 22:40:00,10.16268,80.17694,18.9,80.0,80.0,HAPAG LLOYD EXPRESS,IMO9723001,DCHL,70,0,335,48,14.5,70,A
211002000,2026-09-07 22:45:00,10.167192,80.203243,18.9,80.0,80.0,HAPAG LLOYD EXPRESS,IMO9723001,DCHL,70,0,335,48,14.5,70,A
211002000,2026-09-07 22:50:00,10.171816,80.229501,18.9,80.0,80.0,HAPAG LLOYD EXPRESS,IMO9723001,DCHL,70,0,335,48,14.5,70,A
211002000,2026-09-07 22:55:00,10.17641,80.255873,18.9,80.0,80.0,HAPAG LLOYD EXPRESS,IMO9723001,DCHL,70,0,335,48,14.5,70,A
211002000,2026-09-07 23:00:00,10.180972,80.282011,18.9,80.0,80.0,HAPAG LLOYD EXPRESS,IMO9723001,DCHL,70,0,335,48,14.5,70,A
211002000,2026-09-07 23:05:00,10.185433,80.308222,18.9,80.0,80.0,HAPAG LLOYD EXPRESS,IMO9723001,DCHL,70,0,335,48,14.5,70,A
211002000,2026-09-07 23:10:00,10.190055,80.334562,18.9,80.0,80.0,HAPAG LLOYD EXPRESS,IMO9723001,DCHL,70,0,335,48,14.5,70,A
211002000,2026-09-07 23:15:00,10.194542,80.360813,18.9,80.0,80.0,HAPAG LLOYD EXPRESS,IMO9723001,DCHL,70,0,335,48,14.5,70,A
211002000,2026-09-07 23:20:00,10.199124,80.387048,18.9,80.0,80.0,HAPAG LLOYD EXPRESS,IMO9723001,DCHL,70,0,335,48,14.5,70,A
211002000,2026-09-07 23:25:00,10.203731,80.413326,18.9,80.0,80.0,HAPAG LLOYD EXPRESS,IMO9723001,DCHL,70,0,335,48,14.5,70,A
211002000,2026-09-07 23:30:00,10.208229,80.439595,18.9,80.0,80.0,HAPAG LLOYD EXPRESS,IMO9723001,DCHL,70,0,335,48,14.5,70,A
211002000,2026-09-07 23:35:00,10.212911,80.465945,18.9,80.0,80.0,HAPAG LLOYD EXPRESS,IMO9723001,DCHL,70,0,335,48,14.5,70,A
211002000,2026-09-07 23:40:00,10.21731,80.492148,18.9,80.0,80.0,HAPAG LLOYD EXPRESS,IMO9723001,DCHL,70,0,335,48,14.5,70,A
211002000,2026-09-07 23:45:00,10.222043,80.518348,18.9,80.0,80.0,HAPAG LLOYD EXPRESS,IMO9723001,DCHL,70,0,335,48,14.5,70,A
211002000,2026-09-07 23:50:00,10.22642,80.544658,18.9,80.0,80.0,HAPAG LLOYD EXPRESS,IMO9723001,DCHL,70,0,335,48,14.5,70,A
211002000,2026-09-07 23:55:00,10.231028,80.570797,18.9,80.0,80.0,HAPAG LLOYD EXPRESS,IMO9723001,DCHL,70,0,335,48,14.5,70,A
211002000,2026-09-08 00:00:00,10.235575,80.597075,18.9,80.0,80.0,HAPAG LLOYD EXPRESS,IMO9723001,DCHL,70,0,335,48,14.5,70,A
211002000,2026-09-08 00:05:00,10.240212,80.623489,18.9,80.0,80.0,HAPAG LLOYD EXPRESS,IMO9723001,DCHL,70,0,335,48,14.5,70,A
211002000,2026-09-08 00:10:00,10.244654,80.649591,18.9,80.0,80.0,HAPAG LLOYD EXPRESS,IMO9723001,DCHL,70,0,335,48,14.5,70,A
211002000,2026-09-08 00:15:00,10.249355,80.675906,18.9,80.0,80.0,HAPAG LLOYD EXPRESS,IMO9723001,DCHL,70,0,335,48,14.5,70,A
211002000,2026-09-08 00:20:00,10.253795,80.702255,18.9,80.0,80.0,HAPAG LLOYD EXPRESS,IMO9723001,DCHL,70,0,335,48,14.5,70,A
211002000,2026-09-08 00:25:00,10.258339,80.728361,18.9,80.0,80.0,HAPAG LLOYD EXPRESS,IMO9723001,DCHL,70,0,335,48,14.5,70,A
211002000,2026-09-08 00:30:00,10.262876,80.754777,18.9,80.0,80.0,HAPAG LLOYD EXPRESS,IMO9723001,DCHL,70,0,335,48,14.5,70,A
211002000,2026-09-08 00:35:00,10.267565,80.780924,18.9,80.0,80.0,HAPAG LLOYD EXPRESS,IMO9723001,DCHL,70,0,335,48,14.5,70,A
211002000,2026-09-08 00:40:00,10.272107,80.807248,18.9,80.0,80.0,HAPAG LLOYD EXPRESS,IMO9723001,DCHL,70,0,335,48,14.5,70,A
211002000,2026-09-08 00:45:00,10.276646,80.833551,18.9,80.0,80.0,HAPAG LLOYD EXPRESS,IMO9723001,DCHL,70,0,335,48,14.5,70,A
211002000,2026-09-08 00:50:00,10.281133,80.85973,18.9,80.0,80.0,HAPAG LLOYD EXPRESS,IMO9723001,DCHL,70,0,335,48,14.5,70,A
211002000,2026-09-08 00:55:00,10.285766,80.8859,18.9,80.0,80.0,HAPAG LLOYD EXPRESS,IMO9723001,DCHL,70,0,335,48,14.5,70,A
211002000,2026-09-08 01:00:00,10.290343,80.912257,18.9,80.0,80.0,HAPAG LLOYD EXPRESS,IMO9723001,DCHL,70,0,335,48,14.5,70,A
211002000,2026-09-08 01:05:00,10.294956,80.938574,18.9,80.0,80.0,HAPAG LLOYD EXPRESS,IMO9723001,DCHL,70,0,335,48,14.5,70,A
211002000,2026-09-08 01:10:00,10.299368,80.964818,18.9,80.0,80.0,HAPAG LLOYD EXPRESS,IMO9723001,DCHL,70,0,335,48,14.5,70,A
211002000,2026-09-08 01:15:00,10.30391,80.991017,18.9,80.0,80.0,HAPAG LLOYD EXPRESS,IMO9723001,DCHL,70,0,335,48,14.5,70,A
211002000,2026-09-08 01:20:00,10.308532,81.01724,18.9,80.0,80.0,HAPAG LLOYD EXPRESS,IMO9723001,DCHL,70,0,335,48,14.5,70,A
211002000,2026-09-08 01:25:00,10.313085,81.043581,18.9,80.0,80.0,HAPAG LLOYD EXPRESS,IMO9723001,DCHL,70,0,335,48,14.5,70,A
211002000,2026-09-08 01:30:00,10.31763,81.069853,18.9,80.0,80.0,HAPAG LLOYD EXPRESS,IMO9723001,DCHL,70,0,335,48,14.5,70,A
211002000,2026-09-08 01:35:00,10.322274,81.096115,18.9,80.0,80.0,HAPAG LLOYD EXPRESS,IMO9723001,DCHL,70,0,335,48,14.5,70,A
211002000,2026-09-08 01:40:00,10.32681,81.122357,18.9,80.0,80.0,HAPAG LLOYD EXPRESS,IMO9723001,DCHL,70,0,335,48,14.5,70,A
211002000,2026-09-08 01:45:00,10.331377,81.148473,18.9,80.0,80.0,HAPAG LLOYD EXPRESS,IMO9723001,DCHL,70,0,335,48,14.5,70,A
211002000,2026-09-08 01:50:00,10.335899,81.174892,18.9,80.0,80.0,HAPAG LLOYD EXPRESS,IMO9723001,DCHL,70,0,335,48,14.5,70,A
211002000,2026-09-08 01:55:00,10.340441,81.201018,18.9,80.0,80.0,HAPAG LLOYD EXPRESS,IMO9723001,DCHL,70,0,335,48,14.5,70,A
211002000,2026-09-08 02:00:00,10.344963,81.227381,18.9,80.0,80.0,HAPAG LLOYD EXPRESS,IMO9723001,DCHL,70,0,335,48,14.5,70,A
211002000,2026-09-08 02:05:00,10.349573,81.253623,18.9,80.0,80.0,HAPAG LLOYD EXPRESS,IMO9723001,DCHL,70,0,335,48,14.5,70,A
211002000,2026-09-08 02:10:00,10.354134,81.279919,18.9,80.0,80.0,HAPAG LLOYD EXPRESS,IMO9723001,DCHL,70,0,335,48,14.5,70,A
211002000,2026-09-08 02:15:00,10.35877,81.306063,18.9,80.0,80.0,HAPAG LLOYD EXPRESS,IMO9723001,DCHL,70,0,335,48,14.5,70,A
211002000,2026-09-08 02:20:00,10.363166,81.332335,18.9,80.0,80.0,HAPAG LLOYD EXPRESS,IMO9723001,DCHL,70,0,335,48,14.5,70,A
211002000,2026-09-08 02:25:00,10.367883,81.358621,18.9,80.0,80.0,HAPAG LLOYD EXPRESS,IMO9723001,DCHL,70,0,335,48,14.5,70,A
211002000,2026-09-08 02:30:00,10.372308,81.384873,18.9,80.0,80.0,HAPAG LLOYD EXPRESS,IMO9723001,DCHL,70,0,335,48,14.5,70,A
211002000,2026-09-08 02:35:00,10.376921,81.411139,18.9,80.0,80.0,HAPAG LLOYD EXPRESS,IMO9723001,DCHL,70,0,335,48,14.5,70,A
211002000,2026-09-08 02:40:00,10.381362,81.437339,18.9,80.0,80.0,HAPAG LLOYD EXPRESS,IMO9723001,DCHL,70,0,335,48,14.5,70,A
211002000,2026-09-08 02:45:00,10.386027,81.463621,18.9,80.0,80.0,HAPAG LLOYD EXPRESS,IMO9723001,DCHL,70,0,335,48,14.5,70,A
211002000,2026-09-08 02:50:00,10.390673,81.489893,18.9,80.0,80.0,HAPAG LLOYD EXPRESS,IMO9723001,DCHL,70,0,335,48,14.5,70,A
211002000,2026-09-08 02:55:00,10.395147,81.51621,18.9,80.0,80.0,HAPAG LLOYD EXPRESS,IMO9723001,DCHL,70,0,335,48,14.5,70,A
211002000,2026-09-08 03:00:00,10.399695,81.542342,18.9,80.0,80.0,HAPAG LLOYD EXPRESS,IMO9723001,DCHL,70,0,335,48,14.5,70,A
211002000,2026-09-08 03:05:00,10.404343,81.56875,18.9,80.0,80.0,HAPAG LLOYD EXPRESS,IMO9723001,DCHL,70,0,335,48,14.5,70,A
211002000,2026-09-08 03:10:00,10.408814,81.594845,18.9,80.0,80.0,HAPAG LLOYD EXPRESS,IMO9723001,DCHL,70,0,335,48,14.5,70,A
211002000,2026-09-08 03:15:00,10.413402,81.621134,18.9,80.0,80.0,HAPAG LLOYD EXPRESS,IMO9723001,DCHL,70,0,335,48,14.5,70,A
211002000,2026-09-08 03:20:00,10.417825,81.647549,18.9,80.0,80.0,HAPAG LLOYD EXPRESS,IMO9723001,DCHL,70,0,335,48,14.5,70,A
211002000,2026-09-08 03:25:00,10.422481,81.673746,18.9,80.0,80.0,HAPAG LLOYD EXPRESS,IMO9723001,DCHL,70,0,335,48,14.5,70,A
477003000,2026-09-07 17:30:00,20.69605,70.807483,19.8,142.0,142.0,OOCL ASIA,IMO9300400,VROA,70,0,332,43,14.0,70,A
477003000,2026-09-07 17:35:00,20.674414,70.825472,19.8,142.0,142.0,OOCL ASIA,IMO9300400,VROA,70,0,332,43,14.0,70,A
477003000,2026-09-07 17:40:00,20.65286,70.843386,19.8,142.0,142.0,OOCL ASIA,IMO9300400,VROA,70,0,332,43,14.0,70,A
477003000,2026-09-07 17:45:00,20.631154,70.861249,19.8,142.0,142.0,OOCL ASIA,IMO9300400,VROA,70,0,332,43,14.0,70,A
477003000,2026-09-07 17:50:00,20.609378,70.879272,19.8,142.0,142.0,OOCL ASIA,IMO9300400,VROA,70,0,332,43,14.0,70,A
477003000,2026-09-07 17:55:00,20.587797,70.89727,19.8,142.0,142.0,OOCL ASIA,IMO9300400,VROA,70,0,332,43,14.0,70,A
477003000,2026-09-07 18:00:00,20.566127,70.915148,19.8,142.0,142.0,OOCL ASIA,IMO9300400,VROA,70,0,332,43,14.0,70,A
477003000,2026-09-07 18:05:00,20.544518,70.933038,19.8,142.0,142.0,OOCL ASIA,IMO9300400,VROA,70,0,332,43,14.0,70,A
477003000,2026-09-07 18:10:00,20.522772,70.951069,19.8,142.0,142.0,OOCL ASIA,IMO9300400,VROA,70,0,332,43,14.0,70,A
477003000,2026-09-07 18:15:00,20.501142,70.96902,19.8,142.0,142.0,OOCL ASIA,IMO9300400,VROA,70,0,332,43,14.0,70,A
477003000,2026-09-07 18:20:00,20.479545,70.986934,19.8,142.0,142.0,OOCL ASIA,IMO9300400,VROA,70,0,332,43,14.0,70,A
477003000,2026-09-07 18:25:00,20.457814,71.004897,19.8,142.0,142.0,OOCL ASIA,IMO9300400,VROA,70,0,332,43,14.0,70,A
477003000,2026-09-07 18:30:00,20.436191,71.022798,19.8,142.0,142.0,OOCL ASIA,IMO9300400,VROA,70,0,332,43,14.0,70,A
477003000,2026-09-07 18:35:00,20.414544,71.040681,19.8,142.0,142.0,OOCL ASIA,IMO9300400,VROA,70,0,332,43,14.0,70,A
477003000,2026-09-07 18:40:00,20.392839,71.05862,19.8,142.0,142.0,OOCL ASIA,IMO9300400,VROA,70,0,332,43,14.0,70,A
477003000,2026-09-07 18:45:00,20.37104,71.076702,19.8,142.0,142.0,OOCL ASIA,IMO9300400,VROA,70,0,332,43,14.0,70,A
477003000,2026-09-07 18:50:00,20.349377,71.094574,19.8,142.0,142.0,OOCL ASIA,IMO9300400,VROA,70,0,332,43,14.0,70,A
477003000,2026-09-07 18:55:00,20.327824,71.112485,19.8,142.0,142.0,OOCL ASIA,IMO9300400,VROA,70,0,332,43,14.0,70,A
477003000,2026-09-07 19:00:00,20.306071,71.130571,19.8,142.0,142.0,OOCL ASIA,IMO9300400,VROA,70,0,332,43,14.0,70,A
477003000,2026-09-07 19:05:00,20.28449,71.148538,19.8,142.0,142.0,OOCL ASIA,IMO9300400,VROA,70,0,332,43,14.0,70,A
477003000,2026-09-07 19:10:00,20.262764,71.166369,19.8,142.0,142.0,OOCL ASIA,IMO9300400,VROA,70,0,332,43,14.0,70,A
477003000,2026-09-07 19:15:00,20.241168,71.184266,19.8,142.0,142.0,OOCL ASIA,IMO9300400,VROA,70,0,332,43,14.0,70,A
477003000,2026-09-07 19:20:00,20.219553,71.202244,19.8,142.0,142.0,OOCL ASIA,IMO9300400,VROA,70,0,332,43,14.0,70,A
477003000,2026-09-07 19:25:00,20.197892,71.220255,19.8,142.0,142.0,OOCL ASIA,IMO9300400,VROA,70,0,332,43,14.0,70,A
477003000,2026-09-07 19:30:00,20.176064,71.238188,19.8,142.0,142.0,OOCL ASIA,IMO9300400,VROA,70,0,332,43,14.0,70,A
477003000,2026-09-07 19:35:00,20.154504,71.256118,19.8,142.0,142.0,OOCL ASIA,IMO9300400,VROA,70,0,332,43,14.0,70,A
477003000,2026-09-07 19:40:00,20.132897,71.274031,19.8,142.0,142.0,OOCL ASIA,IMO9300400,VROA,70,0,332,43,14.0,70,A
477003000,2026-09-07 19:45:00,20.111175,71.292096,19.8,142.0,142.0,OOCL ASIA,IMO9300400,VROA,70,0,332,43,14.0,70,A
477003000,2026-09-07 19:50:00,20.089396,71.310027,19.8,142.0,142.0,OOCL ASIA,IMO9300400,VROA,70,0,332,43,14.0,70,A
477003000,2026-09-07 19:55:00,20.06772,71.327864,19.8,142.0,142.0,OOCL ASIA,IMO9300400,VROA,70,0,332,43,14.0,70,A
477003000,2026-09-07 20:00:00,20.046196,71.345761,19.8,142.0,142.0,OOCL ASIA,IMO9300400,VROA,70,0,332,43,14.0,70,A
477003000,2026-09-07 20:05:00,20.024495,71.363827,19.8,142.0,142.0,OOCL ASIA,IMO9300400,VROA,70,0,332,43,14.0,70,A
477003000,2026-09-07 20:10:00,20.002876,71.381786,19.8,142.0,142.0,OOCL ASIA,IMO9300400,VROA,70,0,332,43,14.0,70,A
477003000,2026-09-07 20:15:00,19.981152,71.399728,19.8,142.0,142.0,OOCL ASIA,IMO9300400,VROA,70,0,332,43,14.0,70,A
477003000,2026-09-07 20:20:00,19.959489,71.417722,19.8,142.0,142.0,OOCL ASIA,IMO9300400,VROA,70,0,332,43,14.0,70,A
477003000,2026-09-07 20:25:00,19.93786,71.43559,19.8,142.0,142.0,OOCL ASIA,IMO9300400,VROA,70,0,332,43,14.0,70,A
477003000,2026-09-07 20:30:00,19.916068,71.453441,19.8,142.0,142.0,OOCL ASIA,IMO9300400,VROA,70,0,332,43,14.0,70,A
477003000,2026-09-07 20:35:00,19.894467,71.471425,19.8,142.0,142.0,OOCL ASIA,IMO9300400,VROA,70,0,332,43,14.0,70,A
477003000,2026-09-07 20:40:00,19.872805,71.489349,19.8,142.0,142.0,OOCL ASIA,IMO9300400,VROA,70,0,332,43,14.0,70,A
477003000,2026-09-07 20:45:00,19.851243,71.507347,19.8,142.0,142.0,OOCL ASIA,IMO9300400,VROA,70,0,332,43,14.0,70,A
477003000,2026-09-07 20:50:00,19.829431,71.525263,19.8,142.0,142.0,OOCL ASIA,IMO9300400,VROA,70,0,332,43,14.0,70,A
477003000,2026-09-07 20:55:00,19.807714,71.54328,19.8,142.0,142.0,OOCL ASIA,IMO9300400,VROA,70,0,332,43,14.0,70,A
477003000,2026-09-07 21:00:00,19.786116,71.561172,19.8,142.0,142.0,OOCL ASIA,IMO9300400,VROA,70,0,332,43,14.0,70,A
477003000,2026-09-07 21:05:00,19.764465,71.579228,19.8,142.0,142.0,OOCL ASIA,IMO9300400,VROA,70,0,332,43,14.0,70,A
477003000,2026-09-07 21:10:00,19.742805,71.597126,19.8,142.0,142.0,OOCL ASIA,IMO9300400,VROA,70,0,332,43,14.0,70,A
477003000,2026-09-07 21:15:00,19.72109,71.614983,19.8,142.0,142.0,OOCL ASIA,IMO9300400,VROA,70,0,332,43,14.0,70,A
477003000,2026-09-07 21:20:00,19.699419,71.63294,19.8,142.0,142.0,OOCL ASIA,IMO9300400,VROA,70,0,332,43,14.0,70,A
477003000,2026-09-07 21:25:00,19.67781,71.650993,19.8,142.0,142.0,OOCL ASIA,IMO9300400,VROA,70,0,332,43,14.0,70,A
477003000,2026-09-07 21:30:00,19.656215,71.668937,19.8,142.0,142.0,OOCL ASIA,IMO9300400,VROA,70,0,332,43,14.0,70,A
477003000,2026-09-07 21:35:00,19.634495,71.686814,19.8,142.0,142.0,OOCL ASIA,IMO9300400,VROA,70,0,332,43,14.0,70,A
477003000,2026-09-07 21:40:00,19.612754,71.704836,19.8,142.0,142.0,OOCL ASIA,IMO9300400,VROA,70,0,332,43,14.0,70,A
477003000,2026-09-07 21:45:00,19.591077,71.722753,19.8,142.0,142.0,OOCL ASIA,IMO9300400,VROA,70,0,332,43,14.0,70,A
477003000,2026-09-07 21:50:00,19.569524,71.740645,19.8,142.0,142.0,OOCL ASIA,IMO9300400,VROA,70,0,332,43,14.0,70,A
477003000,2026-09-07 21:55:00,19.547875,71.758711,19.8,142.0,142.0,OOCL ASIA,IMO9300400,VROA,70,0,332,43,14.0,70,A
477003000,2026-09-07 22:00:00,19.526162,71.776645,19.8,142.0,142.0,OOCL ASIA,IMO9300400,VROA,70,0,332,43,14.0,70,A
477003000,2026-09-07 22:05:00,19.50458,71.794444,19.8,142.0,142.0,OOCL ASIA,IMO9300400,VROA,70,0,332,43,14.0,70,A
477003000,2026-09-07 22:10:00,19.482912,71.812502,19.8,142.0,142.0,OOCL ASIA,IMO9300400,VROA,70,0,332,43,14.0,70,A
477003000,2026-09-07 22:15:00,19.461087,71.830314,19.8,142.0,142.0,OOCL ASIA,IMO9300400,VROA,70,0,332,43,14.0,70,A
477003000,2026-09-07 22:20:00,19.439393,71.848427,19.8,142.0,142.0,OOCL ASIA,IMO9300400,VROA,70,0,332,43,14.0,70,A
477003000,2026-09-07 22:25:00,19.417881,71.866268,19.8,142.0,142.0,OOCL ASIA,IMO9300400,VROA,70,0,332,43,14.0,70,A
477003000,2026-09-07 22:30:00,19.396161,71.884158,19.8,142.0,142.0,OOCL ASIA,IMO9300400,VROA,70,0,332,43,14.0,70,A
477003000,2026-09-07 22:35:00,19.374453,71.902281,19.8,142.0,142.0,OOCL ASIA,IMO9300400,VROA,70,0,332,43,14.0,70,A
477003000,2026-09-07 22:40:00,19.352841,71.920064,19.8,142.0,142.0,OOCL ASIA,IMO9300400,VROA,70,0,332,43,14.0,70,A
477003000,2026-09-07 22:45:00,19.331053,71.938045,19.8,142.0,142.0,OOCL ASIA,IMO9300400,VROA,70,0,332,43,14.0,70,A
477003000,2026-09-07 22:50:00,19.309476,71.956002,19.8,142.0,142.0,OOCL ASIA,IMO9300400,VROA,70,0,332,43,14.0,70,A
477003000,2026-09-07 22:55:00,19.287849,71.974011,19.8,142.0,142.0,OOCL ASIA,IMO9300400,VROA,70,0,332,43,14.0,70,A
477003000,2026-09-07 23:00:00,19.266147,71.991825,19.8,142.0,142.0,OOCL ASIA,IMO9300400,VROA,70,0,332,43,14.0,70,A
477003000,2026-09-07 23:05:00,19.244548,72.009928,19.8,142.0,142.0,OOCL ASIA,IMO9300400,VROA,70,0,332,43,14.0,70,A
477003000,2026-09-07 23:10:00,19.222899,72.027888,19.8,142.0,142.0,OOCL ASIA,IMO9300400,VROA,70,0,332,43,14.0,70,A
477003000,2026-09-07 23:15:00,19.201117,72.04576,19.8,142.0,142.0,OOCL ASIA,IMO9300400,VROA,70,0,332,43,14.0,70,A
477003000,2026-09-07 23:20:00,19.17947,72.063614,19.8,142.0,142.0,OOCL ASIA,IMO9300400,VROA,70,0,332,43,14.0,70,A
477003000,2026-09-07 23:25:00,19.157894,72.08171,19.8,142.0,142.0,OOCL ASIA,IMO9300400,VROA,70,0,332,43,14.0,70,A
477003000,2026-09-07 23:30:00,19.136117,72.099622,19.8,142.0,142.0,OOCL ASIA,IMO9300400,VROA,70,0,332,43,14.0,70,A
477003000,2026-09-07 23:35:00,19.114557,72.117575,19.8,142.0,142.0,OOCL ASIA,IMO9300400,VROA,70,0,332,43,14.0,70,A
477003000,2026-09-07 23:40:00,19.09282,72.135455,19.8,142.0,142.0,OOCL ASIA,IMO9300400,VROA,70,0,332,43,14.0,70,A
477003000,2026-09-07 23:45:00,19.071228,72.153388,19.8,142.0,142.0,OOCL ASIA,IMO9300400,VROA,70,0,332,43,14.0,70,A
477003000,2026-09-07 23:50:00,19.049529,72.171448,19.8,142.0,142.0,OOCL ASIA,IMO9300400,VROA,70,0,332,43,14.0,70,A
477003000,2026-09-07 23:55:00,19.027849,72.189283,19.8,142.0,142.0,OOCL ASIA,IMO9300400,VROA,70,0,332,43,14.0,70,A
477003000,2026-09-08 00:00:00,19.006075,72.207195,19.8,142.0,142.0,OOCL ASIA,IMO9300400,VROA,70,0,332,43,14.0,70,A
477003000,2026-09-08 00:05:00,18.984542,72.22531,19.8,142.0,142.0,OOCL ASIA,IMO9300400,VROA,70,0,332,43,14.0,70,A
477003000,2026-09-08 00:10:00,18.962739,72.243191,19.8,142.0,142.0,OOCL ASIA,IMO9300400,VROA,70,0,332,43,14.0,70,A
477003000,2026-09-08 00:15:00,18.941176,72.261181,19.8,142.0,142.0,OOCL ASIA,IMO9300400,VROA,70,0,332,43,14.0,70,A
477003000,2026-09-08 00:20:00,18.919456,72.278964,19.8,142.0,142.0,OOCL ASIA,IMO9300400,VROA,70,0,332,43,14.0,70,A
477003000,2026-09-08 00:25:00,18.897734,72.297,19.8,142.0,142.0,OOCL ASIA,IMO9300400,VROA,70,0,332,43,14.0,70,A
477003000,2026-09-08 00:30:00,18.876243,72.314949,19.8,142.0,142.0,OOCL ASIA,IMO9300400,VROA,70,0,332,43,14.0,70,A
477003000,2026-09-08 00:35:00,18.854556,72.332795,19.8,142.0,142.0,OOCL ASIA,IMO9300400,VROA,70,0,332,43,14.0,70,A
477003000,2026-09-08 00:40:00,18.832918,72.350888,19.8,142.0,142.0,OOCL ASIA,IMO9300400,VROA,70,0,332,43,14.0,70,A
477003000,2026-09-08 00:45:00,18.811175,72.3687,19.8,142.0,142.0,OOCL ASIA,IMO9300400,VROA,70,0,332,43,14.0,70,A
477003000,2026-09-08 00:50:00,18.789507,72.386795,19.8,142.0,142.0,OOCL ASIA,IMO9300400,VROA,70,0,332,43,14.0,70,A
477003000,2026-09-08 00:55:00,18.767853,72.404738,19.8,142.0,142.0,OOCL ASIA,IMO9300400,VROA,70,0,332,43,14.0,70,A
477003000,2026-09-08 01:00:00,18.746172,72.422641,19.8,142.0,142.0,OOCL ASIA,IMO9300400,VROA,70,0,332,43,14.0,70,A
477003000,2026-09-08 01:05:00,18.724533,72.440516,19.8,142.0,142.0,OOCL ASIA,IMO9300400,VROA,70,0,332,43,14.0,70,A
477003000,2026-09-08 01:10:00,18.702732,72.458474,19.8,142.0,142.0,OOCL ASIA,IMO9300400,VROA,70,0,332,43,14.0,70,A
477003000,2026-09-08 01:15:00,18.681074,72.47651,19.8,142.0,142.0,OOCL ASIA,IMO9300400,VROA,70,0,332,43,14.0,70,A
477003000,2026-09-08 01:20:00,18.65955,72.494447,19.8,142.0,142.0,OOCL ASIA,IMO9300400,VROA,70,0,332,43,14.0,70,A
477003000,2026-09-08 01:25:00,18.637735,72.512315,19.8,142.0,142.0,OOCL ASIA,IMO9300400,VROA,70,0,332,43,14.0,70,A
477003000,2026-09-08 01:30:00,18.616068,72.530275,19.8,142.0,142.0,OOCL ASIA,IMO9300400,VROA,70,0,332,43,14.0,70,A
477003000,2026-09-08 01:35:00,18.59456,72.548276,19.8,142.0,142.0,OOCL ASIA,IMO9300400,VROA,70,0,332,43,14.0,70,A
477003000,2026-09-08 01:40:00,18.572902,72.566139,19.8,142.0,142.0,OOCL ASIA,IMO9300400,VROA,70,0,332,43,14.0,70,A
477003000,2026-09-08 01:45:00,18.551156,72.584082,19.8,142.0,142.0,OOCL ASIA,IMO9300400,VROA,70,0,332,43,14.0,70,A
477003000,2026-09-08 01:50:00,18.529564,72.602057,19.8,142.0,142.0,OOCL ASIA,IMO9300400,VROA,70,0,332,43,14.0,70,A
477003000,2026-09-08 01:55:00,18.507917,72.620022,19.8,142.0,142.0,OOCL ASIA,IMO9300400,VROA,70,0,332,43,14.0,70,A
477003000,2026-09-08 02:00:00,18.486083,72.637939,19.8,142.0,142.0,OOCL ASIA,IMO9300400,VROA,70,0,332,43,14.0,70,A
477003000,2026-09-08 02:05:00,18.464559,72.656012,19.8,142.0,142.0,OOCL ASIA,IMO9300400,VROA,70,0,332,43,14.0,70,A
477003000,2026-09-08 02:10:00,18.442783,72.673964,19.8,142.0,142.0,OOCL ASIA,IMO9300400,VROA,70,0,332,43,14.0,70,A
477003000,2026-09-08 02:15:00,18.421139,72.691771,19.8,142.0,142.0,OOCL ASIA,IMO9300400,VROA,70,0,332,43,14.0,70,A
477003000,2026-09-08 02:20:00,18.399577,72.709733,19.8,142.0,142.0,OOCL ASIA,IMO9300400,VROA,70,0,332,43,14.0,70,A
477003000,2026-09-08 02:25:00,18.377738,72.727744,19.8,142.0,142.0,OOCL ASIA,IMO9300400,VROA,70,0,332,43,14.0,70,A
477003000,2026-09-08 02:30:00,18.356242,72.74574,19.8,142.0,142.0,OOCL ASIA,IMO9300400,VROA,70,0,332,43,14.0,70,A
477003000,2026-09-08 02:35:00,18.334417,72.763621,19.8,142.0,142.0,OOCL ASIA,IMO9300400,VROA,70,0,332,43,14.0,70,A
477003000,2026-09-08 02:40:00,18.312906,72.781461,19.8,142.0,142.0,OOCL ASIA,IMO9300400,VROA,70,0,332,43,14.0,70,A
477003000,2026-09-08 02:45:00,18.291262,72.799476,19.8,142.0,142.0,OOCL ASIA,IMO9300400,VROA,70,0,332,43,14.0,70,A
477003000,2026-09-08 02:50:00,18.2695,72.8175,19.8,142.0,142.0,OOCL ASIA,IMO9300400,VROA,70,0,332,43,14.0,70,A
477003000,2026-09-08 02:55:00,18.247813,72.835402,19.8,142.0,142.0,OOCL ASIA,IMO9300400,VROA,70,0,332,43,14.0,70,A
477003000,2026-09-08 03:00:00,18.226187,72.853266,19.8,142.0,142.0,OOCL ASIA,IMO9300400,VROA,70,0,332,43,14.0,70,A
477003000,2026-09-08 03:05:00,18.204468,72.871311,19.8,142.0,142.0,OOCL ASIA,IMO9300400,VROA,70,0,332,43,14.0,70,A
477003000,2026-09-08 03:10:00,18.182744,72.889126,19.8,142.0,142.0,OOCL ASIA,IMO9300400,VROA,70,0,332,43,14.0,70,A
477003000,2026-09-08 03:15:00,18.161182,72.907218,19.8,142.0,142.0,OOCL ASIA,IMO9300400,VROA,70,0,332,43,14.0,70,A
477003000,2026-09-08 03:20:00,18.139435,72.925132,19.8,142.0,142.0,OOCL ASIA,IMO9300400,VROA,70,0,332,43,14.0,70,A
477003000,2026-09-08 03:25:00,18.117883,72.943097,19.8,142.0,142.0,OOCL ASIA,IMO9300400,VROA,70,0,332,43,14.0,70,A
413002000,2026-09-07 17:30:00,22.813291,67.906213,17.8,115.0,115.0,COSCO SHIPPING PRIDE,IMO9788000,BPCS,70,0,366,48,15.2,70,A
413002000,2026-09-07 17:35:00,22.802925,67.930263,17.8,115.0,115.0,COSCO SHIPPING PRIDE,IMO9788000,BPCS,70,0,366,48,15.2,70,A
413002000,2026-09-07 17:40:00,22.792381,67.954511,17.8,115.0,115.0,COSCO SHIPPING PRIDE,IMO9788000,BPCS,70,0,366,48,15.2,70,A
413002000,2026-09-07 17:45:00,22.781984,67.978742,17.8,115.0,115.0,COSCO SHIPPING PRIDE,IMO9788000,BPCS,70,0,366,48,15.2,70,A
413002000,2026-09-07 17:50:00,22.771649,68.003018,17.8,115.0,115.0,COSCO SHIPPING PRIDE,IMO9788000,BPCS,70,0,366,48,15.2,70,A
413002000,2026-09-07 17:55:00,22.761112,68.02704,17.8,115.0,115.0,COSCO SHIPPING PRIDE,IMO9788000,BPCS,70,0,366,48,15.2,70,A
413002000,2026-09-07 18:00:00,22.750623,68.051285,17.8,115.0,115.0,COSCO SHIPPING PRIDE,IMO9788000,BPCS,70,0,366,48,15.2,70,A
413002000,2026-09-07 18:05:00,22.740332,68.075578,17.8,115.0,115.0,COSCO SHIPPING PRIDE,IMO9788000,BPCS,70,0,366,48,15.2,70,A
413002000,2026-09-07 18:10:00,22.729744,68.099796,17.8,115.0,115.0,COSCO SHIPPING PRIDE,IMO9788000,BPCS,70,0,366,48,15.2,70,A
413002000,2026-09-07 18:15:00,22.71943,68.123813,17.8,115.0,115.0,COSCO SHIPPING PRIDE,IMO9788000,BPCS,70,0,366,48,15.2,70,A
413002000,2026-09-07 18:20:00,22.708832,68.14802,17.8,115.0,115.0,COSCO SHIPPING PRIDE,IMO9788000,BPCS,70,0,366,48,15.2,70,A
413002000,2026-09-07 18:25:00,22.698361,68.17224,17.8,115.0,115.0,COSCO SHIPPING PRIDE,IMO9788000,BPCS,70,0,366,48,15.2,70,A
413002000,2026-09-07 18:30:00,22.687954,68.196464,17.8,115.0,115.0,COSCO SHIPPING PRIDE,IMO9788000,BPCS,70,0,366,48,15.2,70,A
413002000,2026-09-07 18:35:00,22.67761,68.22064,17.8,115.0,115.0,COSCO SHIPPING PRIDE,IMO9788000,BPCS,70,0,366,48,15.2,70,A
413002000,2026-09-07 18:40:00,22.667032,68.244909,17.8,115.0,115.0,COSCO SHIPPING PRIDE,IMO9788000,BPCS,70,0,366,48,15.2,70,A
413002000,2026-09-07 18:45:00,22.656769,68.269001,17.8,115.0,115.0,COSCO SHIPPING PRIDE,IMO9788000,BPCS,70,0,366,48,15.2,70,A
413002000,2026-09-07 18:50:00,22.646135,68.293171,17.8,115.0,115.0,COSCO SHIPPING PRIDE,IMO9788000,BPCS,70,0,366,48,15.2,70,A
413002000,2026-09-07 18:55:00,22.63569,68.317551,17.8,115.0,115.0,COSCO SHIPPING PRIDE,IMO9788000,BPCS,70,0,366,48,15.2,70,A
413002000,2026-09-07 19:00:00,22.625318,68.341579,17.8,115.0,115.0,COSCO SHIPPING PRIDE,IMO9788000,BPCS,70,0,366,48,15.2,70,A
413002000,2026-09-07 19:05:00,22.614954,68.365892,17.8,115.0,115.0,COSCO SHIPPING PRIDE,IMO9788000,BPCS,70,0,366,48,15.2,70,A
413002000,2026-09-07 19:10:00,22.604394,68.38999,17.8,115.0,115.0,COSCO SHIPPING PRIDE,IMO9788000,BPCS,70,0,366,48,15.2,70,A
413002000,2026-09-07 19:15:00,22.593969,68.41422,17.8,115.0,115.0,COSCO SHIPPING PRIDE,IMO9788000,BPCS,70,0,366,48,15.2,70,A
413002000,2026-09-07 19:20:00,22.583641,68.438331,17.8,115.0,115.0,COSCO SHIPPING PRIDE,IMO9788000,BPCS,70,0,366,48,15.2,70,A
413002000,2026-09-07 19:25:00,22.573129,68.462634,17.8,115.0,115.0,COSCO SHIPPING PRIDE,IMO9788000,BPCS,70,0,366,48,15.2,70,A
413002000,2026-09-07 19:30:00,22.562619,68.486857,17.8,115.0,115.0,COSCO SHIPPING PRIDE,IMO9788000,BPCS,70,0,366,48,15.2,70,A
413002000,2026-09-07 19:35:00,22.552238,68.510949,17.8,115.0,115.0,COSCO SHIPPING PRIDE,IMO9788000,BPCS,70,0,366,48,15.2,70,A
413002000,2026-09-07 19:40:00,22.541772,68.535193,17.8,115.0,115.0,COSCO SHIPPING PRIDE,IMO9788000,BPCS,70,0,366,48,15.2,70,A
413002000,2026-09-07 19:45:00,22.53124,68.559363,17.8,115.0,115.0,COSCO SHIPPING PRIDE,IMO9788000,BPCS,70,0,366,48,15.2,70,A
413002000,2026-09-07 19:50:00,22.520885,68.583602,17.8,115.0,115.0,COSCO SHIPPING PRIDE,IMO9788000,BPCS,70,0,366,48,15.2,70,A
413002000,2026-09-07 19:55:00,22.510452,68.607689,17.8,115.0,115.0,COSCO SHIPPING PRIDE,IMO9788000,BPCS,70,0,366,48,15.2,70,A
413002000,2026-09-07 20:00:00,22.499885,68.631865,17.8,115.0,115.0,COSCO SHIPPING PRIDE,IMO9788000,BPCS,70,0,366,48,15.2,70,A
413002000,2026-09-07 20:05:00,22.489456,68.656079,17.8,115.0,115.0,COSCO SHIPPING PRIDE,IMO9788000,BPCS,70,0,366,48,15.2,70,A
413002000,2026-09-07 20:10:00,22.479157,68.680411,17.8,115.0,115.0,COSCO SHIPPING PRIDE,IMO9788000,BPCS,70,0,366,48,15.2,70,A
413002000,2026-09-07 20:15:00,22.468662,68.704444,17.8,115.0,115.0,COSCO SHIPPING PRIDE,IMO9788000,BPCS,70,0,366,48,15.2,70,A
413002000,2026-09-07 20:20:00,22.458185,68.728654,17.8,115.0,115.0,COSCO SHIPPING PRIDE,IMO9788000,BPCS,70,0,366,48,15.2,70,A
413002000,2026-09-07 20:25:00,22.447665,68.75298,17.8,115.0,115.0,COSCO SHIPPING PRIDE,IMO9788000,BPCS,70,0,366,48,15.2,70,A
413002000,2026-09-07 20:30:00,22.437267,68.777125,17.8,115.0,115.0,COSCO SHIPPING PRIDE,IMO9788000,BPCS,70,0,366,48,15.2,70,A
413002000,2026-09-07 20:35:00,22.426887,68.801272,17.8,115.0,115.0,COSCO SHIPPING PRIDE,IMO9788000,BPCS,70,0,366,48,15.2,70,A
413002000,2026-09-07 20:40:00,22.416361,68.825454,17.8,115.0,115.0,COSCO SHIPPING PRIDE,IMO9788000,BPCS,70,0,366,48,15.2,70,A
413002000,2026-09-07 20:45:00,22.405928,68.849749,17.8,115.0,115.0,COSCO SHIPPING PRIDE,IMO9788000,BPCS,70,0,366,48,15.2,70,A
413002000,2026-09-07 20:50:00,22.395487,68.87383,17.8,115.0,115.0,COSCO SHIPPING PRIDE,IMO9788000,BPCS,70,0,366,48,15.2,70,A
413002000,2026-09-07 20:55:00,22.384985,68.898155,17.8,115.0,115.0,COSCO SHIPPING PRIDE,IMO9788000,BPCS,70,0,366,48,15.2,70,A
413002000,2026-09-07 21:00:00,22.374567,68.922373,17.8,115.0,115.0,COSCO SHIPPING PRIDE,IMO9788000,BPCS,70,0,366,48,15.2,70,A
413002000,2026-09-07 21:05:00,22.364213,68.946473,17.8,115.0,115.0,COSCO SHIPPING PRIDE,IMO9788000,BPCS,70,0,366,48,15.2,70,A
413002000,2026-09-07 21:10:00,22.353819,68.970636,17.8,115.0,115.0,COSCO SHIPPING PRIDE,IMO9788000,BPCS,70,0,366,48,15.2,70,A
413002000,2026-09-07 21:15:00,22.343258,68.994943,17.8,115.0,115.0,COSCO SHIPPING PRIDE,IMO9788000,BPCS,70,0,366,48,15.2,70,A
413002000,2026-09-07 21:20:00,22.332804,69.01912,17.8,115.0,115.0,COSCO SHIPPING PRIDE,IMO9788000,BPCS,70,0,366,48,15.2,70,A
413002000,2026-09-07 21:25:00,22.322299,69.043233,17.8,115.0,115.0,COSCO SHIPPING PRIDE,IMO9788000,BPCS,70,0,366,48,15.2,70,A
413002000,2026-09-07 21:30:00,22.311995,69.067489,17.8,115.0,115.0,COSCO SHIPPING PRIDE,IMO9788000,BPCS,70,0,366,48,15.2,70,A
413002000,2026-09-07 21:35:00,22.301565,69.091648,17.8,115.0,115.0,COSCO SHIPPING PRIDE,IMO9788000,BPCS,70,0,366,48,15.2,70,A
413002000,2026-09-07 21:40:00,22.291119,69.115735,17.8,115.0,115.0,COSCO SHIPPING PRIDE,IMO9788000,BPCS,70,0,366,48,15.2,70,A
413002000,2026-09-07 21:45:00,22.280654,69.140092,17.8,115.0,115.0,COSCO SHIPPING PRIDE,IMO9788000,BPCS,70,0,366,48,15.2,70,A
413002000,2026-09-07 21:50:00,22.270244,69.164304,17.8,115.0,115.0,COSCO SHIPPING PRIDE,IMO9788000,BPCS,70,0,366,48,15.2,70,A
413002000,2026-09-07 21:55:00,22.259813,69.188485,17.8,115.0,115.0,COSCO SHIPPING PRIDE,IMO9788000,BPCS,70,0,366,48,15.2,70,A
413002000,2026-09-07 22:00:00,22.249261,69.212585,17.8,115.0,115.0,COSCO SHIPPING PRIDE,IMO9788000,BPCS,70,0,366,48,15.2,70,A
413002000,2026-09-07 22:05:00,22.238849,69.236726,17.8,115.0,115.0,COSCO SHIPPING PRIDE,IMO9788000,BPCS,70,0,366,48,15.2,70,A
413002000,2026-09-07 22:10:00,22.228364,69.260971,17.8,115.0,115.0,COSCO SHIPPING PRIDE,IMO9788000,BPCS,70,0,366,48,15.2,70,A
413002000,2026-09-07 22:15:00,22.217931,69.285234,17.8,115.0,115.0,COSCO SHIPPING PRIDE,IMO9788000,BPCS,70,0,366,48,15.2,70,A
413002000,2026-09-07 22:20:00,22.207507,69.309277,17.8,115.0,115.0,COSCO SHIPPING PRIDE,IMO9788000,BPCS,70,0,366,48,15.2,70,A
413002000,2026-09-07 22:25:00,22.196994,69.333578,17.8,115.0,115.0,COSCO SHIPPING PRIDE,IMO9788000,BPCS,70,0,366,48,15.2,70,A
413002000,2026-09-07 22:30:00,22.186518,69.357683,17.8,115.0,115.0,COSCO SHIPPING PRIDE,IMO9788000,BPCS,70,0,366,48,15.2,70,A
413002000,2026-09-07 22:35:00,22.17606,69.381958,17.8,115.0,115.0,COSCO SHIPPING PRIDE,IMO9788000,BPCS,70,0,366,48,15.2,70,A
413002000,2026-09-07 22:40:00,22.165718,69.406076,17.8,115.0,115.0,COSCO SHIPPING PRIDE,IMO9788000,BPCS,70,0,366,48,15.2,70,A
413002000,2026-09-07 22:45:00,22.155318,69.430425,17.8,115.0,115.0,COSCO SHIPPING PRIDE,IMO9788000,BPCS,70,0,366,48,15.2,70,A
413002000,2026-09-07 22:50:00,22.144833,69.45453,17.8,115.0,115.0,COSCO SHIPPING PRIDE,IMO9788000,BPCS,70,0,366,48,15.2,70,A
413002000,2026-09-07 22:55:00,22.134435,69.478664,17.8,115.0,115.0,COSCO SHIPPING PRIDE,IMO9788000,BPCS,70,0,366,48,15.2,70,A
413002000,2026-09-07 23:00:00,22.123921,69.502914,17.8,115.0,115.0,COSCO SHIPPING PRIDE,IMO9788000,BPCS,70,0,366,48,15.2,70,A
413002000,2026-09-07 23:05:00,22.113493,69.527055,17.8,115.0,115.0,COSCO SHIPPING PRIDE,IMO9788000,BPCS,70,0,366,48,15.2,70,A
413002000,2026-09-07 23:10:00,22.102953,69.551351,17.8,115.0,115.0,COSCO SHIPPING PRIDE,IMO9788000,BPCS,70,0,366,48,15.2,70,A
413002000,2026-09-07 23:15:00,22.092478,69.575576,17.8,115.0,115.0,COSCO SHIPPING PRIDE,IMO9788000,BPCS,70,0,366,48,15.2,70,A
413002000,2026-09-07 23:20:00,22.082035,69.599752,17.8,115.0,115.0,COSCO SHIPPING PRIDE,IMO9788000,BPCS,70,0,366,48,15.2,70,A
413002000,2026-09-07 23:25:00,22.071677,69.623904,17.8,115.0,115.0,COSCO SHIPPING PRIDE,IMO9788000,BPCS,70,0,366,48,15.2,70,A
413002000,2026-09-07 23:30:00,22.061274,69.648139,17.8,115.0,115.0,COSCO SHIPPING PRIDE,IMO9788000,BPCS,70,0,366,48,15.2,70,A
413002000,2026-09-07 23:35:00,22.050719,69.672204,17.8,115.0,115.0,COSCO SHIPPING PRIDE,IMO9788000,BPCS,70,0,366,48,15.2,70,A
413002000,2026-09-07 23:40:00,22.040371,69.696413,17.8,115.0,115.0,COSCO SHIPPING PRIDE,IMO9788000,BPCS,70,0,366,48,15.2,70,A
413002000,2026-09-07 23:45:00,22.029819,69.720574,17.8,115.0,115.0,COSCO SHIPPING PRIDE,IMO9788000,BPCS,70,0,366,48,15.2,70,A
413002000,2026-09-07 23:50:00,22.019431,69.744872,17.8,115.0,115.0,COSCO SHIPPING PRIDE,IMO9788000,BPCS,70,0,366,48,15.2,70,A
413002000,2026-09-07 23:55:00,22.009039,69.769101,17.8,115.0,115.0,COSCO SHIPPING PRIDE,IMO9788000,BPCS,70,0,366,48,15.2,70,A
413002000,2026-09-08 00:00:00,21.998619,69.793274,17.8,115.0,115.0,COSCO SHIPPING PRIDE,IMO9788000,BPCS,70,0,366,48,15.2,70,A
413002000,2026-09-08 00:05:00,21.988046,69.817462,17.8,115.0,115.0,COSCO SHIPPING PRIDE,IMO9788000,BPCS,70,0,366,48,15.2,70,A
413002000,2026-09-08 00:10:00,21.977681,69.841547,17.8,115.0,115.0,COSCO SHIPPING PRIDE,IMO9788000,BPCS,70,0,366,48,15.2,70,A
413002000,2026-09-08 00:15:00,21.967212,69.865893,17.8,115.0,115.0,COSCO SHIPPING PRIDE,IMO9788000,BPCS,70,0,366,48,15.2,70,A
413002000,2026-09-08 00:20:00,21.956799,69.890101,17.8,115.0,115.0,COSCO SHIPPING PRIDE,IMO9788000,BPCS,70,0,366,48,15.2,70,A
413002000,2026-09-08 00:25:00,21.946245,69.914234,17.8,115.0,115.0,COSCO SHIPPING PRIDE,IMO9788000,BPCS,70,0,366,48,15.2,70,A
413002000,2026-09-08 00:30:00,21.935832,69.938345,17.8,115.0,115.0,COSCO SHIPPING PRIDE,IMO9788000,BPCS,70,0,366,48,15.2,70,A
413002000,2026-09-08 00:35:00,21.925416,69.962569,17.8,115.0,115.0,COSCO SHIPPING PRIDE,IMO9788000,BPCS,70,0,366,48,15.2,70,A
413002000,2026-09-08 00:40:00,21.914892,69.986689,17.8,115.0,115.0,COSCO SHIPPING PRIDE,IMO9788000,BPCS,70,0,366,48,15.2,70,A
413002000,2026-09-08 00:45:00,21.904536,70.010988,17.8,115.0,115.0,COSCO SHIPPING PRIDE,IMO9788000,BPCS,70,0,366,48,15.2,70,A
413002000,2026-09-08 00:50:00,21.894188,70.035105,17.8,115.0,115.0,COSCO SHIPPING PRIDE,IMO9788000,BPCS,70,0,366,48,15.2,70,A
413002000,2026-09-08 00:55:00,21.883657,70.059314,17.8,115.0,115.0,COSCO SHIPPING PRIDE,IMO9788000,BPCS,70,0,366,48,15.2,70,A
413002000,2026-09-08 01:00:00,21.873174,70.083638,17.8,115.0,115.0,COSCO SHIPPING PRIDE,IMO9788000,BPCS,70,0,366,48,15.2,70,A
413002000,2026-09-08 01:05:00,21.862828,70.107837,17.8,115.0,115.0,COSCO SHIPPING PRIDE,IMO9788000,BPCS,70,0,366,48,15.2,70,A
413002000,2026-09-08 01:10:00,21.8523,70.132009,17.8,115.0,115.0,COSCO SHIPPING PRIDE,IMO9788000,BPCS,70,0,366,48,15.2,70,A
413002000,2026-09-08 01:15:00,21.841955,70.156043,17.8,115.0,115.0,COSCO SHIPPING PRIDE,IMO9788000,BPCS,70,0,366,48,15.2,70,A
413002000,2026-09-08 01:20:00,21.831396,70.180362,17.8,115.0,115.0,COSCO SHIPPING PRIDE,IMO9788000,BPCS,70,0,366,48,15.2,70,A
413002000,2026-09-08 01:25:00,21.820993,70.204474,17.8,115.0,115.0,COSCO SHIPPING PRIDE,IMO9788000,BPCS,70,0,366,48,15.2,70,A
413002000,2026-09-08 01:30:00,21.810433,70.22881,17.8,115.0,115.0,COSCO SHIPPING PRIDE,IMO9788000,BPCS,70,0,366,48,15.2,70,A
413002000,2026-09-08 01:35:00,21.800046,70.252825,17.8,115.0,115.0,COSCO SHIPPING PRIDE,IMO9788000,BPCS,70,0,366,48,15.2,70,A
413002000,2026-09-08 01:40:00,21.789551,70.277141,17.8,115.0,115.0,COSCO SHIPPING PRIDE,IMO9788000,BPCS,70,0,366,48,15.2,70,A
413002000,2026-09-08 01:45:00,21.779268,70.301385,17.8,115.0,115.0,COSCO SHIPPING PRIDE,IMO9788000,BPCS,70,0,366,48,15.2,70,A
413002000,2026-09-08 01:50:00,21.768815,70.32544,17.8,115.0,115.0,COSCO SHIPPING PRIDE,IMO9788000,BPCS,70,0,366,48,15.2,70,A
413002000,2026-09-08 01:55:00,21.758234,70.349648,17.8,115.0,115.0,COSCO SHIPPING PRIDE,IMO9788000,BPCS,70,0,366,48,15.2,70,A
413002000,2026-09-08 02:00:00,21.747896,70.373891,17.8,115.0,115.0,COSCO SHIPPING PRIDE,IMO9788000,BPCS,70,0,366,48,15.2,70,A
413002000,2026-09-08 02:05:00,21.737344,70.398125,17.8,115.0,115.0,COSCO SHIPPING PRIDE,IMO9788000,BPCS,70,0,366,48,15.2,70,A
413002000,2026-09-08 02:10:00,21.727024,70.422173,17.8,115.0,115.0,COSCO SHIPPING PRIDE,IMO9788000,BPCS,70,0,366,48,15.2,70,A
413002000,2026-09-08 02:15:00,21.716466,70.446362,17.8,115.0,115.0,COSCO SHIPPING PRIDE,IMO9788000,BPCS,70,0,366,48,15.2,70,A
413002000,2026-09-08 02:20:00,21.706036,70.470721,17.8,115.0,115.0,COSCO SHIPPING PRIDE,IMO9788000,BPCS,70,0,366,48,15.2,70,A
413002000,2026-09-08 02:25:00,21.695649,70.494908,17.8,115.0,115.0,COSCO SHIPPING PRIDE,IMO9788000,BPCS,70,0,366,48,15.2,70,A
413002000,2026-09-08 02:30:00,21.685134,70.518947,17.8,115.0,115.0,COSCO SHIPPING PRIDE,IMO9788000,BPCS,70,0,366,48,15.2,70,A
413002000,2026-09-08 02:35:00,21.67464,70.543183,17.8,115.0,115.0,COSCO SHIPPING PRIDE,IMO9788000,BPCS,70,0,366,48,15.2,70,A
413002000,2026-09-08 02:40:00,21.664298,70.567441,17.8,115.0,115.0,COSCO SHIPPING PRIDE,IMO9788000,BPCS,70,0,366,48,15.2,70,A
413002000,2026-09-08 02:45:00,21.65378,70.591702,17.8,115.0,115.0,COSCO SHIPPING PRIDE,IMO9788000,BPCS,70,0,366,48,15.2,70,A
413002000,2026-09-08 02:50:00,21.643338,70.615785,17.8,115.0,115.0,COSCO SHIPPING PRIDE,IMO9788000,BPCS,70,0,366,48,15.2,70,A
413002000,2026-09-08 02:55:00,21.632981,70.639932,17.8,115.0,115.0,COSCO SHIPPING PRIDE,IMO9788000,BPCS,70,0,366,48,15.2,70,A
413002000,2026-09-08 03:00:00,21.622432,70.664104,17.8,115.0,115.0,COSCO SHIPPING PRIDE,IMO9788000,BPCS,70,0,366,48,15.2,70,A
413002000,2026-09-08 03:05:00,21.612029,70.688378,17.8,115.0,115.0,COSCO SHIPPING PRIDE,IMO9788000,BPCS,70,0,366,48,15.2,70,A
413002000,2026-09-08 03:10:00,21.601692,70.712488,17.8,115.0,115.0,COSCO SHIPPING PRIDE,IMO9788000,BPCS,70,0,366,48,15.2,70,A
413002000,2026-09-08 03:15:00,21.591198,70.736796,17.8,115.0,115.0,COSCO SHIPPING PRIDE,IMO9788000,BPCS,70,0,366,48,15.2,70,A
413002000,2026-09-08 03:20:00,21.580773,70.761044,17.8,115.0,115.0,COSCO SHIPPING PRIDE,IMO9788000,BPCS,70,0,366,48,15.2,70,A
413002000,2026-09-08 03:25:00,21.570183,70.785145,17.8,115.0,115.0,COSCO SHIPPING PRIDE,IMO9788000,BPCS,70,0,366,48,15.2,70,A
419900812,2026-09-07 17:30:00,10.10932,76.018028,2.8,135.0,135.0,FV JAL TARANG 4,IMO0000000,ATJT,30,0,28,8,3.2,30,B
419900812,2026-09-07 17:35:00,10.106737,76.020845,2.8,135.0,135.0,FV JAL TARANG 4,IMO0000000,ATJT,30,0,28,8,3.2,30,B
419900812,2026-09-07 17:40:00,10.103867,76.023617,2.8,135.0,135.0,FV JAL TARANG 4,IMO0000000,ATJT,30,0,28,8,3.2,30,B
419900812,2026-09-07 17:45:00,10.101144,76.026366,2.8,135.0,135.0,FV JAL TARANG 4,IMO0000000,ATJT,30,0,28,8,3.2,30,B
419900812,2026-09-07 17:50:00,10.098433,76.029162,2.8,135.0,135.0,FV JAL TARANG 4,IMO0000000,ATJT,30,0,28,8,3.2,30,B
419900812,2026-09-07 17:55:00,10.095732,76.031919,2.8,135.0,135.0,FV JAL TARANG 4,IMO0000000,ATJT,30,0,28,8,3.2,30,B
419900812,2026-09-07 18:00:00,10.092913,76.03475,2.8,135.0,135.0,FV JAL TARANG 4,IMO0000000,ATJT,30,0,28,8,3.2,30,B
419900812,2026-09-07 18:05:00,10.090085,76.037444,2.8,135.0,135.0,FV JAL TARANG 4,IMO0000000,ATJT,30,0,28,8,3.2,30,B
419900812,2026-09-07 18:10:00,10.087346,76.040314,2.8,135.0,135.0,FV JAL TARANG 4,IMO0000000,ATJT,30,0,28,8,3.2,30,B
419900812,2026-09-07 18:15:00,10.084733,76.043186,2.8,135.0,135.0,FV JAL TARANG 4,IMO0000000,ATJT,30,0,28,8,3.2,30,B
419900812,2026-09-07 18:20:00,10.0819,76.045842,2.8,135.0,135.0,FV JAL TARANG 4,IMO0000000,ATJT,30,0,28,8,3.2,30,B
419900812,2026-09-07 18:25:00,10.07912,76.048594,2.8,135.0,135.0,FV JAL TARANG 4,IMO0000000,ATJT,30,0,28,8,3.2,30,B
419900812,2026-09-07 18:30:00,10.076446,76.051364,2.8,135.0,135.0,FV JAL TARANG 4,IMO0000000,ATJT,30,0,28,8,3.2,30,B
419900812,2026-09-07 18:35:00,10.073585,76.054232,2.8,135.0,135.0,FV JAL TARANG 4,IMO0000000,ATJT,30,0,28,8,3.2,30,B
419900812,2026-09-07 18:40:00,10.070966,76.056951,2.8,135.0,135.0,FV JAL TARANG 4,IMO0000000,ATJT,30,0,28,8,3.2,30,B
419900812,2026-09-07 18:45:00,10.068231,76.059748,2.8,135.0,135.0,FV JAL TARANG 4,IMO0000000,ATJT,30,0,28,8,3.2,30,B
419900812,2026-09-07 18:50:00,10.06541,76.062707,2.8,135.0,135.0,FV JAL TARANG 4,IMO0000000,ATJT,30,0,28,8,3.2,30,B
419900812,2026-09-07 18:55:00,10.062625,76.065477,2.8,135.0,135.0,FV JAL TARANG 4,IMO0000000,ATJT,30,0,28,8,3.2,30,B
419900812,2026-09-07 19:00:00,10.059836,76.068133,2.8,135.0,135.0,FV JAL TARANG 4,IMO0000000,ATJT,30,0,28,8,3.2,30,B
419900812,2026-09-07 19:05:00,10.05722,76.071026,2.8,135.0,135.0,FV JAL TARANG 4,IMO0000000,ATJT,30,0,28,8,3.2,30,B
419900812,2026-09-07 19:10:00,10.054446,76.073728,2.8,135.0,135.0,FV JAL TARANG 4,IMO0000000,ATJT,30,0,28,8,3.2,30,B
419900812,2026-09-07 19:15:00,10.051607,76.076593,2.8,135.0,135.0,FV JAL TARANG 4,IMO0000000,ATJT,30,0,28,8,3.2,30,B
419900812,2026-09-07 19:20:00,10.048929,76.079466,2.8,135.0,135.0,FV JAL TARANG 4,IMO0000000,ATJT,30,0,28,8,3.2,30,B
419900812,2026-09-07 19:25:00,10.04628,76.082116,2.8,135.0,135.0,FV JAL TARANG 4,IMO0000000,ATJT,30,0,28,8,3.2,30,B
419900812,2026-09-07 19:30:00,10.043475,76.085032,2.8,135.0,135.0,FV JAL TARANG 4,IMO0000000,ATJT,30,0,28,8,3.2,30,B
419900812,2026-09-07 19:35:00,10.040641,76.087743,2.8,135.0,135.0,FV JAL TARANG 4,IMO0000000,ATJT,30,0,28,8,3.2,30,B
419900812,2026-09-07 19:40:00,10.038,76.090497,2.8,135.0,135.0,FV JAL TARANG 4,IMO0000000,ATJT,30,0,28,8,3.2,30,B
419900812,2026-09-07 19:45:00,10.035258,76.093296,2.8,135.0,135.0,FV JAL TARANG 4,IMO0000000,ATJT,30,0,28,8,3.2,30,B
419900812,2026-09-07 19:50:00,10.032404,76.096037,2.8,135.0,135.0,FV JAL TARANG 4,IMO0000000,ATJT,30,0,28,8,3.2,30,B
419900812,2026-09-07 19:55:00,10.029645,76.098871,2.8,135.0,135.0,FV JAL TARANG 4,IMO0000000,ATJT,30,0,28,8,3.2,30,B
419900812,2026-09-07 20:00:00,10.027015,76.101683,2.8,135.0,135.0,FV JAL TARANG 4,IMO0000000,ATJT,30,0,28,8,3.2,30,B
419900812,2026-09-07 20:05:00,10.024231,76.104408,2.8,135.0,135.0,FV JAL TARANG 4,IMO0000000,ATJT,30,0,28,8,3.2,30,B
419900812,2026-09-07 20:10:00,10.021523,76.107335,2.8,135.0,135.0,FV JAL TARANG 4,IMO0000000,ATJT,30,0,28,8,3.2,30,B
419900812,2026-09-07 20:15:00,10.018723,76.110116,2.8,135.0,135.0,FV JAL TARANG 4,IMO0000000,ATJT,30,0,28,8,3.2,30,B
419900812,2026-09-07 20:20:00,10.016039,76.112836,2.8,135.0,135.0,FV JAL TARANG 4,IMO0000000,ATJT,30,0,28,8,3.2,30,B
419900812,2026-09-07 20:25:00,10.013172,76.115603,2.8,135.0,135.0,FV JAL TARANG 4,IMO0000000,ATJT,30,0,28,8,3.2,30,B
419900812,2026-09-07 20:30:00,10.01036,76.118409,2.8,135.0,135.0,FV JAL TARANG 4,IMO0000000,ATJT,30,0,28,8,3.2,30,B
419900812,2026-09-07 20:35:00,10.007714,76.121224,2.8,135.0,135.0,FV JAL TARANG 4,IMO0000000,ATJT,30,0,28,8,3.2,30,B
419900812,2026-09-07 20:40:00,10.004962,76.123989,2.8,135.0,135.0,FV JAL TARANG 4,IMO0000000,ATJT,30,0,28,8,3.2,30,B
419900812,2026-09-07 20:45:00,10.002227,76.12673,2.8,135.0,135.0,FV JAL TARANG 4,IMO0000000,ATJT,30,0,28,8,3.2,30,B
419900812,2026-09-07 20:50:00,9.999433,76.129638,2.8,135.0,135.0,FV JAL TARANG 4,IMO0000000,ATJT,30,0,28,8,3.2,30,B
419900812,2026-09-07 20:55:00,9.996698,76.132439,2.8,135.0,135.0,FV JAL TARANG 4,IMO0000000,ATJT,30,0,28,8,3.2,30,B
419900812,2026-09-07 21:00:00,9.993975,76.135168,2.8,135.0,135.0,FV JAL TARANG 4,IMO0000000,ATJT,30,0,28,8,3.2,30,B
419900812,2026-09-07 21:05:00,9.991128,76.138023,2.8,135.0,135.0,FV JAL TARANG 4,IMO0000000,ATJT,30,0,28,8,3.2,30,B
419900812,2026-09-07 21:10:00,9.988503,76.140685,2.8,135.0,135.0,FV JAL TARANG 4,IMO0000000,ATJT,30,0,28,8,3.2,30,B
419900812,2026-09-07 21:15:00,9.985625,76.143496,2.8,135.0,135.0,FV JAL TARANG 4,IMO0000000,ATJT,30,0,28,8,3.2,30,B
419900812,2026-09-07 21:20:00,9.982975,76.146419,2.8,135.0,135.0,FV JAL TARANG 4,IMO0000000,ATJT,30,0,28,8,3.2,30,B
419900812,2026-09-07 21:25:00,9.980293,76.149095,2.8,135.0,135.0,FV JAL TARANG 4,IMO0000000,ATJT,30,0,28,8,3.2,30,B
419900812,2026-09-07 21:30:00,9.977408,76.151863,2.8,135.0,135.0,FV JAL TARANG 4,IMO0000000,ATJT,30,0,28,8,3.2,30,B
419900812,2026-09-07 21:35:00,9.974761,76.154764,2.8,135.0,135.0,FV JAL TARANG 4,IMO0000000,ATJT,30,0,28,8,3.2,30,B
419900812,2026-09-07 21:40:00,9.97186,76.157575,2.8,135.0,135.0,FV JAL TARANG 4,IMO0000000,ATJT,30,0,28,8,3.2,30,B
419900812,2026-09-07 21:45:00,9.969296,76.160396,2.8,135.0,135.0,FV JAL TARANG 4,IMO0000000,ATJT,30,0,28,8,3.2,30,B
419900812,2026-09-07 21:50:00,9.966375,76.163141,2.8,135.0,135.0,FV JAL TARANG 4,IMO0000000,ATJT,30,0,28,8,3.2,30,B
419900812,2026-09-07 21:55:00,9.963766,76.165933,2.8,135.0,135.0,FV JAL TARANG 4,IMO0000000,ATJT,30,0,28,8,3.2,30,B
419900812,2026-09-07 22:00:00,9.961021,76.168639,2.8,135.0,135.0,FV JAL TARANG 4,IMO0000000,ATJT,30,0,28,8,3.2,30,B
419900812,2026-09-07 22:05:00,9.958264,76.171583,2.8,135.0,135.0,FV JAL TARANG 4,IMO0000000,ATJT,30,0,28,8,3.2,30,B
419900812,2026-09-07 22:10:00,9.955508,76.174292,2.8,135.0,135.0,FV JAL TARANG 4,IMO0000000,ATJT,30,0,28,8,3.2,30,B
419900812,2026-09-07 22:15:00,9.952732,76.176993,2.8,135.0,135.0,FV JAL TARANG 4,IMO0000000,ATJT,30,0,28,8,3.2,30,B
419900812,2026-09-07 22:20:00,9.949904,76.179953,2.8,135.0,135.0,FV JAL TARANG 4,IMO0000000,ATJT,30,0,28,8,3.2,30,B
419900812,2026-09-07 22:25:00,9.947243,76.182743,2.8,135.0,135.0,FV JAL TARANG 4,IMO0000000,ATJT,30,0,28,8,3.2,30,B
419900812,2026-09-07 22:30:00,9.944517,76.185428,2.8,135.0,135.0,FV JAL TARANG 4,IMO0000000,ATJT,30,0,28,8,3.2,30,B
419900812,2026-09-07 22:35:00,9.941628,76.188234,2.8,135.0,135.0,FV JAL TARANG 4,IMO0000000,ATJT,30,0,28,8,3.2,30,B
419900812,2026-09-07 22:40:00,9.938963,76.191081,2.8,135.0,135.0,FV JAL TARANG 4,IMO0000000,ATJT,30,0,28,8,3.2,30,B
419900812,2026-09-07 22:45:00,9.936273,76.193868,2.8,135.0,135.0,FV JAL TARANG 4,IMO0000000,ATJT,30,0,28,8,3.2,30,B
419900812,2026-09-07 22:50:00,9.933406,76.196523,2.8,135.0,135.0,FV JAL TARANG 4,IMO0000000,ATJT,30,0,28,8,3.2,30,B
419900812,2026-09-07 22:55:00,9.930796,76.199442,2.8,135.0,135.0,FV JAL TARANG 4,IMO0000000,ATJT,30,0,28,8,3.2,30,B
419900812,2026-09-07 23:00:00,9.927966,76.202103,2.8,135.0,135.0,FV JAL TARANG 4,IMO0000000,ATJT,30,0,28,8,3.2,30,B
419900812,2026-09-07 23:05:00,9.925252,76.20508,2.8,135.0,135.0,FV JAL TARANG 4,IMO0000000,ATJT,30,0,28,8,3.2,30,B
419900812,2026-09-07 23:10:00,9.922535,76.207848,2.8,135.0,135.0,FV JAL TARANG 4,IMO0000000,ATJT,30,0,28,8,3.2,30,B
419900812,2026-09-07 23:15:00,9.919803,76.210471,2.8,135.0,135.0,FV JAL TARANG 4,IMO0000000,ATJT,30,0,28,8,3.2,30,B
419900812,2026-09-07 23:20:00,9.917026,76.213271,2.8,135.0,135.0,FV JAL TARANG 4,IMO0000000,ATJT,30,0,28,8,3.2,30,B
419900812,2026-09-07 23:25:00,9.914294,76.216052,2.8,135.0,135.0,FV JAL TARANG 4,IMO0000000,ATJT,30,0,28,8,3.2,30,B
419900812,2026-09-07 23:30:00,9.91143,76.218975,2.8,135.0,135.0,FV JAL TARANG 4,IMO0000000,ATJT,30,0,28,8,3.2,30,B
419900812,2026-09-07 23:35:00,9.908629,76.221683,2.8,135.0,135.0,FV JAL TARANG 4,IMO0000000,ATJT,30,0,28,8,3.2,30,B
419900812,2026-09-07 23:40:00,9.90594,76.224567,2.8,135.0,135.0,FV JAL TARANG 4,IMO0000000,ATJT,30,0,28,8,3.2,30,B
419900812,2026-09-07 23:45:00,9.903259,76.227355,2.8,135.0,135.0,FV JAL TARANG 4,IMO0000000,ATJT,30,0,28,8,3.2,30,B
419900812,2026-09-07 23:50:00,9.900507,76.230102,2.8,135.0,135.0,FV JAL TARANG 4,IMO0000000,ATJT,30,0,28,8,3.2,30,B
419900812,2026-09-07 23:55:00,9.897766,76.232896,2.8,135.0,135.0,FV JAL TARANG 4,IMO0000000,ATJT,30,0,28,8,3.2,30,B
419900812,2026-09-08 00:00:00,9.894905,76.235705,2.8,135.0,135.0,FV JAL TARANG 4,IMO0000000,ATJT,30,0,28,8,3.2,30,B
419900812,2026-09-08 00:05:00,9.892284,76.238391,2.8,135.0,135.0,FV JAL TARANG 4,IMO0000000,ATJT,30,0,28,8,3.2,30,B
419900812,2026-09-08 00:10:00,9.889386,76.241194,2.8,135.0,135.0,FV JAL TARANG 4,IMO0000000,ATJT,30,0,28,8,3.2,30,B
419900812,2026-09-08 00:15:00,9.886661,76.244131,2.8,135.0,135.0,FV JAL TARANG 4,IMO0000000,ATJT,30,0,28,8,3.2,30,B
419900812,2026-09-08 00:20:00,9.883966,76.246862,2.8,135.0,135.0,FV JAL TARANG 4,IMO0000000,ATJT,30,0,28,8,3.2,30,B
419900812,2026-09-08 00:25:00,9.88121,76.249559,2.8,135.0,135.0,FV JAL TARANG 4,IMO0000000,ATJT,30,0,28,8,3.2,30,B
419900812,2026-09-08 00:30:00,9.87844,76.252459,2.8,135.0,135.0,FV JAL TARANG 4,IMO0000000,ATJT,30,0,28,8,3.2,30,B
419900812,2026-09-08 00:35:00,9.875717,76.255167,2.8,135.0,135.0,FV JAL TARANG 4,IMO0000000,ATJT,30,0,28,8,3.2,30,B
419900812,2026-09-08 00:40:00,9.873055,76.257977,2.8,135.0,135.0,FV JAL TARANG 4,IMO0000000,ATJT,30,0,28,8,3.2,30,B
419900812,2026-09-08 00:45:00,9.87024,76.26075,2.8,135.0,135.0,FV JAL TARANG 4,IMO0000000,ATJT,30,0,28,8,3.2,30,B
419900812,2026-09-08 00:50:00,9.867535,76.263569,2.8,135.0,135.0,FV JAL TARANG 4,IMO0000000,ATJT,30,0,28,8,3.2,30,B
419900812,2026-09-08 00:55:00,9.864802,76.266454,2.8,135.0,135.0,FV JAL TARANG 4,IMO0000000,ATJT,30,0,28,8,3.2,30,B
419900812,2026-09-08 01:00:00,9.862014,76.26928,2.8,135.0,135.0,FV JAL TARANG 4,IMO0000000,ATJT,30,0,28,8,3.2,30,B
419900812,2026-09-08 01:05:00,9.859249,76.272,2.8,135.0,135.0,FV JAL TARANG 4,IMO0000000,ATJT,30,0,28,8,3.2,30,B
419900812,2026-09-08 01:10:00,9.856395,76.274714,2.8,135.0,135.0,FV JAL TARANG 4,IMO0000000,ATJT,30,0,28,8,3.2,30,B
419900812,2026-09-08 01:15:00,9.853825,76.277596,2.8,135.0,135.0,FV JAL TARANG 4,IMO0000000,ATJT,30,0,28,8,3.2,30,B
419900812,2026-09-08 01:20:00,9.851041,76.280315,2.8,135.0,135.0,FV JAL TARANG 4,IMO0000000,ATJT,30,0,28,8,3.2,30,B
419900812,2026-09-08 01:25:00,9.848159,76.283217,2.8,135.0,135.0,FV JAL TARANG 4,IMO0000000,ATJT,30,0,28,8,3.2,30,B
419900812,2026-09-08 01:30:00,9.845493,76.28586,2.8,135.0,135.0,FV JAL TARANG 4,IMO0000000,ATJT,30,0,28,8,3.2,30,B
419900812,2026-09-08 01:35:00,9.842813,76.28866,2.8,135.0,135.0,FV JAL TARANG 4,IMO0000000,ATJT,30,0,28,8,3.2,30,B
419900812,2026-09-08 01:40:00,9.839909,76.291603,2.8,135.0,135.0,FV JAL TARANG 4,IMO0000000,ATJT,30,0,28,8,3.2,30,B
419900812,2026-09-08 01:45:00,9.837187,76.294295,2.8,135.0,135.0,FV JAL TARANG 4,IMO0000000,ATJT,30,0,28,8,3.2,30,B
419900812,2026-09-08 01:50:00,9.83439,76.297108,2.8,135.0,135.0,FV JAL TARANG 4,IMO0000000,ATJT,30,0,28,8,3.2,30,B
419900812,2026-09-08 01:55:00,9.831669,76.299972,2.8,135.0,135.0,FV JAL TARANG 4,IMO0000000,ATJT,30,0,28,8,3.2,30,B
419900812,2026-09-08 02:00:00,9.828958,76.302604,2.8,135.0,135.0,FV JAL TARANG 4,IMO0000000,ATJT,30,0,28,8,3.2,30,B
419900812,2026-09-08 02:05:00,9.826198,76.30546,2.8,135.0,135.0,FV JAL TARANG 4,IMO0000000,ATJT,30,0,28,8,3.2,30,B
419900812,2026-09-08 02:10:00,9.823414,76.308253,2.8,135.0,135.0,FV JAL TARANG 4,IMO0000000,ATJT,30,0,28,8,3.2,30,B
419900812,2026-09-08 02:15:00,9.820776,76.311017,2.8,135.0,135.0,FV JAL TARANG 4,IMO0000000,ATJT,30,0,28,8,3.2,30,B
419900812,2026-09-08 02:20:00,9.817895,76.313773,2.8,135.0,135.0,FV JAL TARANG 4,IMO0000000,ATJT,30,0,28,8,3.2,30,B
419900812,2026-09-08 02:25:00,9.815274,76.316634,2.8,135.0,135.0,FV JAL TARANG 4,IMO0000000,ATJT,30,0,28,8,3.2,30,B
419900812,2026-09-08 02:30:00,9.812536,76.319372,2.8,135.0,135.0,FV JAL TARANG 4,IMO0000000,ATJT,30,0,28,8,3.2,30,B
419900812,2026-09-08 02:35:00,9.809737,76.322246,2.8,135.0,135.0,FV JAL TARANG 4,IMO0000000,ATJT,30,0,28,8,3.2,30,B
419900812,2026-09-08 02:40:00,9.80707,76.324986,2.8,135.0,135.0,FV JAL TARANG 4,IMO0000000,ATJT,30,0,28,8,3.2,30,B
419900812,2026-09-08 02:45:00,9.804271,76.32773,2.8,135.0,135.0,FV JAL TARANG 4,IMO0000000,ATJT,30,0,28,8,3.2,30,B
419900812,2026-09-08 02:50:00,9.801557,76.330498,2.8,135.0,135.0,FV JAL TARANG 4,IMO0000000,ATJT,30,0,28,8,3.2,30,B
419900812,2026-09-08 02:55:00,9.7987,76.333454,2.8,135.0,135.0,FV JAL TARANG 4,IMO0000000,ATJT,30,0,28,8,3.2,30,B
419900812,2026-09-08 03:00:00,9.796058,76.336237,2.8,135.0,135.0,FV JAL TARANG 4,IMO0000000,ATJT,30,0,28,8,3.2,30,B
419900812,2026-09-08 03:05:00,9.793261,76.33898,2.8,135.0,135.0,FV JAL TARANG 4,IMO0000000,ATJT,30,0,28,8,3.2,30,B
419900812,2026-09-08 03:10:00,9.790564,76.341767,2.8,135.0,135.0,FV JAL TARANG 4,IMO0000000,ATJT,30,0,28,8,3.2,30,B
419900812,2026-09-08 03:15:00,9.787802,76.344473,2.8,135.0,135.0,FV JAL TARANG 4,IMO0000000,ATJT,30,0,28,8,3.2,30,B
419900812,2026-09-08 03:20:00,9.78499,76.347283,2.8,135.0,135.0,FV JAL TARANG 4,IMO0000000,ATJT,30,0,28,8,3.2,30,B
419900812,2026-09-08 03:25:00,9.782232,76.350031,2.8,135.0,135.0,FV JAL TARANG 4,IMO0000000,ATJT,30,0,28,8,3.2,30,B
419900221,2026-09-07 17:30:00,15.559594,73.252733,3.4,160.0,160.0,FV SAGAR KANYA 2,IMO0000000,ATSK,30,0,32,9,3.5,30,B
419900221,2026-09-07 17:35:00,15.555176,73.254547,3.4,160.0,160.0,FV SAGAR KANYA 2,IMO0000000,ATSK,30,0,32,9,3.5,30,B
419900221,2026-09-07 17:40:00,15.550597,73.256073,3.4,160.0,160.0,FV SAGAR KANYA 2,IMO0000000,ATSK,30,0,32,9,3.5,30,B
419900221,2026-09-07 17:45:00,15.546244,73.257877,3.4,160.0,160.0,FV SAGAR KANYA 2,IMO0000000,ATSK,30,0,32,9,3.5,30,B
419900221,2026-09-07 17:50:00,15.541758,73.259456,3.4,160.0,160.0,FV SAGAR KANYA 2,IMO0000000,ATSK,30,0,32,9,3.5,30,B
419900221,2026-09-07 17:55:00,15.537338,73.261187,3.4,160.0,160.0,FV SAGAR KANYA 2,IMO0000000,ATSK,30,0,32,9,3.5,30,B
419900221,2026-09-07 18:00:00,15.532813,73.262877,3.4,160.0,160.0,FV SAGAR KANYA 2,IMO0000000,ATSK,30,0,32,9,3.5,30,B
419900221,2026-09-07 18:05:00,15.528555,73.26445,3.4,160.0,160.0,FV SAGAR KANYA 2,IMO0000000,ATSK,30,0,32,9,3.5,30,B
419900221,2026-09-07 18:10:00,15.524054,73.266267,3.4,160.0,160.0,FV SAGAR KANYA 2,IMO0000000,ATSK,30,0,32,9,3.5,30,B
419900221,2026-09-07 18:15:00,15.519496,73.267953,3.4,160.0,160.0,FV SAGAR KANYA 2,IMO0000000,ATSK,30,0,32,9,3.5,30,B
419900221,2026-09-07 18:20:00,15.515203,73.269544,3.4,160.0,160.0,FV SAGAR KANYA 2,IMO0000000,ATSK,30,0,32,9,3.5,30,B
419900221,2026-09-07 18:25:00,15.51071,73.271138,3.4,160.0,160.0,FV SAGAR KANYA 2,IMO0000000,ATSK,30,0,32,9,3.5,30,B
419900221,2026-09-07 18:30:00,15.506221,73.272902,3.4,160.0,160.0,FV SAGAR KANYA 2,IMO0000000,ATSK,30,0,32,9,3.5,30,B
419900221,2026-09-07 18:35:00,15.501754,73.274486,3.4,160.0,160.0,FV SAGAR KANYA 2,IMO0000000,ATSK,30,0,32,9,3.5,30,B
419900221,2026-09-07 18:40:00,15.497449,73.276252,3.4,160.0,160.0,FV SAGAR KANYA 2,IMO0000000,ATSK,30,0,32,9,3.5,30,B
419900221,2026-09-07 18:45:00,15.49299,73.277823,3.4,160.0,160.0,FV SAGAR KANYA 2,IMO0000000,ATSK,30,0,32,9,3.5,30,B
419900221,2026-09-07 18:50:00,15.48849,73.279672,3.4,160.0,160.0,FV SAGAR KANYA 2,IMO0000000,ATSK,30,0,32,9,3.5,30,B
419900221,2026-09-07 18:55:00,15.484111,73.28127,3.4,160.0,160.0,FV SAGAR KANYA 2,IMO0000000,ATSK,30,0,32,9,3.5,30,B
419900221,2026-09-07 19:00:00,15.479661,73.28289,3.4,160.0,160.0,FV SAGAR KANYA 2,IMO0000000,ATSK,30,0,32,9,3.5,30,B
419900221,2026-09-07 19:05:00,15.475232,73.284607,3.4,160.0,160.0,FV SAGAR KANYA 2,IMO0000000,ATSK,30,0,32,9,3.5,30,B
419900221,2026-09-07 19:10:00,15.470813,73.286338,3.4,160.0,160.0,FV SAGAR KANYA 2,IMO0000000,ATSK,30,0,32,9,3.5,30,B
419900221,2026-09-07 19:15:00,15.46634,73.288046,3.4,160.0,160.0,FV SAGAR KANYA 2,IMO0000000,ATSK,30,0,32,9,3.5,30,B
419900221,2026-09-07 19:20:00,15.461849,73.289598,3.4,160.0,160.0,FV SAGAR KANYA 2,IMO0000000,ATSK,30,0,32,9,3.5,30,B
419900221,2026-09-07 19:25:00,15.457499,73.291275,3.4,160.0,160.0,FV SAGAR KANYA 2,IMO0000000,ATSK,30,0,32,9,3.5,30,B
419900221,2026-09-07 19:30:00,15.452982,73.293011,3.4,160.0,160.0,FV SAGAR KANYA 2,IMO0000000,ATSK,30,0,32,9,3.5,30,B
419900221,2026-09-07 19:35:00,15.448635,73.294635,3.4,160.0,160.0,FV SAGAR KANYA 2,IMO0000000,ATSK,30,0,32,9,3.5,30,B
419900221,2026-09-07 19:40:00,15.444247,73.29626,3.4,160.0,160.0,FV SAGAR KANYA 2,IMO0000000,ATSK,30,0,32,9,3.5,30,B
419900221,2026-09-07 19:45:00,15.439653,73.29807,3.4,160.0,160.0,FV SAGAR KANYA 2,IMO0000000,ATSK,30,0,32,9,3.5,30,B
419900221,2026-09-07 19:50:00,15.435261,73.299633,3.4,160.0,160.0,FV SAGAR KANYA 2,IMO0000000,ATSK,30,0,32,9,3.5,30,B
419900221,2026-09-07 19:55:00,15.430877,73.301413,3.4,160.0,160.0,FV SAGAR KANYA 2,IMO0000000,ATSK,30,0,32,9,3.5,30,B
419900221,2026-09-07 20:00:00,15.426451,73.303056,3.4,160.0,160.0,FV SAGAR KANYA 2,IMO0000000,ATSK,30,0,32,9,3.5,30,B
419900221,2026-09-07 20:05:00,15.421961,73.304703,3.4,160.0,160.0,FV SAGAR KANYA 2,IMO0000000,ATSK,30,0,32,9,3.5,30,B
419900221,2026-09-07 20:10:00,15.417493,73.30646,3.4,160.0,160.0,FV SAGAR KANYA 2,IMO0000000,ATSK,30,0,32,9,3.5,30,B
419900221,2026-09-07 20:15:00,15.4131,73.308148,3.4,160.0,160.0,FV SAGAR KANYA 2,IMO0000000,ATSK,30,0,32,9,3.5,30,B
419900221,2026-09-07 20:20:00,15.408661,73.309668,3.4,160.0,160.0,FV SAGAR KANYA 2,IMO0000000,ATSK,30,0,32,9,3.5,30,B
419900221,2026-09-07 20:25:00,15.404333,73.31133,3.4,160.0,160.0,FV SAGAR KANYA 2,IMO0000000,ATSK,30,0,32,9,3.5,30,B
419900221,2026-09-07 20:30:00,15.399741,73.313016,3.4,160.0,160.0,FV SAGAR KANYA 2,IMO0000000,ATSK,30,0,32,9,3.5,30,B
419900221,2026-09-07 20:35:00,15.395318,73.314808,3.4,160.0,160.0,FV SAGAR KANYA 2,IMO0000000,ATSK,30,0,32,9,3.5,30,B
419900221,2026-09-07 20:40:00,15.39095,73.316379,3.4,160.0,160.0,FV SAGAR KANYA 2,IMO0000000,ATSK,30,0,32,9,3.5,30,B
419900221,2026-09-07 20:45:00,15.386572,73.318052,3.4,160.0,160.0,FV SAGAR KANYA 2,IMO0000000,ATSK,30,0,32,9,3.5,30,B
419900221,2026-09-07 20:50:00,15.382077,73.319825,3.4,160.0,160.0,FV SAGAR KANYA 2,IMO0000000,ATSK,30,0,32,9,3.5,30,B
419900221,2026-09-07 20:55:00,15.37764,73.321522,3.4,160.0,160.0,FV SAGAR KANYA 2,IMO0000000,ATSK,30,0,32,9,3.5,30,B
419900221,2026-09-07 21:00:00,15.37321,73.323075,3.4,160.0,160.0,FV SAGAR KANYA 2,IMO0000000,ATSK,30,0,32,9,3.5,30,B
419900221,2026-09-07 21:05:00,15.368748,73.324849,3.4,160.0,160.0,FV SAGAR KANYA 2,IMO0000000,ATSK,30,0,32,9,3.5,30,B
419900221,2026-09-07 21:10:00,15.364409,73.326369,3.4,160.0,160.0,FV SAGAR KANYA 2,IMO0000000,ATSK,30,0,32,9,3.5,30,B
419900221,2026-09-07 21:15:00,15.359963,73.328231,3.4,160.0,160.0,FV SAGAR KANYA 2,IMO0000000,ATSK,30,0,32,9,3.5,30,B
419900221,2026-09-07 21:20:00,15.35546,73.329894,3.4,160.0,160.0,FV SAGAR KANYA 2,IMO0000000,ATSK,30,0,32,9,3.5,30,B
419900221,2026-09-07 21:25:00,15.351004,73.33147,3.4,160.0,160.0,FV SAGAR KANYA 2,IMO0000000,ATSK,30,0,32,9,3.5,30,B
419900221,2026-09-07 21:30:00,15.346491,73.333093,3.4,160.0,160.0,FV SAGAR KANYA 2,IMO0000000,ATSK,30,0,32,9,3.5,30,B
419900221,2026-09-07 21:35:00,15.342041,73.334811,3.4,160.0,160.0,FV SAGAR KANYA 2,IMO0000000,ATSK,30,0,32,9,3.5,30,B
419900221,2026-09-07 21:40:00,15.337738,73.336462,3.4,160.0,160.0,FV SAGAR KANYA 2,IMO0000000,ATSK,30,0,32,9,3.5,30,B
419900221,2026-09-07 21:45:00,15.33317,73.338259,3.4,160.0,160.0,FV SAGAR KANYA 2,IMO0000000,ATSK,30,0,32,9,3.5,30,B
419900221,2026-09-07 21:50:00,15.328865,73.339837,3.4,160.0,160.0,FV SAGAR KANYA 2,IMO0000000,ATSK,30,0,32,9,3.5,30,B
419900221,2026-09-07 21:55:00,15.324394,73.341464,3.4,160.0,160.0,FV SAGAR KANYA 2,IMO0000000,ATSK,30,0,32,9,3.5,30,B
419900221,2026-09-07 22:00:00,15.319912,73.343238,3.4,160.0,160.0,FV SAGAR KANYA 2,IMO0000000,ATSK,30,0,32,9,3.5,30,B
419900221,2026-09-07 22:05:00,15.315596,73.344866,3.4,160.0,160.0,FV SAGAR KANYA 2,IMO0000000,ATSK,30,0,32,9,3.5,30,B
419900221,2026-09-07 22:10:00,15.311034,73.346603,3.4,160.0,160.0,FV SAGAR KANYA 2,IMO0000000,ATSK,30,0,32,9,3.5,30,B
419900221,2026-09-07 22:15:00,15.306554,73.348271,3.4,160.0,160.0,FV SAGAR KANYA 2,IMO0000000,ATSK,30,0,32,9,3.5,30,B
419900221,2026-09-07 22:20:00,15.302283,73.349875,3.4,160.0,160.0,FV SAGAR KANYA 2,IMO0000000,ATSK,30,0,32,9,3.5,30,B
419900221,2026-09-07 22:25:00,15.297692,73.351586,3.4,160.0,160.0,FV SAGAR KANYA 2,IMO0000000,ATSK,30,0,32,9,3.5,30,B
419900221,2026-09-07 22:30:00,15.29324,73.353214,3.4,160.0,160.0,FV SAGAR KANYA 2,IMO0000000,ATSK,30,0,32,9,3.5,30,B
419900221,2026-09-07 22:35:00,15.288875,73.35496,3.4,160.0,160.0,FV SAGAR KANYA 2,IMO0000000,ATSK,30,0,32,9,3.5,30,B
419900221,2026-09-07 22:40:00,15.284487,73.356526,3.4,160.0,160.0,FV SAGAR KANYA 2,IMO0000000,ATSK,30,0,32,9,3.5,30,B
419900221,2026-09-07 22:45:00,15.279918,73.35818,3.4,160.0,160.0,FV SAGAR KANYA 2,IMO0000000,ATSK,30,0,32,9,3.5,30,B
419900221,2026-09-07 22:50:00,15.275668,73.360047,3.4,160.0,160.0,FV SAGAR KANYA 2,IMO0000000,ATSK,30,0,32,9,3.5,30,B
419900221,2026-09-07 22:55:00,15.271178,73.361711,3.4,160.0,160.0,FV SAGAR KANYA 2,IMO0000000,ATSK,30,0,32,9,3.5,30,B
419900221,2026-09-07 23:00:00,15.266613,73.363281,3.4,160.0,160.0,FV SAGAR KANYA 2,IMO0000000,ATSK,30,0,32,9,3.5,30,B
419900221,2026-09-07 23:05:00,15.26218,73.364977,3.4,160.0,160.0,FV SAGAR KANYA 2,IMO0000000,ATSK,30,0,32,9,3.5,30,B
419900221,2026-09-07 23:10:00,15.257894,73.366559,3.4,160.0,160.0,FV SAGAR KANYA 2,IMO0000000,ATSK,30,0,32,9,3.5,30,B
419900221,2026-09-07 23:15:00,15.253472,73.368341,3.4,160.0,160.0,FV SAGAR KANYA 2,IMO0000000,ATSK,30,0,32,9,3.5,30,B
419900221,2026-09-07 23:20:00,15.248933,73.370012,3.4,160.0,160.0,FV SAGAR KANYA 2,IMO0000000,ATSK,30,0,32,9,3.5,30,B
419900221,2026-09-07 23:25:00,15.244594,73.371751,3.4,160.0,160.0,FV SAGAR KANYA 2,IMO0000000,ATSK,30,0,32,9,3.5,30,B
419900221,2026-09-07 23:30:00,15.240041,73.373312,3.4,160.0,160.0,FV SAGAR KANYA 2,IMO0000000,ATSK,30,0,32,9,3.5,30,B
419900221,2026-09-07 23:35:00,15.235663,73.375066,3.4,160.0,160.0,FV SAGAR KANYA 2,IMO0000000,ATSK,30,0,32,9,3.5,30,B
419900221,2026-09-07 23:40:00,15.231169,73.376667,3.4,160.0,160.0,FV SAGAR KANYA 2,IMO0000000,ATSK,30,0,32,9,3.5,30,B
419900221,2026-09-07 23:45:00,15.226714,73.378356,3.4,160.0,160.0,FV SAGAR KANYA 2,IMO0000000,ATSK,30,0,32,9,3.5,30,B
419900221,2026-09-07 23:50:00,15.2224,73.379993,3.4,160.0,160.0,FV SAGAR KANYA 2,IMO0000000,ATSK,30,0,32,9,3.5,30,B
419900221,2026-09-07 23:55:00,15.217837,73.381807,3.4,160.0,160.0,FV SAGAR KANYA 2,IMO0000000,ATSK,30,0,32,9,3.5,30,B
419900221,2026-09-08 00:00:00,15.213461,73.383484,3.4,160.0,160.0,FV SAGAR KANYA 2,IMO0000000,ATSK,30,0,32,9,3.5,30,B
419900221,2026-09-08 00:05:00,15.209048,73.385055,3.4,160.0,160.0,FV SAGAR KANYA 2,IMO0000000,ATSK,30,0,32,9,3.5,30,B
419900221,2026-09-08 00:10:00,15.204498,73.386792,3.4,160.0,160.0,FV SAGAR KANYA 2,IMO0000000,ATSK,30,0,32,9,3.5,30,B
419900221,2026-09-08 00:15:00,15.200215,73.38831,3.4,160.0,160.0,FV SAGAR KANYA 2,IMO0000000,ATSK,30,0,32,9,3.5,30,B
419900221,2026-09-08 00:20:00,15.195678,73.390144,3.4,160.0,160.0,FV SAGAR KANYA 2,IMO0000000,ATSK,30,0,32,9,3.5,30,B
419900221,2026-09-08 00:25:00,15.191285,73.391735,3.4,160.0,160.0,FV SAGAR KANYA 2,IMO0000000,ATSK,30,0,32,9,3.5,30,B
419900221,2026-09-08 00:30:00,15.186793,73.393432,3.4,160.0,160.0,FV SAGAR KANYA 2,IMO0000000,ATSK,30,0,32,9,3.5,30,B
419900221,2026-09-08 00:35:00,15.18231,73.395198,3.4,160.0,160.0,FV SAGAR KANYA 2,IMO0000000,ATSK,30,0,32,9,3.5,30,B
419900221,2026-09-08 00:40:00,15.178,73.39675,3.4,160.0,160.0,FV SAGAR KANYA 2,IMO0000000,ATSK,30,0,32,9,3.5,30,B
419900221,2026-09-08 00:45:00,15.173468,73.398408,3.4,160.0,160.0,FV SAGAR KANYA 2,IMO0000000,ATSK,30,0,32,9,3.5,30,B
419900221,2026-09-08 00:50:00,15.169107,73.400061,3.4,160.0,160.0,FV SAGAR KANYA 2,IMO0000000,ATSK,30,0,32,9,3.5,30,B
419900221,2026-09-08 00:55:00,15.16458,73.40179,3.4,160.0,160.0,FV SAGAR KANYA 2,IMO0000000,ATSK,30,0,32,9,3.5,30,B
419900221,2026-09-08 01:00:00,15.160249,73.403566,3.4,160.0,160.0,FV SAGAR KANYA 2,IMO0000000,ATSK,30,0,32,9,3.5,30,B
419900221,2026-09-08 01:05:00,15.155879,73.405104,3.4,160.0,160.0,FV SAGAR KANYA 2,IMO0000000,ATSK,30,0,32,9,3.5,30,B
419900221,2026-09-08 01:10:00,15.151349,73.40682,3.4,160.0,160.0,FV SAGAR KANYA 2,IMO0000000,ATSK,30,0,32,9,3.5,30,B
419900221,2026-09-08 01:15:00,15.146931,73.408456,3.4,160.0,160.0,FV SAGAR KANYA 2,IMO0000000,ATSK,30,0,32,9,3.5,30,B
419900221,2026-09-08 01:20:00,15.142423,73.410138,3.4,160.0,160.0,FV SAGAR KANYA 2,IMO0000000,ATSK,30,0,32,9,3.5,30,B
419900221,2026-09-08 01:25:00,15.137971,73.411928,3.4,160.0,160.0,FV SAGAR KANYA 2,IMO0000000,ATSK,30,0,32,9,3.5,30,B
419900221,2026-09-08 01:30:00,15.133639,73.413465,3.4,160.0,160.0,FV SAGAR KANYA 2,IMO0000000,ATSK,30,0,32,9,3.5,30,B
419900221,2026-09-08 01:35:00,15.129173,73.415278,3.4,160.0,160.0,FV SAGAR KANYA 2,IMO0000000,ATSK,30,0,32,9,3.5,30,B
419900221,2026-09-08 01:40:00,15.124732,73.41696,3.4,160.0,160.0,FV SAGAR KANYA 2,IMO0000000,ATSK,30,0,32,9,3.5,30,B
419900221,2026-09-08 01:45:00,15.120303,73.418587,3.4,160.0,160.0,FV SAGAR KANYA 2,IMO0000000,ATSK,30,0,32,9,3.5,30,B
419900221,2026-09-08 01:50:00,15.11589,73.420222,3.4,160.0,160.0,FV SAGAR KANYA 2,IMO0000000,ATSK,30,0,32,9,3.5,30,B
419900221,2026-09-08 01:55:00,15.111519,73.421878,3.4,160.0,160.0,FV SAGAR KANYA 2,IMO0000000,ATSK,30,0,32,9,3.5,30,B
419900221,2026-09-08 02:00:00,15.107059,73.423579,3.4,160.0,160.0,FV SAGAR KANYA 2,IMO0000000,ATSK,30,0,32,9,3.5,30,B
419900221,2026-09-08 02:05:00,15.102593,73.425331,3.4,160.0,160.0,FV SAGAR KANYA 2,IMO0000000,ATSK,30,0,32,9,3.5,30,B
419900221,2026-09-08 02:10:00,15.098056,73.426915,3.4,160.0,160.0,FV SAGAR KANYA 2,IMO0000000,ATSK,30,0,32,9,3.5,30,B
419900221,2026-09-08 02:15:00,15.093577,73.428636,3.4,160.0,160.0,FV SAGAR KANYA 2,IMO0000000,ATSK,30,0,32,9,3.5,30,B
419900221,2026-09-08 02:20:00,15.089312,73.43035,3.4,160.0,160.0,FV SAGAR KANYA 2,IMO0000000,ATSK,30,0,32,9,3.5,30,B
419900221,2026-09-08 02:25:00,15.084882,73.43185,3.4,160.0,160.0,FV SAGAR KANYA 2,IMO0000000,ATSK,30,0,32,9,3.5,30,B
419900221,2026-09-08 02:30:00,15.080421,73.433665,3.4,160.0,160.0,FV SAGAR KANYA 2,IMO0000000,ATSK,30,0,32,9,3.5,30,B
419900221,2026-09-08 02:35:00,15.075888,73.435233,3.4,160.0,160.0,FV SAGAR KANYA 2,IMO0000000,ATSK,30,0,32,9,3.5,30,B
419900221,2026-09-08 02:40:00,15.071578,73.436955,3.4,160.0,160.0,FV SAGAR KANYA 2,IMO0000000,ATSK,30,0,32,9,3.5,30,B
419900221,2026-09-08 02:45:00,15.067091,73.43866,3.4,160.0,160.0,FV SAGAR KANYA 2,IMO0000000,ATSK,30,0,32,9,3.5,30,B
419900221,2026-09-08 02:50:00,15.06266,73.440369,3.4,160.0,160.0,FV SAGAR KANYA 2,IMO0000000,ATSK,30,0,32,9,3.5,30,B
419900221,2026-09-08 02:55:00,15.058154,73.441943,3.4,160.0,160.0,FV SAGAR KANYA 2,IMO0000000,ATSK,30,0,32,9,3.5,30,B
419900221,2026-09-08 03:00:00,15.053788,73.443686,3.4,160.0,160.0,FV SAGAR KANYA 2,IMO0000000,ATSK,30,0,32,9,3.5,30,B
419900221,2026-09-08 03:05:00,15.049397,73.44533,3.4,160.0,160.0,FV SAGAR KANYA 2,IMO0000000,ATSK,30,0,32,9,3.5,30,B
419900221,2026-09-08 03:10:00,15.044862,73.44706,3.4,160.0,160.0,FV SAGAR KANYA 2,IMO0000000,ATSK,30,0,32,9,3.5,30,B
419900221,2026-09-08 03:15:00,15.040439,73.448644,3.4,160.0,160.0,FV SAGAR KANYA 2,IMO0000000,ATSK,30,0,32,9,3.5,30,B
419900221,2026-09-08 03:20:00,15.035944,73.450343,3.4,160.0,160.0,FV SAGAR KANYA 2,IMO0000000,ATSK,30,0,32,9,3.5,30,B
419900221,2026-09-08 03:25:00,15.031628,73.452081,3.4,160.0,160.0,FV SAGAR KANYA 2,IMO0000000,ATSK,30,0,32,9,3.5,30,B
419000456,2026-09-07 17:30:00,20.466613,87.048474,9.5,210.0,210.0,OSV MALVIYA NINE,IMO9233001,ATMN,52,0,65,15,5.5,52,A
419000456,2026-09-07 17:35:00,20.45518,87.041626,9.5,210.0,210.0,OSV MALVIYA NINE,IMO9233001,ATMN,52,0,65,15,5.5,52,A
419000456,2026-09-07 17:40:00,20.443733,87.034491,9.5,210.0,210.0,OSV MALVIYA NINE,IMO9233001,ATMN,52,0,65,15,5.5,52,A
419000456,2026-09-07 17:45:00,20.43223,87.027467,9.5,210.0,210.0,OSV MALVIYA NINE,IMO9233001,ATMN,52,0,65,15,5.5,52,A
419000456,2026-09-07 17:50:00,20.420883,87.020621,9.5,210.0,210.0,OSV MALVIYA NINE,IMO9233001,ATMN,52,0,65,15,5.5,52,A
419000456,2026-09-07 17:55:00,20.409381,87.013418,9.5,210.0,210.0,OSV MALVIYA NINE,IMO9233001,ATMN,52,0,65,15,5.5,52,A
419000456,2026-09-07 18:00:00,20.39804,87.006564,9.5,210.0,210.0,OSV MALVIYA NINE,IMO9233001,ATMN,52,0,65,15,5.5,52,A
419000456,2026-09-07 18:05:00,20.386614,86.999541,9.5,210.0,210.0,OSV MALVIYA NINE,IMO9233001,ATMN,52,0,65,15,5.5,52,A
419000456,2026-09-07 18:10:00,20.375257,86.992547,9.5,210.0,210.0,OSV MALVIYA NINE,IMO9233001,ATMN,52,0,65,15,5.5,52,A
419000456,2026-09-07 18:15:00,20.363721,86.985408,9.5,210.0,210.0,OSV MALVIYA NINE,IMO9233001,ATMN,52,0,65,15,5.5,52,A
419000456,2026-09-07 18:20:00,20.352231,86.978446,9.5,210.0,210.0,OSV MALVIYA NINE,IMO9233001,ATMN,52,0,65,15,5.5,52,A
419000456,2026-09-07 18:25:00,20.340882,86.971472,9.5,210.0,210.0,OSV MALVIYA NINE,IMO9233001,ATMN,52,0,65,15,5.5,52,A
419000456,2026-09-07 18:30:00,20.329376,86.964527,9.5,210.0,210.0,OSV MALVIYA NINE,IMO9233001,ATMN,52,0,65,15,5.5,52,A
419000456,2026-09-07 18:35:00,20.318125,86.957424,9.5,210.0,210.0,OSV MALVIYA NINE,IMO9233001,ATMN,52,0,65,15,5.5,52,A
419000456,2026-09-07 18:40:00,20.306538,86.950355,9.5,210.0,210.0,OSV MALVIYA NINE,IMO9233001,ATMN,52,0,65,15,5.5,52,A
419000456,2026-09-07 18:45:00,20.295172,86.943345,9.5,210.0,210.0,OSV MALVIYA NINE,IMO9233001,ATMN,52,0,65,15,5.5,52,A
419000456,2026-09-07 18:50:00,20.283734,86.936399,9.5,210.0,210.0,OSV MALVIYA NINE,IMO9233001,ATMN,52,0,65,15,5.5,52,A
419000456,2026-09-07 18:55:00,20.272431,86.929358,9.5,210.0,210.0,OSV MALVIYA NINE,IMO9233001,ATMN,52,0,65,15,5.5,52,A
419000456,2026-09-07 19:00:00,20.260939,86.922436,9.5,210.0,210.0,OSV MALVIYA NINE,IMO9233001,ATMN,52,0,65,15,5.5,52,A
419000456,2026-09-07 19:05:00,20.249452,86.915369,9.5,210.0,210.0,OSV MALVIYA NINE,IMO9233001,ATMN,52,0,65,15,5.5,52,A
419000456,2026-09-07 19:10:00,20.238146,86.908417,9.5,210.0,210.0,OSV MALVIYA NINE,IMO9233001,ATMN,52,0,65,15,5.5,52,A
419000456,2026-09-07 19:15:00,20.226688,86.901379,9.5,210.0,210.0,OSV MALVIYA NINE,IMO9233001,ATMN,52,0,65,15,5.5,52,A
419000456,2026-09-07 19:20:00,20.215128,86.894288,9.5,210.0,210.0,OSV MALVIYA NINE,IMO9233001,ATMN,52,0,65,15,5.5,52,A
419000456,2026-09-07 19:25:00,20.203816,86.887436,9.5,210.0,210.0,OSV MALVIYA NINE,IMO9233001,ATMN,52,0,65,15,5.5,52,A
419000456,2026-09-07 19:30:00,20.192299,86.880424,9.5,210.0,210.0,OSV MALVIYA NINE,IMO9233001,ATMN,52,0,65,15,5.5,52,A
419000456,2026-09-07 19:35:00,20.180883,86.873267,9.5,210.0,210.0,OSV MALVIYA NINE,IMO9233001,ATMN,52,0,65,15,5.5,52,A
419000456,2026-09-07 19:40:00,20.169528,86.866346,9.5,210.0,210.0,OSV MALVIYA NINE,IMO9233001,ATMN,52,0,65,15,5.5,52,A
419000456,2026-09-07 19:45:00,20.15802,86.859348,9.5,210.0,210.0,OSV MALVIYA NINE,IMO9233001,ATMN,52,0,65,15,5.5,52,A
419000456,2026-09-07 19:50:00,20.146701,86.852241,9.5,210.0,210.0,OSV MALVIYA NINE,IMO9233001,ATMN,52,0,65,15,5.5,52,A
419000456,2026-09-07 19:55:00,20.135334,86.845328,9.5,210.0,210.0,OSV MALVIYA NINE,IMO9233001,ATMN,52,0,65,15,5.5,52,A
419000456,2026-09-07 20:00:00,20.123862,86.838365,9.5,210.0,210.0,OSV MALVIYA NINE,IMO9233001,ATMN,52,0,65,15,5.5,52,A
419000456,2026-09-07 20:05:00,20.112375,86.831172,9.5,210.0,210.0,OSV MALVIYA NINE,IMO9233001,ATMN,52,0,65,15,5.5,52,A
419000456,2026-09-07 20:10:00,20.101002,86.824159,9.5,210.0,210.0,OSV MALVIYA NINE,IMO9233001,ATMN,52,0,65,15,5.5,52,A
419000456,2026-09-07 20:15:00,20.089561,86.81716,9.5,210.0,210.0,OSV MALVIYA NINE,IMO9233001,ATMN,52,0,65,15,5.5,52,A
419000456,2026-09-07 20:20:00,20.078217,86.810158,9.5,210.0,210.0,OSV MALVIYA NINE,IMO9233001,ATMN,52,0,65,15,5.5,52,A
419000456,2026-09-07 20:25:00,20.066723,86.803136,9.5,210.0,210.0,OSV MALVIYA NINE,IMO9233001,ATMN,52,0,65,15,5.5,52,A
419000456,2026-09-07 20:30:00,20.055276,86.796149,9.5,210.0,210.0,OSV MALVIYA NINE,IMO9233001,ATMN,52,0,65,15,5.5,52,A
419000456,2026-09-07 20:35:00,20.043908,86.789112,9.5,210.0,210.0,OSV MALVIYA NINE,IMO9233001,ATMN,52,0,65,15,5.5,52,A
419000456,2026-09-07 20:40:00,20.032388,86.782141,9.5,210.0,210.0,OSV MALVIYA NINE,IMO9233001,ATMN,52,0,65,15,5.5,52,A
419000456,2026-09-07 20:45:00,20.021076,86.775264,9.5,210.0,210.0,OSV MALVIYA NINE,IMO9233001,ATMN,52,0,65,15,5.5,52,A
419000456,2026-09-07 20:50:00,20.009603,86.768165,9.5,210.0,210.0,OSV MALVIYA NINE,IMO9233001,ATMN,52,0,65,15,5.5,52,A
419000456,2026-09-07 20:55:00,19.998173,86.761169,9.5,210.0,210.0,OSV MALVIYA NINE,IMO9233001,ATMN,52,0,65,15,5.5,52,A
419000456,2026-09-07 21:00:00,19.986749,86.754152,9.5,210.0,210.0,OSV MALVIYA NINE,IMO9233001,ATMN,52,0,65,15,5.5,52,A
419000456,2026-09-07 21:05:00,19.975258,86.747196,9.5,210.0,210.0,OSV MALVIYA NINE,IMO9233001,ATMN,52,0,65,15,5.5,52,A
419000456,2026-09-07 21:10:00,19.963936,86.740051,9.5,210.0,210.0,OSV MALVIYA NINE,IMO9233001,ATMN,52,0,65,15,5.5,52,A
419000456,2026-09-07 21:15:00,19.95248,86.733187,9.5,210.0,210.0,OSV MALVIYA NINE,IMO9233001,ATMN,52,0,65,15,5.5,52,A
419000456,2026-09-07 21:20:00,19.940927,86.726115,9.5,210.0,210.0,OSV MALVIYA NINE,IMO9233001,ATMN,52,0,65,15,5.5,52,A
419000456,2026-09-07 21:25:00,19.929501,86.719089,9.5,210.0,210.0,OSV MALVIYA NINE,IMO9233001,ATMN,52,0,65,15,5.5,52,A
419000456,2026-09-07 21:30:00,19.918139,86.712014,9.5,210.0,210.0,OSV MALVIYA NINE,IMO9233001,ATMN,52,0,65,15,5.5,52,A
419000456,2026-09-07 21:35:00,19.906812,86.705146,9.5,210.0,210.0,OSV MALVIYA NINE,IMO9233001,ATMN,52,0,65,15,5.5,52,A
419000456,2026-09-07 21:40:00,19.89539,86.698007,9.5,210.0,210.0,OSV MALVIYA NINE,IMO9233001,ATMN,52,0,65,15,5.5,52,A
419000456,2026-09-07 21:45:00,19.883897,86.691014,9.5,210.0,210.0,OSV MALVIYA NINE,IMO9233001,ATMN,52,0,65,15,5.5,52,A
419000456,2026-09-07 21:50:00,19.872487,86.684027,9.5,210.0,210.0,OSV MALVIYA NINE,IMO9233001,ATMN,52,0,65,15,5.5,52,A
419000456,2026-09-07 21:55:00,19.861121,86.677022,9.5,210.0,210.0,OSV MALVIYA NINE,IMO9233001,ATMN,52,0,65,15,5.5,52,A
419000456,2026-09-07 22:00:00,19.849547,86.670002,9.5,210.0,210.0,OSV MALVIYA NINE,IMO9233001,ATMN,52,0,65,15,5.5,52,A
419000456,2026-09-07 22:05:00,19.838111,86.663074,9.5,210.0,210.0,OSV MALVIYA NINE,IMO9233001,ATMN,52,0,65,15,5.5,52,A
419000456,2026-09-07 22:10:00,19.826692,86.655939,9.5,210.0,210.0,OSV MALVIYA NINE,IMO9233001,ATMN,52,0,65,15,5.5,52,A
419000456,2026-09-07 22:15:00,19.815351,86.649029,9.5,210.0,210.0,OSV MALVIYA NINE,IMO9233001,ATMN,52,0,65,15,5.5,52,A
419000456,2026-09-07 22:20:00,19.803937,86.642057,9.5,210.0,210.0,OSV MALVIYA NINE,IMO9233001,ATMN,52,0,65,15,5.5,52,A
419000456,2026-09-07 22:25:00,19.79253,86.634898,9.5,210.0,210.0,OSV MALVIYA NINE,IMO9233001,ATMN,52,0,65,15,5.5,52,A
419000456,2026-09-07 22:30:00,19.781049,86.627981,9.5,210.0,210.0,OSV MALVIYA NINE,IMO9233001,ATMN,52,0,65,15,5.5,52,A
419000456,2026-09-07 22:35:00,19.769569,86.62105,9.5,210.0,210.0,OSV MALVIYA NINE,IMO9233001,ATMN,52,0,65,15,5.5,52,A
419000456,2026-09-07 22:40:00,19.758135,86.613985,9.5,210.0,210.0,OSV MALVIYA NINE,IMO9233001,ATMN,52,0,65,15,5.5,52,A
419000456,2026-09-07 22:45:00,19.746794,86.606895,9.5,210.0,210.0,OSV MALVIYA NINE,IMO9233001,ATMN,52,0,65,15,5.5,52,A
419000456,2026-09-07 22:50:00,19.735329,86.599948,9.5,210.0,210.0,OSV MALVIYA NINE,IMO9233001,ATMN,52,0,65,15,5.5,52,A
419000456,2026-09-07 22:55:00,19.723957,86.592948,9.5,210.0,210.0,OSV MALVIYA NINE,IMO9233001,ATMN,52,0,65,15,5.5,52,A
419000456,2026-09-07 23:00:00,19.712589,86.58587,9.5,210.0,210.0,OSV MALVIYA NINE,IMO9233001,ATMN,52,0,65,15,5.5,52,A
419000456,2026-09-07 23:05:00,19.701187,86.578863,9.5,210.0,210.0,OSV MALVIYA NINE,IMO9233001,ATMN,52,0,65,15,5.5,52,A
419000456,2026-09-07 23:10:00,19.689714,86.571904,9.5,210.0,210.0,OSV MALVIYA NINE,IMO9233001,ATMN,52,0,65,15,5.5,52,A
419000456,2026-09-07 23:15:00,19.678226,86.56491,9.5,210.0,210.0,OSV MALVIYA NINE,IMO9233001,ATMN,52,0,65,15,5.5,52,A
419000456,2026-09-07 23:20:00,19.666762,86.55779,9.5,210.0,210.0,OSV MALVIYA NINE,IMO9233001,ATMN,52,0,65,15,5.5,52,A
419000456,2026-09-07 23:25:00,19.655441,86.550831,9.5,210.0,210.0,OSV MALVIYA NINE,IMO9233001,ATMN,52,0,65,15,5.5,52,A
419000456,2026-09-07 23:30:00,19.643884,86.543868,9.5,210.0,210.0,OSV MALVIYA NINE,IMO9233001,ATMN,52,0,65,15,5.5,52,A
419000456,2026-09-07 23:35:00,19.632611,86.536776,9.5,210.0,210.0,OSV MALVIYA NINE,IMO9233001,ATMN,52,0,65,15,5.5,52,A
419000456,2026-09-07 23:40:00,19.62111,86.529888,9.5,210.0,210.0,OSV MALVIYA NINE,IMO9233001,ATMN,52,0,65,15,5.5,52,A
419000456,2026-09-07 23:45:00,19.609798,86.522902,9.5,210.0,210.0,OSV MALVIYA NINE,IMO9233001,ATMN,52,0,65,15,5.5,52,A
419000456,2026-09-07 23:50:00,19.598242,86.515857,9.5,210.0,210.0,OSV MALVIYA NINE,IMO9233001,ATMN,52,0,65,15,5.5,52,A
419000456,2026-09-07 23:55:00,19.58684,86.508802,9.5,210.0,210.0,OSV MALVIYA NINE,IMO9233001,ATMN,52,0,65,15,5.5,52,A
419000456,2026-09-08 00:00:00,19.575387,86.501757,9.5,210.0,210.0,OSV MALVIYA NINE,IMO9233001,ATMN,52,0,65,15,5.5,52,A
419000456,2026-09-08 00:05:00,19.563974,86.494703,9.5,210.0,210.0,OSV MALVIYA NINE,IMO9233001,ATMN,52,0,65,15,5.5,52,A
419000456,2026-09-08 00:10:00,19.552654,86.48784,9.5,210.0,210.0,OSV MALVIYA NINE,IMO9233001,ATMN,52,0,65,15,5.5,52,A
419000456,2026-09-08 00:15:00,19.541078,86.480719,9.5,210.0,210.0,OSV MALVIYA NINE,IMO9233001,ATMN,52,0,65,15,5.5,52,A
419000456,2026-09-08 00:20:00,19.529675,86.473753,9.5,210.0,210.0,OSV MALVIYA NINE,IMO9233001,ATMN,52,0,65,15,5.5,52,A
419000456,2026-09-08 00:25:00,19.518364,86.466798,9.5,210.0,210.0,OSV MALVIYA NINE,IMO9233001,ATMN,52,0,65,15,5.5,52,A
419000456,2026-09-08 00:30:00,19.506856,86.459703,9.5,210.0,210.0,OSV MALVIYA NINE,IMO9233001,ATMN,52,0,65,15,5.5,52,A
419000456,2026-09-08 00:35:00,19.495432,86.452843,9.5,210.0,210.0,OSV MALVIYA NINE,IMO9233001,ATMN,52,0,65,15,5.5,52,A
419000456,2026-09-08 00:40:00,19.484121,86.445799,9.5,210.0,210.0,OSV MALVIYA NINE,IMO9233001,ATMN,52,0,65,15,5.5,52,A
419000456,2026-09-08 00:45:00,19.472617,86.438762,9.5,210.0,210.0,OSV MALVIYA NINE,IMO9233001,ATMN,52,0,65,15,5.5,52,A
419000456,2026-09-08 00:50:00,19.461286,86.431651,9.5,210.0,210.0,OSV MALVIYA NINE,IMO9233001,ATMN,52,0,65,15,5.5,52,A
419000456,2026-09-08 00:55:00,19.449739,86.424688,9.5,210.0,210.0,OSV MALVIYA NINE,IMO9233001,ATMN,52,0,65,15,5.5,52,A
419000456,2026-09-08 01:00:00,19.438337,86.417623,9.5,210.0,210.0,OSV MALVIYA NINE,IMO9233001,ATMN,52,0,65,15,5.5,52,A
419000456,2026-09-08 01:05:00,19.426978,86.410774,9.5,210.0,210.0,OSV MALVIYA NINE,IMO9233001,ATMN,52,0,65,15,5.5,52,A
419000456,2026-09-08 01:10:00,19.415408,86.403649,9.5,210.0,210.0,OSV MALVIYA NINE,IMO9233001,ATMN,52,0,65,15,5.5,52,A
419000456,2026-09-08 01:15:00,19.403967,86.396568,9.5,210.0,210.0,OSV MALVIYA NINE,IMO9233001,ATMN,52,0,65,15,5.5,52,A
419000456,2026-09-08 01:20:00,19.39256,86.38973,9.5,210.0,210.0,OSV MALVIYA NINE,IMO9233001,ATMN,52,0,65,15,5.5,52,A
419000456,2026-09-08 01:25:00,19.381149,86.382586,9.5,210.0,210.0,OSV MALVIYA NINE,IMO9233001,ATMN,52,0,65,15,5.5,52,A
419000456,2026-09-08 01:30:00,19.36986,86.375546,9.5,210.0,210.0,OSV MALVIYA NINE,IMO9233001,ATMN,52,0,65,15,5.5,52,A
419000456,2026-09-08 01:35:00,19.358455,86.368607,9.5,210.0,210.0,OSV MALVIYA NINE,IMO9233001,ATMN,52,0,65,15,5.5,52,A
419000456,2026-09-08 01:40:00,19.346986,86.361718,9.5,210.0,210.0,OSV MALVIYA NINE,IMO9233001,ATMN,52,0,65,15,5.5,52,A
419000456,2026-09-08 01:45:00,19.33555,86.354539,9.5,210.0,210.0,OSV MALVIYA NINE,IMO9233001,ATMN,52,0,65,15,5.5,52,A
419000456,2026-09-08 01:50:00,19.32406,86.347572,9.5,210.0,210.0,OSV MALVIYA NINE,IMO9233001,ATMN,52,0,65,15,5.5,52,A
419000456,2026-09-08 01:55:00,19.312644,86.340527,9.5,210.0,210.0,OSV MALVIYA NINE,IMO9233001,ATMN,52,0,65,15,5.5,52,A
419000456,2026-09-08 02:00:00,19.301147,86.333544,9.5,210.0,210.0,OSV MALVIYA NINE,IMO9233001,ATMN,52,0,65,15,5.5,52,A
419000456,2026-09-08 02:05:00,19.289741,86.326617,9.5,210.0,210.0,OSV MALVIYA NINE,IMO9233001,ATMN,52,0,65,15,5.5,52,A
419000456,2026-09-08 02:10:00,19.278412,86.319491,9.5,210.0,210.0,OSV MALVIYA NINE,IMO9233001,ATMN,52,0,65,15,5.5,52,A
419000456,2026-09-08 02:15:00,19.266894,86.312483,9.5,210.0,210.0,OSV MALVIYA NINE,IMO9233001,ATMN,52,0,65,15,5.5,52,A
419000456,2026-09-08 02:20:00,19.255643,86.305489,9.5,210.0,210.0,OSV MALVIYA NINE,IMO9233001,ATMN,52,0,65,15,5.5,52,A
419000456,2026-09-08 02:25:00,19.244069,86.29849,9.5,210.0,210.0,OSV MALVIYA NINE,IMO9233001,ATMN,52,0,65,15,5.5,52,A
419000456,2026-09-08 02:30:00,19.232652,86.291499,9.5,210.0,210.0,OSV MALVIYA NINE,IMO9233001,ATMN,52,0,65,15,5.5,52,A
419000456,2026-09-08 02:35:00,19.221184,86.284463,9.5,210.0,210.0,OSV MALVIYA NINE,IMO9233001,ATMN,52,0,65,15,5.5,52,A
419000456,2026-09-08 02:40:00,19.209796,86.277432,9.5,210.0,210.0,OSV MALVIYA NINE,IMO9233001,ATMN,52,0,65,15,5.5,52,A
419000456,2026-09-08 02:45:00,19.198371,86.270463,9.5,210.0,210.0,OSV MALVIYA NINE,IMO9233001,ATMN,52,0,65,15,5.5,52,A
419000456,2026-09-08 02:50:00,19.187017,86.263442,9.5,210.0,210.0,OSV MALVIYA NINE,IMO9233001,ATMN,52,0,65,15,5.5,52,A
419000456,2026-09-08 02:55:00,19.175488,86.256529,9.5,210.0,210.0,OSV MALVIYA NINE,IMO9233001,ATMN,52,0,65,15,5.5,52,A
419000456,2026-09-08 03:00:00,19.164155,86.249368,9.5,210.0,210.0,OSV MALVIYA NINE,IMO9233001,ATMN,52,0,65,15,5.5,52,A
419000456,2026-09-08 03:05:00,19.152768,86.242454,9.5,210.0,210.0,OSV MALVIYA NINE,IMO9233001,ATMN,52,0,65,15,5.5,52,A
419000456,2026-09-08 03:10:00,19.141317,86.23543,9.5,210.0,210.0,OSV MALVIYA NINE,IMO9233001,ATMN,52,0,65,15,5.5,52,A
419000456,2026-09-08 03:15:00,19.129874,86.228454,9.5,210.0,210.0,OSV MALVIYA NINE,IMO9233001,ATMN,52,0,65,15,5.5,52,A
419000456,2026-09-08 03:20:00,19.118454,86.22142,9.5,210.0,210.0,OSV MALVIYA NINE,IMO9233001,ATMN,52,0,65,15,5.5,52,A
419000456,2026-09-08 03:25:00,19.106999,86.21447,9.5,210.0,210.0,OSV MALVIYA NINE,IMO9233001,ATMN,52,0,65,15,5.5,52,A
419000789,2026-09-07 17:30:00,13.505376,80.382492,8.0,195.0,195.0,TUG OCEAN PRIDE,IMO9199200,ATOP,52,0,35,11,4.2,52,A
419000789,2026-09-07 17:35:00,13.494674,80.379379,8.0,195.0,195.0,TUG OCEAN PRIDE,IMO9199200,ATOP,52,0,35,11,4.2,52,A
419000789,2026-09-07 17:40:00,13.483959,80.376458,8.0,195.0,195.0,TUG OCEAN PRIDE,IMO9199200,ATOP,52,0,35,11,4.2,52,A
419000789,2026-09-07 17:45:00,13.473157,80.37364,8.0,195.0,195.0,TUG OCEAN PRIDE,IMO9199200,ATOP,52,0,35,11,4.2,52,A
419000789,2026-09-07 17:50:00,13.462483,80.370567,8.0,195.0,195.0,TUG OCEAN PRIDE,IMO9199200,ATOP,52,0,35,11,4.2,52,A
419000789,2026-09-07 17:55:00,13.451874,80.367552,8.0,195.0,195.0,TUG OCEAN PRIDE,IMO9199200,ATOP,52,0,35,11,4.2,52,A
419000789,2026-09-07 18:00:00,13.441038,80.364656,8.0,195.0,195.0,TUG OCEAN PRIDE,IMO9199200,ATOP,52,0,35,11,4.2,52,A
419000789,2026-09-07 18:05:00,13.430252,80.361651,8.0,195.0,195.0,TUG OCEAN PRIDE,IMO9199200,ATOP,52,0,35,11,4.2,52,A
419000789,2026-09-07 18:10:00,13.419586,80.358739,8.0,195.0,195.0,TUG OCEAN PRIDE,IMO9199200,ATOP,52,0,35,11,4.2,52,A
419000789,2026-09-07 18:15:00,13.408873,80.355823,8.0,195.0,195.0,TUG OCEAN PRIDE,IMO9199200,ATOP,52,0,35,11,4.2,52,A
419000789,2026-09-07 18:20:00,13.398066,80.352901,8.0,195.0,195.0,TUG OCEAN PRIDE,IMO9199200,ATOP,52,0,35,11,4.2,52,A
419000789,2026-09-07 18:25:00,13.387353,80.34995,8.0,195.0,195.0,TUG OCEAN PRIDE,IMO9199200,ATOP,52,0,35,11,4.2,52,A
419000789,2026-09-07 18:30:00,13.376624,80.347062,8.0,195.0,195.0,TUG OCEAN PRIDE,IMO9199200,ATOP,52,0,35,11,4.2,52,A
419000789,2026-09-07 18:35:00,13.365949,80.34413,8.0,195.0,195.0,TUG OCEAN PRIDE,IMO9199200,ATOP,52,0,35,11,4.2,52,A
419000789,2026-09-07 18:40:00,13.355128,80.341096,8.0,195.0,195.0,TUG OCEAN PRIDE,IMO9199200,ATOP,52,0,35,11,4.2,52,A
419000789,2026-09-07 18:45:00,13.344385,80.338226,8.0,195.0,195.0,TUG OCEAN PRIDE,IMO9199200,ATOP,52,0,35,11,4.2,52,A
419000789,2026-09-07 18:50:00,13.333686,80.335216,8.0,195.0,195.0,TUG OCEAN PRIDE,IMO9199200,ATOP,52,0,35,11,4.2,52,A
419000789,2026-09-07 18:55:00,13.322981,80.332231,8.0,195.0,195.0,TUG OCEAN PRIDE,IMO9199200,ATOP,52,0,35,11,4.2,52,A
419000789,2026-09-07 19:00:00,13.312335,80.329366,8.0,195.0,195.0,TUG OCEAN PRIDE,IMO9199200,ATOP,52,0,35,11,4.2,52,A
419000789,2026-09-07 19:05:00,13.301483,80.326344,8.0,195.0,195.0,TUG OCEAN PRIDE,IMO9199200,ATOP,52,0,35,11,4.2,52,A
419000789,2026-09-07 19:10:00,13.290867,80.323329,8.0,195.0,195.0,TUG OCEAN PRIDE,IMO9199200,ATOP,52,0,35,11,4.2,52,A
419000789,2026-09-07 19:15:00,13.279995,80.320519,8.0,195.0,195.0,TUG OCEAN PRIDE,IMO9199200,ATOP,52,0,35,11,4.2,52,A
419000789,2026-09-07 19:20:00,13.269406,80.317464,8.0,195.0,195.0,TUG OCEAN PRIDE,IMO9199200,ATOP,52,0,35,11,4.2,52,A
419000789,2026-09-07 19:25:00,13.258698,80.314536,8.0,195.0,195.0,TUG OCEAN PRIDE,IMO9199200,ATOP,52,0,35,11,4.2,52,A
419000789,2026-09-07 19:30:00,13.247974,80.311617,8.0,195.0,195.0,TUG OCEAN PRIDE,IMO9199200,ATOP,52,0,35,11,4.2,52,A
419000789,2026-09-07 19:35:00,13.237215,80.308582,8.0,195.0,195.0,TUG OCEAN PRIDE,IMO9199200,ATOP,52,0,35,11,4.2,52,A
419000789,2026-09-07 19:40:00,13.22635,80.305753,8.0,195.0,195.0,TUG OCEAN PRIDE,IMO9199200,ATOP,52,0,35,11,4.2,52,A
419000789,2026-09-07 19:45:00,13.215649,80.302702,8.0,195.0,195.0,TUG OCEAN PRIDE,IMO9199200,ATOP,52,0,35,11,4.2,52,A
419000789,2026-09-07 19:50:00,13.204924,80.299812,8.0,195.0,195.0,TUG OCEAN PRIDE,IMO9199200,ATOP,52,0,35,11,4.2,52,A
419000789,2026-09-07 19:55:00,13.194337,80.296929,8.0,195.0,195.0,TUG OCEAN PRIDE,IMO9199200,ATOP,52,0,35,11,4.2,52,A
419000789,2026-09-07 20:00:00,13.183536,80.293947,8.0,195.0,195.0,TUG OCEAN PRIDE,IMO9199200,ATOP,52,0,35,11,4.2,52,A
419000789,2026-09-07 20:05:00,13.172769,80.290989,8.0,195.0,195.0,TUG OCEAN PRIDE,IMO9199200,ATOP,52,0,35,11,4.2,52,A
419000789,2026-09-07 20:10:00,13.162039,80.28797,8.0,195.0,195.0,TUG OCEAN PRIDE,IMO9199200,ATOP,52,0,35,11,4.2,52,A
419000789,2026-09-07 20:15:00,13.151278,80.285073,8.0,195.0,195.0,TUG OCEAN PRIDE,IMO9199200,ATOP,52,0,35,11,4.2,52,A
419000789,2026-09-07 20:20:00,13.140572,80.282161,8.0,195.0,195.0,TUG OCEAN PRIDE,IMO9199200,ATOP,52,0,35,11,4.2,52,A
419000789,2026-09-07 20:25:00,13.129864,80.279196,8.0,195.0,195.0,TUG OCEAN PRIDE,IMO9199200,ATOP,52,0,35,11,4.2,52,A
419000789,2026-09-07 20:30:00,13.119188,80.276285,8.0,195.0,195.0,TUG OCEAN PRIDE,IMO9199200,ATOP,52,0,35,11,4.2,52,A
419000789,2026-09-07 20:35:00,13.108369,80.273273,8.0,195.0,195.0,TUG OCEAN PRIDE,IMO9199200,ATOP,52,0,35,11,4.2,52,A
419000789,2026-09-07 20:40:00,13.097586,80.270349,8.0,195.0,195.0,TUG OCEAN PRIDE,IMO9199200,ATOP,52,0,35,11,4.2,52,A
419000789,2026-09-07 20:45:00,13.087024,80.267425,8.0,195.0,195.0,TUG OCEAN PRIDE,IMO9199200,ATOP,52,0,35,11,4.2,52,A
419000789,2026-09-07 20:50:00,13.076198,80.264327,8.0,195.0,195.0,TUG OCEAN PRIDE,IMO9199200,ATOP,52,0,35,11,4.2,52,A
419000789,2026-09-07 20:55:00,13.065376,80.261464,8.0,195.0,195.0,TUG OCEAN PRIDE,IMO9199200,ATOP,52,0,35,11,4.2,52,A
419000789,2026-09-07 21:00:00,13.054786,80.258457,8.0,195.0,195.0,TUG OCEAN PRIDE,IMO9199200,ATOP,52,0,35,11,4.2,52,A
419000789,2026-09-07 21:05:00,13.044066,80.255558,8.0,195.0,195.0,TUG OCEAN PRIDE,IMO9199200,ATOP,52,0,35,11,4.2,52,A
419000789,2026-09-07 21:10:00,13.033298,80.252687,8.0,195.0,195.0,TUG OCEAN PRIDE,IMO9199200,ATOP,52,0,35,11,4.2,52,A
419000789,2026-09-07 21:15:00,13.022484,80.249742,8.0,195.0,195.0,TUG OCEAN PRIDE,IMO9199200,ATOP,52,0,35,11,4.2,52,A
419000789,2026-09-07 21:20:00,13.011773,80.246801,8.0,195.0,195.0,TUG OCEAN PRIDE,IMO9199200,ATOP,52,0,35,11,4.2,52,A
419000789,2026-09-07 21:25:00,13.001102,80.243707,8.0,195.0,195.0,TUG OCEAN PRIDE,IMO9199200,ATOP,52,0,35,11,4.2,52,A
419000789,2026-09-07 21:30:00,12.990394,80.240768,8.0,195.0,195.0,TUG OCEAN PRIDE,IMO9199200,ATOP,52,0,35,11,4.2,52,A
419000789,2026-09-07 21:35:00,12.97961,80.237809,8.0,195.0,195.0,TUG OCEAN PRIDE,IMO9199200,ATOP,52,0,35,11,4.2,52,A
419000789,2026-09-07 21:40:00,12.968963,80.234885,8.0,195.0,195.0,TUG OCEAN PRIDE,IMO9199200,ATOP,52,0,35,11,4.2,52,A
419000789,2026-09-07 21:45:00,12.958105,80.232058,8.0,195.0,195.0,TUG OCEAN PRIDE,IMO9199200,ATOP,52,0,35,11,4.2,52,A
419000789,2026-09-07 21:50:00,12.947455,80.229132,8.0,195.0,195.0,TUG OCEAN PRIDE,IMO9199200,ATOP,52,0,35,11,4.2,52,A
419000789,2026-09-07 21:55:00,12.9368,80.226174,8.0,195.0,195.0,TUG OCEAN PRIDE,IMO9199200,ATOP,52,0,35,11,4.2,52,A
419000789,2026-09-07 22:00:00,12.925939,80.223094,8.0,195.0,195.0,TUG OCEAN PRIDE,IMO9199200,ATOP,52,0,35,11,4.2,52,A
419000789,2026-09-07 22:05:00,12.915167,80.220167,8.0,195.0,195.0,TUG OCEAN PRIDE,IMO9199200,ATOP,52,0,35,11,4.2,52,A
419000789,2026-09-07 22:10:00,12.904607,80.217235,8.0,195.0,195.0,TUG OCEAN PRIDE,IMO9199200,ATOP,52,0,35,11,4.2,52,A
419000789,2026-09-07 22:15:00,12.893787,80.214255,8.0,195.0,195.0,TUG OCEAN PRIDE,IMO9199200,ATOP,52,0,35,11,4.2,52,A
419000789,2026-09-07 22:20:00,12.883079,80.211371,8.0,195.0,195.0,TUG OCEAN PRIDE,IMO9199200,ATOP,52,0,35,11,4.2,52,A
419000789,2026-09-07 22:25:00,12.872322,80.208388,8.0,195.0,195.0,TUG OCEAN PRIDE,IMO9199200,ATOP,52,0,35,11,4.2,52,A
419000789,2026-09-07 22:30:00,12.861538,80.205395,8.0,195.0,195.0,TUG OCEAN PRIDE,IMO9199200,ATOP,52,0,35,11,4.2,52,A
419000789,2026-09-07 22:35:00,12.850865,80.202439,8.0,195.0,195.0,TUG OCEAN PRIDE,IMO9199200,ATOP,52,0,35,11,4.2,52,A
419000789,2026-09-07 22:40:00,12.840137,80.199502,8.0,195.0,195.0,TUG OCEAN PRIDE,IMO9199200,ATOP,52,0,35,11,4.2,52,A
419000789,2026-09-07 22:45:00,12.829371,80.196585,8.0,195.0,195.0,TUG OCEAN PRIDE,IMO9199200,ATOP,52,0,35,11,4.2,52,A
419000789,2026-09-07 22:50:00,12.818606,80.193735,8.0,195.0,195.0,TUG OCEAN PRIDE,IMO9199200,ATOP,52,0,35,11,4.2,52,A
419000789,2026-09-07 22:55:00,12.807877,80.190594,8.0,195.0,195.0,TUG OCEAN PRIDE,IMO9199200,ATOP,52,0,35,11,4.2,52,A
419000789,2026-09-07 23:00:00,12.797267,80.187771,8.0,195.0,195.0,TUG OCEAN PRIDE,IMO9199200,ATOP,52,0,35,11,4.2,52,A
419000789,2026-09-07 23:05:00,12.786391,80.184711,8.0,195.0,195.0,TUG OCEAN PRIDE,IMO9199200,ATOP,52,0,35,11,4.2,52,A
419000789,2026-09-07 23:10:00,12.775839,80.181838,8.0,195.0,195.0,TUG OCEAN PRIDE,IMO9199200,ATOP,52,0,35,11,4.2,52,A
419000789,2026-09-07 23:15:00,12.764926,80.178833,8.0,195.0,195.0,TUG OCEAN PRIDE,IMO9199200,ATOP,52,0,35,11,4.2,52,A
419000789,2026-09-07 23:20:00,12.754204,80.175987,8.0,195.0,195.0,TUG OCEAN PRIDE,IMO9199200,ATOP,52,0,35,11,4.2,52,A
419000789,2026-09-07 23:25:00,12.743496,80.173062,8.0,195.0,195.0,TUG OCEAN PRIDE,IMO9199200,ATOP,52,0,35,11,4.2,52,A
419000789,2026-09-07 23:30:00,12.732792,80.169971,8.0,195.0,195.0,TUG OCEAN PRIDE,IMO9199200,ATOP,52,0,35,11,4.2,52,A
419000789,2026-09-07 23:35:00,12.722009,80.167046,8.0,195.0,195.0,TUG OCEAN PRIDE,IMO9199200,ATOP,52,0,35,11,4.2,52,A
419000789,2026-09-07 23:40:00,12.711337,80.164232,8.0,195.0,195.0,TUG OCEAN PRIDE,IMO9199200,ATOP,52,0,35,11,4.2,52,A
419000789,2026-09-07 23:45:00,12.700597,80.161173,8.0,195.0,195.0,TUG OCEAN PRIDE,IMO9199200,ATOP,52,0,35,11,4.2,52,A
419000789,2026-09-07 23:50:00,12.690003,80.158332,8.0,195.0,195.0,TUG OCEAN PRIDE,IMO9199200,ATOP,52,0,35,11,4.2,52,A
419000789,2026-09-07 23:55:00,12.679219,80.155312,8.0,195.0,195.0,TUG OCEAN PRIDE,IMO9199200,ATOP,52,0,35,11,4.2,52,A
419000789,2026-09-08 00:00:00,12.668372,80.15237,8.0,195.0,195.0,TUG OCEAN PRIDE,IMO9199200,ATOP,52,0,35,11,4.2,52,A
419000789,2026-09-08 00:05:00,12.657741,80.149349,8.0,195.0,195.0,TUG OCEAN PRIDE,IMO9199200,ATOP,52,0,35,11,4.2,52,A
419000789,2026-09-08 00:10:00,12.646951,80.146525,8.0,195.0,195.0,TUG OCEAN PRIDE,IMO9199200,ATOP,52,0,35,11,4.2,52,A
419000789,2026-09-08 00:15:00,12.636251,80.143435,8.0,195.0,195.0,TUG OCEAN PRIDE,IMO9199200,ATOP,52,0,35,11,4.2,52,A
419000789,2026-09-08 00:20:00,12.62555,80.140641,8.0,195.0,195.0,TUG OCEAN PRIDE,IMO9199200,ATOP,52,0,35,11,4.2,52,A
419000789,2026-09-08 00:25:00,12.614704,80.137539,8.0,195.0,195.0,TUG OCEAN PRIDE,IMO9199200,ATOP,52,0,35,11,4.2,52,A
419000789,2026-09-08 00:30:00,12.603997,80.13466,8.0,195.0,195.0,TUG OCEAN PRIDE,IMO9199200,ATOP,52,0,35,11,4.2,52,A
419000789,2026-09-08 00:35:00,12.593367,80.131724,8.0,195.0,195.0,TUG OCEAN PRIDE,IMO9199200,ATOP,52,0,35,11,4.2,52,A
419000789,2026-09-08 00:40:00,12.582565,80.128671,8.0,195.0,195.0,TUG OCEAN PRIDE,IMO9199200,ATOP,52,0,35,11,4.2,52,A
419000789,2026-09-08 00:45:00,12.571878,80.125888,8.0,195.0,195.0,TUG OCEAN PRIDE,IMO9199200,ATOP,52,0,35,11,4.2,52,A
419000789,2026-09-08 00:50:00,12.561227,80.122851,8.0,195.0,195.0,TUG OCEAN PRIDE,IMO9199200,ATOP,52,0,35,11,4.2,52,A
419000789,2026-09-08 00:55:00,12.550314,80.119874,8.0,195.0,195.0,TUG OCEAN PRIDE,IMO9199200,ATOP,52,0,35,11,4.2,52,A
419000789,2026-09-08 01:00:00,12.539632,80.116975,8.0,195.0,195.0,TUG OCEAN PRIDE,IMO9199200,ATOP,52,0,35,11,4.2,52,A
419000789,2026-09-08 01:05:00,12.528848,80.113968,8.0,195.0,195.0,TUG OCEAN PRIDE,IMO9199200,ATOP,52,0,35,11,4.2,52,A
419000789,2026-09-08 01:10:00,12.518192,80.1111,8.0,195.0,195.0,TUG OCEAN PRIDE,IMO9199200,ATOP,52,0,35,11,4.2,52,A
419000789,2026-09-08 01:15:00,12.507506,80.108147,8.0,195.0,195.0,TUG OCEAN PRIDE,IMO9199200,ATOP,52,0,35,11,4.2,52,A
419000789,2026-09-08 01:20:00,12.496703,80.105114,8.0,195.0,195.0,TUG OCEAN PRIDE,IMO9199200,ATOP,52,0,35,11,4.2,52,A
419000789,2026-09-08 01:25:00,12.485953,80.102276,8.0,195.0,195.0,TUG OCEAN PRIDE,IMO9199200,ATOP,52,0,35,11,4.2,52,A
419000789,2026-09-08 01:30:00,12.475276,80.099181,8.0,195.0,195.0,TUG OCEAN PRIDE,IMO9199200,ATOP,52,0,35,11,4.2,52,A
419000789,2026-09-08 01:35:00,12.464501,80.096389,8.0,195.0,195.0,TUG OCEAN PRIDE,IMO9199200,ATOP,52,0,35,11,4.2,52,A
419000789,2026-09-08 01:40:00,12.453825,80.09338,8.0,195.0,195.0,TUG OCEAN PRIDE,IMO9199200,ATOP,52,0,35,11,4.2,52,A
419000789,2026-09-08 01:45:00,12.443012,80.090339,8.0,195.0,195.0,TUG OCEAN PRIDE,IMO9199200,ATOP,52,0,35,11,4.2,52,A
419000789,2026-09-08 01:50:00,12.432403,80.087478,8.0,195.0,195.0,TUG OCEAN PRIDE,IMO9199200,ATOP,52,0,35,11,4.2,52,A
419000789,2026-09-08 01:55:00,12.421629,80.084578,8.0,195.0,195.0,TUG OCEAN PRIDE,IMO9199200,ATOP,52,0,35,11,4.2,52,A
419000789,2026-09-08 02:00:00,12.410847,80.081667,8.0,195.0,195.0,TUG OCEAN PRIDE,IMO9199200,ATOP,52,0,35,11,4.2,52,A
419000789,2026-09-08 02:05:00,12.400252,80.07861,8.0,195.0,195.0,TUG OCEAN PRIDE,IMO9199200,ATOP,52,0,35,11,4.2,52,A
419000789,2026-09-08 02:10:00,12.38949,80.075758,8.0,195.0,195.0,TUG OCEAN PRIDE,IMO9199200,ATOP,52,0,35,11,4.2,52,A
419000789,2026-09-08 02:15:00,12.378642,80.072755,8.0,195.0,195.0,TUG OCEAN PRIDE,IMO9199200,ATOP,52,0,35,11,4.2,52,A
419000789,2026-09-08 02:20:00,12.368048,80.069706,8.0,195.0,195.0,TUG OCEAN PRIDE,IMO9199200,ATOP,52,0,35,11,4.2,52,A
419000789,2026-09-08 02:25:00,12.357206,80.066776,8.0,195.0,195.0,TUG OCEAN PRIDE,IMO9199200,ATOP,52,0,35,11,4.2,52,A
419000789,2026-09-08 02:30:00,12.346444,80.063883,8.0,195.0,195.0,TUG OCEAN PRIDE,IMO9199200,ATOP,52,0,35,11,4.2,52,A
419000789,2026-09-08 02:35:00,12.335849,80.060966,8.0,195.0,195.0,TUG OCEAN PRIDE,IMO9199200,ATOP,52,0,35,11,4.2,52,A
419000789,2026-09-08 02:40:00,12.325006,80.058061,8.0,195.0,195.0,TUG OCEAN PRIDE,IMO9199200,ATOP,52,0,35,11,4.2,52,A
419000789,2026-09-08 02:45:00,12.314287,80.055039,8.0,195.0,195.0,TUG OCEAN PRIDE,IMO9199200,ATOP,52,0,35,11,4.2,52,A
419000789,2026-09-08 02:50:00,12.303582,80.052169,8.0,195.0,195.0,TUG OCEAN PRIDE,IMO9199200,ATOP,52,0,35,11,4.2,52,A
419000789,2026-09-08 02:55:00,12.292826,80.049102,8.0,195.0,195.0,TUG OCEAN PRIDE,IMO9199200,ATOP,52,0,35,11,4.2,52,A
419000789,2026-09-08 03:00:00,12.282181,80.046225,8.0,195.0,195.0,TUG OCEAN PRIDE,IMO9199200,ATOP,52,0,35,11,4.2,52,A
419000789,2026-09-08 03:05:00,12.271418,80.043255,8.0,195.0,195.0,TUG OCEAN PRIDE,IMO9199200,ATOP,52,0,35,11,4.2,52,A
419000789,2026-09-08 03:10:00,12.260662,80.040299,8.0,195.0,195.0,TUG OCEAN PRIDE,IMO9199200,ATOP,52,0,35,11,4.2,52,A
419000789,2026-09-08 03:15:00,12.249902,80.037405,8.0,195.0,195.0,TUG OCEAN PRIDE,IMO9199200,ATOP,52,0,35,11,4.2,52,A
419000789,2026-09-08 03:20:00,12.239272,80.034411,8.0,195.0,195.0,TUG OCEAN PRIDE,IMO9199200,ATOP,52,0,35,11,4.2,52,A
419000789,2026-09-08 03:25:00,12.228557,80.031379,8.0,195.0,195.0,TUG OCEAN PRIDE,IMO9199200,ATOP,52,0,35,11,4.2,52,A
419001022,2026-09-07 17:30:00,18.323282,84.174162,13.0,225.0,225.0,MV INDIAN MARINER 22,IMO9001022,AT22,70,0,216,32,11.0,70,A
419001022,2026-09-07 17:35:00,18.310583,84.160626,13.0,225.0,225.0,MV INDIAN MARINER 22,IMO9001022,AT22,70,0,216,32,11.0,70,A
419001022,2026-09-07 17:40:00,18.297731,84.147284,13.0,225.0,225.0,MV INDIAN MARINER 22,IMO9001022,AT22,70,0,216,32,11.0,70,A
419001022,2026-09-07 17:45:00,18.284964,84.133875,13.0,225.0,225.0,MV INDIAN MARINER 22,IMO9001022,AT22,70,0,216,32,11.0,70,A
419001022,2026-09-07 17:50:00,18.272203,84.120503,13.0,225.0,225.0,MV INDIAN MARINER 22,IMO9001022,AT22,70,0,216,32,11.0,70,A
419001022,2026-09-07 17:55:00,18.259597,84.10706,13.0,225.0,225.0,MV INDIAN MARINER 22,IMO9001022,AT22,70,0,216,32,11.0,70,A
419001022,2026-09-07 18:00:00,18.246854,84.093742,13.0,225.0,225.0,MV INDIAN MARINER 22,IMO9001022,AT22,70,0,216,32,11.0,70,A
419001022,2026-09-07 18:05:00,18.23398,84.080386,13.0,225.0,225.0,MV INDIAN MARINER 22,IMO9001022,AT22,70,0,216,32,11.0,70,A
419001022,2026-09-07 18:10:00,18.221192,84.066949,13.0,225.0,225.0,MV INDIAN MARINER 22,IMO9001022,AT22,70,0,216,32,11.0,70,A
419001022,2026-09-07 18:15:00,18.208547,84.053605,13.0,225.0,225.0,MV INDIAN MARINER 22,IMO9001022,AT22,70,0,216,32,11.0,70,A
419001022,2026-09-07 18:20:00,18.195742,84.04028,13.0,225.0,225.0,MV INDIAN MARINER 22,IMO9001022,AT22,70,0,216,32,11.0,70,A
419001022,2026-09-07 18:25:00,18.182854,84.026842,13.0,225.0,225.0,MV INDIAN MARINER 22,IMO9001022,AT22,70,0,216,32,11.0,70,A
419001022,2026-09-07 18:30:00,18.17013,84.013327,13.0,225.0,225.0,MV INDIAN MARINER 22,IMO9001022,AT22,70,0,216,32,11.0,70,A
419001022,2026-09-07 18:35:00,18.157418,83.999952,13.0,225.0,225.0,MV INDIAN MARINER 22,IMO9001022,AT22,70,0,216,32,11.0,70,A
419001022,2026-09-07 18:40:00,18.14455,83.986605,13.0,225.0,225.0,MV INDIAN MARINER 22,IMO9001022,AT22,70,0,216,32,11.0,70,A
419001022,2026-09-07 18:45:00,18.131898,83.973172,13.0,225.0,225.0,MV INDIAN MARINER 22,IMO9001022,AT22,70,0,216,32,11.0,70,A
419001022,2026-09-07 18:50:00,18.119116,83.959867,13.0,225.0,225.0,MV INDIAN MARINER 22,IMO9001022,AT22,70,0,216,32,11.0,70,A
419001022,2026-09-07 18:55:00,18.106296,83.946479,13.0,225.0,225.0,MV INDIAN MARINER 22,IMO9001022,AT22,70,0,216,32,11.0,70,A
419001022,2026-09-07 19:00:00,18.093563,83.933007,13.0,225.0,225.0,MV INDIAN MARINER 22,IMO9001022,AT22,70,0,216,32,11.0,70,A
419001022,2026-09-07 19:05:00,18.080779,83.919739,13.0,225.0,225.0,MV INDIAN MARINER 22,IMO9001022,AT22,70,0,216,32,11.0,70,A
419001022,2026-09-07 19:10:00,18.068129,83.906216,13.0,225.0,225.0,MV INDIAN MARINER 22,IMO9001022,AT22,70,0,216,32,11.0,70,A
419001022,2026-09-07 19:15:00,18.055334,83.89292,13.0,225.0,225.0,MV INDIAN MARINER 22,IMO9001022,AT22,70,0,216,32,11.0,70,A
419001022,2026-09-07 19:20:00,18.042596,83.879484,13.0,225.0,225.0,MV INDIAN MARINER 22,IMO9001022,AT22,70,0,216,32,11.0,70,A
419001022,2026-09-07 19:25:00,18.029774,83.866069,13.0,225.0,225.0,MV INDIAN MARINER 22,IMO9001022,AT22,70,0,216,32,11.0,70,A
419001022,2026-09-07 19:30:00,18.016973,83.8528,13.0,225.0,225.0,MV INDIAN MARINER 22,IMO9001022,AT22,70,0,216,32,11.0,70,A
419001022,2026-09-07 19:35:00,18.004296,83.839439,13.0,225.0,225.0,MV INDIAN MARINER 22,IMO9001022,AT22,70,0,216,32,11.0,70,A
419001022,2026-09-07 19:40:00,17.991464,83.82596,13.0,225.0,225.0,MV INDIAN MARINER 22,IMO9001022,AT22,70,0,216,32,11.0,70,A
419001022,2026-09-07 19:45:00,17.97877,83.812525,13.0,225.0,225.0,MV INDIAN MARINER 22,IMO9001022,AT22,70,0,216,32,11.0,70,A
419001022,2026-09-07 19:50:00,17.96587,83.799195,13.0,225.0,225.0,MV INDIAN MARINER 22,IMO9001022,AT22,70,0,216,32,11.0,70,A
419001022,2026-09-07 19:55:00,17.953271,83.785877,13.0,225.0,225.0,MV INDIAN MARINER 22,IMO9001022,AT22,70,0,216,32,11.0,70,A
419001022,2026-09-07 20:00:00,17.940309,83.772519,13.0,225.0,225.0,MV INDIAN MARINER 22,IMO9001022,AT22,70,0,216,32,11.0,70,A
419001022,2026-09-07 20:05:00,17.92767,83.759072,13.0,225.0,225.0,MV INDIAN MARINER 22,IMO9001022,AT22,70,0,216,32,11.0,70,A
419001022,2026-09-07 20:10:00,17.914963,83.745584,13.0,225.0,225.0,MV INDIAN MARINER 22,IMO9001022,AT22,70,0,216,32,11.0,70,A
419001022,2026-09-07 20:15:00,17.902082,83.732244,13.0,225.0,225.0,MV INDIAN MARINER 22,IMO9001022,AT22,70,0,216,32,11.0,70,A
419001022,2026-09-07 20:20:00,17.88933,83.718927,13.0,225.0,225.0,MV INDIAN MARINER 22,IMO9001022,AT22,70,0,216,32,11.0,70,A
419001022,2026-09-07 20:25:00,17.876609,83.705552,13.0,225.0,225.0,MV INDIAN MARINER 22,IMO9001022,AT22,70,0,216,32,11.0,70,A
419001022,2026-09-07 20:30:00,17.863759,83.692022,13.0,225.0,225.0,MV INDIAN MARINER 22,IMO9001022,AT22,70,0,216,32,11.0,70,A
419001022,2026-09-07 20:35:00,17.85114,83.678706,13.0,225.0,225.0,MV INDIAN MARINER 22,IMO9001022,AT22,70,0,216,32,11.0,70,A
419001022,2026-09-07 20:40:00,17.838365,83.665287,13.0,225.0,225.0,MV INDIAN MARINER 22,IMO9001022,AT22,70,0,216,32,11.0,70,A
419001022,2026-09-07 20:45:00,17.825504,83.651943,13.0,225.0,225.0,MV INDIAN MARINER 22,IMO9001022,AT22,70,0,216,32,11.0,70,A
419001022,2026-09-07 20:50:00,17.812759,83.638509,13.0,225.0,225.0,MV INDIAN MARINER 22,IMO9001022,AT22,70,0,216,32,11.0,70,A
419001022,2026-09-07 20:55:00,17.800045,83.625204,13.0,225.0,225.0,MV INDIAN MARINER 22,IMO9001022,AT22,70,0,216,32,11.0,70,A
419001022,2026-09-07 21:00:00,17.787135,83.611845,13.0,225.0,225.0,MV INDIAN MARINER 22,IMO9001022,AT22,70,0,216,32,11.0,70,A
419001022,2026-09-07 21:05:00,17.774417,83.598354,13.0,225.0,225.0,MV INDIAN MARINER 22,IMO9001022,AT22,70,0,216,32,11.0,70,A
419001022,2026-09-07 21:10:00,17.761668,83.585053,13.0,225.0,225.0,MV INDIAN MARINER 22,IMO9001022,AT22,70,0,216,32,11.0,70,A
419001022,2026-09-07 21:15:00,17.748986,83.571656,13.0,225.0,225.0,MV INDIAN MARINER 22,IMO9001022,AT22,70,0,216,32,11.0,70,A
419001022,2026-09-07 21:20:00,17.73611,83.558238,13.0,225.0,225.0,MV INDIAN MARINER 22,IMO9001022,AT22,70,0,216,32,11.0,70,A
419001022,2026-09-07 21:25:00,17.723399,83.544725,13.0,225.0,225.0,MV INDIAN MARINER 22,IMO9001022,AT22,70,0,216,32,11.0,70,A
419001022,2026-09-07 21:30:00,17.710663,83.531414,13.0,225.0,225.0,MV INDIAN MARINER 22,IMO9001022,AT22,70,0,216,32,11.0,70,A
419001022,2026-09-07 21:35:00,17.697881,83.518017,13.0,225.0,225.0,MV INDIAN MARINER 22,IMO9001022,AT22,70,0,216,32,11.0,70,A
419001022,2026-09-07 21:40:00,17.685084,83.504662,13.0,225.0,225.0,MV INDIAN MARINER 22,IMO9001022,AT22,70,0,216,32,11.0,70,A
419001022,2026-09-07 21:45:00,17.672349,83.491198,13.0,225.0,225.0,MV INDIAN MARINER 22,IMO9001022,AT22,70,0,216,32,11.0,70,A
419001022,2026-09-07 21:50:00,17.659547,83.477894,13.0,225.0,225.0,MV INDIAN MARINER 22,IMO9001022,AT22,70,0,216,32,11.0,70,A
419001022,2026-09-07 21:55:00,17.646758,83.464394,13.0,225.0,225.0,MV INDIAN MARINER 22,IMO9001022,AT22,70,0,216,32,11.0,70,A
419001022,2026-09-07 22:00:00,17.634086,83.451183,13.0,225.0,225.0,MV INDIAN MARINER 22,IMO9001022,AT22,70,0,216,32,11.0,70,A
419001022,2026-09-07 22:05:00,17.621244,83.437776,13.0,225.0,225.0,MV INDIAN MARINER 22,IMO9001022,AT22,70,0,216,32,11.0,70,A
419001022,2026-09-07 22:10:00,17.608587,83.424375,13.0,225.0,225.0,MV INDIAN MARINER 22,IMO9001022,AT22,70,0,216,32,11.0,70,A
419001022,2026-09-07 22:15:00,17.595703,83.410934,13.0,225.0,225.0,MV INDIAN MARINER 22,IMO9001022,AT22,70,0,216,32,11.0,70,A
419001022,2026-09-07 22:20:00,17.58292,83.397503,13.0,225.0,225.0,MV INDIAN MARINER 22,IMO9001022,AT22,70,0,216,32,11.0,70,A
419001022,2026-09-07 22:25:00,17.570198,83.384084,13.0,225.0,225.0,MV INDIAN MARINER 22,IMO9001022,AT22,70,0,216,32,11.0,70,A
419001022,2026-09-07 22:30:00,17.557412,83.370754,13.0,225.0,225.0,MV INDIAN MARINER 22,IMO9001022,AT22,70,0,216,32,11.0,70,A
419001022,2026-09-07 22:35:00,17.544735,83.357478,13.0,225.0,225.0,MV INDIAN MARINER 22,IMO9001022,AT22,70,0,216,32,11.0,70,A
419001022,2026-09-07 22:40:00,17.531839,83.343927,13.0,225.0,225.0,MV INDIAN MARINER 22,IMO9001022,AT22,70,0,216,32,11.0,70,A
419001022,2026-09-07 22:45:00,17.519126,83.330553,13.0,225.0,225.0,MV INDIAN MARINER 22,IMO9001022,AT22,70,0,216,32,11.0,70,A
419001022,2026-09-07 22:50:00,17.506347,83.317172,13.0,225.0,225.0,MV INDIAN MARINER 22,IMO9001022,AT22,70,0,216,32,11.0,70,A
419001022,2026-09-07 22:55:00,17.493572,83.303897,13.0,225.0,225.0,MV INDIAN MARINER 22,IMO9001022,AT22,70,0,216,32,11.0,70,A
419001022,2026-09-07 23:00:00,17.480873,83.290381,13.0,225.0,225.0,MV INDIAN MARINER 22,IMO9001022,AT22,70,0,216,32,11.0,70,A
419001022,2026-09-07 23:05:00,17.468144,83.277039,13.0,225.0,225.0,MV INDIAN MARINER 22,IMO9001022,AT22,70,0,216,32,11.0,70,A
419001022,2026-09-07 23:10:00,17.455304,83.263689,13.0,225.0,225.0,MV INDIAN MARINER 22,IMO9001022,AT22,70,0,216,32,11.0,70,A
419001022,2026-09-07 23:15:00,17.44265,83.250207,13.0,225.0,225.0,MV INDIAN MARINER 22,IMO9001022,AT22,70,0,216,32,11.0,70,A
419001022,2026-09-07 23:20:00,17.42987,83.236938,13.0,225.0,225.0,MV INDIAN MARINER 22,IMO9001022,AT22,70,0,216,32,11.0,70,A
419001022,2026-09-07 23:25:00,17.417045,83.223443,13.0,225.0,225.0,MV INDIAN MARINER 22,IMO9001022,AT22,70,0,216,32,11.0,70,A
419001022,2026-09-07 23:30:00,17.404302,83.210005,13.0,225.0,225.0,MV INDIAN MARINER 22,IMO9001022,AT22,70,0,216,32,11.0,70,A
419001022,2026-09-07 23:35:00,17.391603,83.196744,13.0,225.0,225.0,MV INDIAN MARINER 22,IMO9001022,AT22,70,0,216,32,11.0,70,A
419001022,2026-09-07 23:40:00,17.378712,83.183391,13.0,225.0,225.0,MV INDIAN MARINER 22,IMO9001022,AT22,70,0,216,32,11.0,70,A
419001022,2026-09-07 23:45:00,17.366069,83.170005,13.0,225.0,225.0,MV INDIAN MARINER 22,IMO9001022,AT22,70,0,216,32,11.0,70,A
419001022,2026-09-07 23:50:00,17.353263,83.15661,13.0,225.0,225.0,MV INDIAN MARINER 22,IMO9001022,AT22,70,0,216,32,11.0,70,A
419001022,2026-09-07 23:55:00,17.340515,83.143187,13.0,225.0,225.0,MV INDIAN MARINER 22,IMO9001022,AT22,70,0,216,32,11.0,70,A
419001022,2026-09-08 00:00:00,17.327771,83.129865,13.0,225.0,225.0,MV INDIAN MARINER 22,IMO9001022,AT22,70,0,216,32,11.0,70,A
419001022,2026-09-08 00:05:00,17.31498,83.116456,13.0,225.0,225.0,MV INDIAN MARINER 22,IMO9001022,AT22,70,0,216,32,11.0,70,A
419001022,2026-09-08 00:10:00,17.302071,83.103062,13.0,225.0,225.0,MV INDIAN MARINER 22,IMO9001022,AT22,70,0,216,32,11.0,70,A
419001022,2026-09-08 00:15:00,17.289486,83.089626,13.0,225.0,225.0,MV INDIAN MARINER 22,IMO9001022,AT22,70,0,216,32,11.0,70,A
419001022,2026-09-08 00:20:00,17.276724,83.076223,13.0,225.0,225.0,MV INDIAN MARINER 22,IMO9001022,AT22,70,0,216,32,11.0,70,A
419001022,2026-09-08 00:25:00,17.263929,83.06291,13.0,225.0,225.0,MV INDIAN MARINER 22,IMO9001022,AT22,70,0,216,32,11.0,70,A
419001022,2026-09-08 00:30:00,17.251159,83.049388,13.0,225.0,225.0,MV INDIAN MARINER 22,IMO9001022,AT22,70,0,216,32,11.0,70,A
419001022,2026-09-08 00:35:00,17.238244,83.035987,13.0,225.0,225.0,MV INDIAN MARINER 22,IMO9001022,AT22,70,0,216,32,11.0,70,A
419001022,2026-09-08 00:40:00,17.225661,83.022666,13.0,225.0,225.0,MV INDIAN MARINER 22,IMO9001022,AT22,70,0,216,32,11.0,70,A
419001022,2026-09-08 00:45:00,17.212849,83.009182,13.0,225.0,225.0,MV INDIAN MARINER 22,IMO9001022,AT22,70,0,216,32,11.0,70,A
419001022,2026-09-08 00:50:00,17.199949,82.995841,13.0,225.0,225.0,MV INDIAN MARINER 22,IMO9001022,AT22,70,0,216,32,11.0,70,A
419001022,2026-09-08 00:55:00,17.187282,82.982437,13.0,225.0,225.0,MV INDIAN MARINER 22,IMO9001022,AT22,70,0,216,32,11.0,70,A
419001022,2026-09-08 01:00:00,17.17446,82.969056,13.0,225.0,225.0,MV INDIAN MARINER 22,IMO9001022,AT22,70,0,216,32,11.0,70,A
419001022,2026-09-08 01:05:00,17.161838,82.955761,13.0,225.0,225.0,MV INDIAN MARINER 22,IMO9001022,AT22,70,0,216,32,11.0,70,A
419001022,2026-09-08 01:10:00,17.148887,82.942341,13.0,225.0,225.0,MV INDIAN MARINER 22,IMO9001022,AT22,70,0,216,32,11.0,70,A
419001022,2026-09-08 01:15:00,17.136318,82.928994,13.0,225.0,225.0,MV INDIAN MARINER 22,IMO9001022,AT22,70,0,216,32,11.0,70,A
419001022,2026-09-08 01:20:00,17.123439,82.915474,13.0,225.0,225.0,MV INDIAN MARINER 22,IMO9001022,AT22,70,0,216,32,11.0,70,A
419001022,2026-09-08 01:25:00,17.110695,82.902238,13.0,225.0,225.0,MV INDIAN MARINER 22,IMO9001022,AT22,70,0,216,32,11.0,70,A
419001022,2026-09-08 01:30:00,17.098014,82.888861,13.0,225.0,225.0,MV INDIAN MARINER 22,IMO9001022,AT22,70,0,216,32,11.0,70,A
419001022,2026-09-08 01:35:00,17.085185,82.875299,13.0,225.0,225.0,MV INDIAN MARINER 22,IMO9001022,AT22,70,0,216,32,11.0,70,A
419001022,2026-09-08 01:40:00,17.072445,82.861935,13.0,225.0,225.0,MV INDIAN MARINER 22,IMO9001022,AT22,70,0,216,32,11.0,70,A
419001022,2026-09-08 01:45:00,17.059662,82.848541,13.0,225.0,225.0,MV INDIAN MARINER 22,IMO9001022,AT22,70,0,216,32,11.0,70,A
419001022,2026-09-08 01:50:00,17.046941,82.835315,13.0,225.0,225.0,MV INDIAN MARINER 22,IMO9001022,AT22,70,0,216,32,11.0,70,A
419001022,2026-09-08 01:55:00,17.034094,82.821805,13.0,225.0,225.0,MV INDIAN MARINER 22,IMO9001022,AT22,70,0,216,32,11.0,70,A
419001022,2026-09-08 02:00:00,17.021373,82.808502,13.0,225.0,225.0,MV INDIAN MARINER 22,IMO9001022,AT22,70,0,216,32,11.0,70,A
419001022,2026-09-08 02:05:00,17.008534,82.795143,13.0,225.0,225.0,MV INDIAN MARINER 22,IMO9001022,AT22,70,0,216,32,11.0,70,A
419001022,2026-09-08 02:10:00,16.99584,82.781673,13.0,225.0,225.0,MV INDIAN MARINER 22,IMO9001022,AT22,70,0,216,32,11.0,70,A
419001022,2026-09-08 02:15:00,16.982988,82.768315,13.0,225.0,225.0,MV INDIAN MARINER 22,IMO9001022,AT22,70,0,216,32,11.0,70,A
419001022,2026-09-08 02:20:00,16.970247,82.754797,13.0,225.0,225.0,MV INDIAN MARINER 22,IMO9001022,AT22,70,0,216,32,11.0,70,A
419001022,2026-09-08 02:25:00,16.957464,82.741563,13.0,225.0,225.0,MV INDIAN MARINER 22,IMO9001022,AT22,70,0,216,32,11.0,70,A
419001022,2026-09-08 02:30:00,16.944749,82.728129,13.0,225.0,225.0,MV INDIAN MARINER 22,IMO9001022,AT22,70,0,216,32,11.0,70,A
419001022,2026-09-08 02:35:00,16.931978,82.714656,13.0,225.0,225.0,MV INDIAN MARINER 22,IMO9001022,AT22,70,0,216,32,11.0,70,A
419001022,2026-09-08 02:40:00,16.919232,82.701266,13.0,225.0,225.0,MV INDIAN MARINER 22,IMO9001022,AT22,70,0,216,32,11.0,70,A
419001022,2026-09-08 02:45:00,16.906511,82.687922,13.0,225.0,225.0,MV INDIAN MARINER 22,IMO9001022,AT22,70,0,216,32,11.0,70,A
419001022,2026-09-08 02:50:00,16.893759,82.67451,13.0,225.0,225.0,MV INDIAN MARINER 22,IMO9001022,AT22,70,0,216,32,11.0,70,A
419001022,2026-09-08 02:55:00,16.880826,82.661104,13.0,225.0,225.0,MV INDIAN MARINER 22,IMO9001022,AT22,70,0,216,32,11.0,70,A
419001022,2026-09-08 03:00:00,16.868156,82.64776,13.0,225.0,225.0,MV INDIAN MARINER 22,IMO9001022,AT22,70,0,216,32,11.0,70,A
419001022,2026-09-08 03:05:00,16.855306,82.634389,13.0,225.0,225.0,MV INDIAN MARINER 22,IMO9001022,AT22,70,0,216,32,11.0,70,A
419001022,2026-09-08 03:10:00,16.842645,82.620925,13.0,225.0,225.0,MV INDIAN MARINER 22,IMO9001022,AT22,70,0,216,32,11.0,70,A
419001022,2026-09-08 03:15:00,16.829883,82.60757,13.0,225.0,225.0,MV INDIAN MARINER 22,IMO9001022,AT22,70,0,216,32,11.0,70,A
419001022,2026-09-08 03:20:00,16.817195,82.594323,13.0,225.0,225.0,MV INDIAN MARINER 22,IMO9001022,AT22,70,0,216,32,11.0,70,A
419001022,2026-09-08 03:25:00,16.804264,82.580847,13.0,225.0,225.0,MV INDIAN MARINER 22,IMO9001022,AT22,70,0,216,32,11.0,70,A
419001023,2026-09-07 17:30:00,9.538306,78.677608,14.0,80.0,80.0,MV INDIAN MARINER 23,IMO9001023,AT23,30,0,219,33,12.0,30,B
419001023,2026-09-07 17:35:00,9.541764,78.696975,14.0,80.0,80.0,MV INDIAN MARINER 23,IMO9001023,AT23,30,0,219,33,12.0,30,B
419001023,2026-09-07 17:40:00,9.544988,78.716571,14.0,80.0,80.0,MV INDIAN MARINER 23,IMO9001023,AT23,30,0,219,33,12.0,30,B
419001023,2026-09-07 17:45:00,9.548382,78.735942,14.0,80.0,80.0,MV INDIAN MARINER 23,IMO9001023,AT23,30,0,219,33,12.0,30,B
419001023,2026-09-07 17:50:00,9.551787,78.755307,14.0,80.0,80.0,MV INDIAN MARINER 23,IMO9001023,AT23,30,0,219,33,12.0,30,B
419001023,2026-09-07 17:55:00,9.555222,78.774802,14.0,80.0,80.0,MV INDIAN MARINER 23,IMO9001023,AT23,30,0,219,33,12.0,30,B
419001023,2026-09-07 18:00:00,9.558513,78.794094,14.0,80.0,80.0,MV INDIAN MARINER 23,IMO9001023,AT23,30,0,219,33,12.0,30,B
419001023,2026-09-07 18:05:00,9.561845,78.813525,14.0,80.0,80.0,MV INDIAN MARINER 23,IMO9001023,AT23,30,0,219,33,12.0,30,B
419001023,2026-09-07 18:10:00,9.565335,78.832977,14.0,80.0,80.0,MV INDIAN MARINER 23,IMO9001023,AT23,30,0,219,33,12.0,30,B
419001023,2026-09-07 18:15:00,9.568666,78.852415,14.0,80.0,80.0,MV INDIAN MARINER 23,IMO9001023,AT23,30,0,219,33,12.0,30,B
419001023,2026-09-07 18:20:00,9.572026,78.871877,14.0,80.0,80.0,MV INDIAN MARINER 23,IMO9001023,AT23,30,0,219,33,12.0,30,B
419001023,2026-09-07 18:25:00,9.575395,78.891328,14.0,80.0,80.0,MV INDIAN MARINER 23,IMO9001023,AT23,30,0,219,33,12.0,30,B
419001023,2026-09-07 18:30:00,9.57884,78.910724,14.0,80.0,80.0,MV INDIAN MARINER 23,IMO9001023,AT23,30,0,219,33,12.0,30,B
419001023,2026-09-07 18:35:00,9.582096,78.930178,14.0,80.0,80.0,MV INDIAN MARINER 23,IMO9001023,AT23,30,0,219,33,12.0,30,B
419001023,2026-09-07 18:40:00,9.585523,78.949541,14.0,80.0,80.0,MV INDIAN MARINER 23,IMO9001023,AT23,30,0,219,33,12.0,30,B
419001023,2026-09-07 18:45:00,9.589043,78.969052,14.0,80.0,80.0,MV INDIAN MARINER 23,IMO9001023,AT23,30,0,219,33,12.0,30,B
419001023,2026-09-07 18:50:00,9.592306,78.988357,14.0,80.0,80.0,MV INDIAN MARINER 23,IMO9001023,AT23,30,0,219,33,12.0,30,B
419001023,2026-09-07 18:55:00,9.595768,79.007952,14.0,80.0,80.0,MV INDIAN MARINER 23,IMO9001023,AT23,30,0,219,33,12.0,30,B
419001023,2026-09-07 19:00:00,9.598971,79.027205,14.0,80.0,80.0,MV INDIAN MARINER 23,IMO9001023,AT23,30,0,219,33,12.0,30,B
419001023,2026-09-07 19:05:00,9.602413,79.046773,14.0,80.0,80.0,MV INDIAN MARINER 23,IMO9001023,AT23,30,0,219,33,12.0,30,B
419001023,2026-09-07 19:10:00,9.605839,79.06613,14.0,80.0,80.0,MV INDIAN MARINER 23,IMO9001023,AT23,30,0,219,33,12.0,30,B
419001023,2026-09-07 19:15:00,9.609286,79.08556,14.0,80.0,80.0,MV INDIAN MARINER 23,IMO9001023,AT23,30,0,219,33,12.0,30,B
419001023,2026-09-07 19:20:00,9.612579,79.104913,14.0,80.0,80.0,MV INDIAN MARINER 23,IMO9001023,AT23,30,0,219,33,12.0,30,B
419001023,2026-09-07 19:25:00,9.615935,79.12448,14.0,80.0,80.0,MV INDIAN MARINER 23,IMO9001023,AT23,30,0,219,33,12.0,30,B
419001023,2026-09-07 19:30:00,9.619405,79.14379,14.0,80.0,80.0,MV INDIAN MARINER 23,IMO9001023,AT23,30,0,219,33,12.0,30,B
419001023,2026-09-07 19:35:00,9.622769,79.163358,14.0,80.0,80.0,MV INDIAN MARINER 23,IMO9001023,AT23,30,0,219,33,12.0,30,B
419001023,2026-09-07 19:40:00,9.626101,79.182706,14.0,80.0,80.0,MV INDIAN MARINER 23,IMO9001023,AT23,30,0,219,33,12.0,30,B
419001023,2026-09-07 19:45:00,9.629462,79.202035,14.0,80.0,80.0,MV INDIAN MARINER 23,IMO9001023,AT23,30,0,219,33,12.0,30,B
419001023,2026-09-07 19:50:00,9.632743,79.221581,14.0,80.0,80.0,MV INDIAN MARINER 23,IMO9001023,AT23,30,0,219,33,12.0,30,B
419001023,2026-09-07 19:55:00,9.636285,79.241008,14.0,80.0,80.0,MV INDIAN MARINER 23,IMO9001023,AT23,30,0,219,33,12.0,30,B
419001023,2026-09-07 20:00:00,9.639613,79.260504,14.0,80.0,80.0,MV INDIAN MARINER 23,IMO9001023,AT23,30,0,219,33,12.0,30,B
419001023,2026-09-07 20:05:00,9.642976,79.279809,14.0,80.0,80.0,MV INDIAN MARINER 23,IMO9001023,AT23,30,0,219,33,12.0,30,B
419001023,2026-09-07 20:10:00,9.646265,79.299334,14.0,80.0,80.0,MV INDIAN MARINER 23,IMO9001023,AT23,30,0,219,33,12.0,30,B
419001023,2026-09-07 20:15:00,9.649774,79.318738,14.0,80.0,80.0,MV INDIAN MARINER 23,IMO9001023,AT23,30,0,219,33,12.0,30,B
419001023,2026-09-07 20:20:00,9.653182,79.33807,14.0,80.0,80.0,MV INDIAN MARINER 23,IMO9001023,AT23,30,0,219,33,12.0,30,B
419001023,2026-09-07 20:25:00,9.656528,79.357557,14.0,80.0,80.0,MV INDIAN MARINER 23,IMO9001023,AT23,30,0,219,33,12.0,30,B
419001023,2026-09-07 20:30:00,9.659891,79.37697,14.0,80.0,80.0,MV INDIAN MARINER 23,IMO9001023,AT23,30,0,219,33,12.0,30,B
419001023,2026-09-07 20:35:00,9.663277,79.396403,14.0,80.0,80.0,MV INDIAN MARINER 23,IMO9001023,AT23,30,0,219,33,12.0,30,B
419001023,2026-09-07 20:40:00,9.666686,79.415901,14.0,80.0,80.0,MV INDIAN MARINER 23,IMO9001023,AT23,30,0,219,33,12.0,30,B
419001023,2026-09-07 20:45:00,9.670014,79.435313,14.0,80.0,80.0,MV INDIAN MARINER 23,IMO9001023,AT23,30,0,219,33,12.0,30,B
419001023,2026-09-07 20:50:00,9.673338,79.454691,14.0,80.0,80.0,MV INDIAN MARINER 23,IMO9001023,AT23,30,0,219,33,12.0,30,B
419001023,2026-09-07 20:55:00,9.676633,79.474024,14.0,80.0,80.0,MV INDIAN MARINER 23,IMO9001023,AT23,30,0,219,33,12.0,30,B
419001023,2026-09-07 21:00:00,9.68001,79.49349,14.0,80.0,80.0,MV INDIAN MARINER 23,IMO9001023,AT23,30,0,219,33,12.0,30,B
419001023,2026-09-07 21:05:00,9.683425,79.512998,14.0,80.0,80.0,MV INDIAN MARINER 23,IMO9001023,AT23,30,0,219,33,12.0,30,B
419001023,2026-09-07 21:10:00,9.686873,79.532271,14.0,80.0,80.0,MV INDIAN MARINER 23,IMO9001023,AT23,30,0,219,33,12.0,30,B
419001023,2026-09-07 21:15:00,9.690128,79.551815,14.0,80.0,80.0,MV INDIAN MARINER 23,IMO9001023,AT23,30,0,219,33,12.0,30,B
419001023,2026-09-07 21:20:00,9.693631,79.571265,14.0,80.0,80.0,MV INDIAN MARINER 23,IMO9001023,AT23,30,0,219,33,12.0,30,B
419001023,2026-09-07 21:25:00,9.696929,79.590622,14.0,80.0,80.0,MV INDIAN MARINER 23,IMO9001023,AT23,30,0,219,33,12.0,30,B
419001023,2026-09-07 21:30:00,9.700399,79.610105,14.0,80.0,80.0,MV INDIAN MARINER 23,IMO9001023,AT23,30,0,219,33,12.0,30,B
419001023,2026-09-07 21:35:00,9.703698,79.629414,14.0,80.0,80.0,MV INDIAN MARINER 23,IMO9001023,AT23,30,0,219,33,12.0,30,B
419001023,2026-09-07 21:40:00,9.70705,79.648997,14.0,80.0,80.0,MV INDIAN MARINER 23,IMO9001023,AT23,30,0,219,33,12.0,30,B
419001023,2026-09-07 21:45:00,9.710387,79.668333,14.0,80.0,80.0,MV INDIAN MARINER 23,IMO9001023,AT23,30,0,219,33,12.0,30,B
419001023,2026-09-07 21:50:00,9.713837,79.687857,14.0,80.0,80.0,MV INDIAN MARINER 23,IMO9001023,AT23,30,0,219,33,12.0,30,B
419001023,2026-09-07 21:55:00,9.717232,79.70722,14.0,80.0,80.0,MV INDIAN MARINER 23,IMO9001023,AT23,30,0,219,33,12.0,30,B
419001023,2026-09-07 22:00:00,9.72066,79.726655,14.0,80.0,80.0,MV INDIAN MARINER 23,IMO9001023,AT23,30,0,219,33,12.0,30,B
419001023,2026-09-07 22:05:00,9.724023,79.746091,14.0,80.0,80.0,MV INDIAN MARINER 23,IMO9001023,AT23,30,0,219,33,12.0,30,B
419001023,2026-09-07 22:10:00,9.727323,79.76556,14.0,80.0,80.0,MV INDIAN MARINER 23,IMO9001023,AT23,30,0,219,33,12.0,30,B
419001023,2026-09-07 22:15:00,9.730812,79.784925,14.0,80.0,80.0,MV INDIAN MARINER 23,IMO9001023,AT23,30,0,219,33,12.0,30,B
419001023,2026-09-07 22:20:00,9.734204,79.804267,14.0,80.0,80.0,MV INDIAN MARINER 23,IMO9001023,AT23,30,0,219,33,12.0,30,B
419001023,2026-09-07 22:25:00,9.737463,79.8238,14.0,80.0,80.0,MV INDIAN MARINER 23,IMO9001023,AT23,30,0,219,33,12.0,30,B
419001023,2026-09-07 22:30:00,9.740808,79.843207,14.0,80.0,80.0,MV INDIAN MARINER 23,IMO9001023,AT23,30,0,219,33,12.0,30,B
419001023,2026-09-07 22:35:00,9.744254,79.862622,14.0,80.0,80.0,MV INDIAN MARINER 23,IMO9001023,AT23,30,0,219,33,12.0,30,B
419001023,2026-09-07 22:40:00,9.747709,79.881988,14.0,80.0,80.0,MV INDIAN MARINER 23,IMO9001023,AT23,30,0,219,33,12.0,30,B
419001023,2026-09-07 22:45:00,9.750937,79.901462,14.0,80.0,80.0,MV INDIAN MARINER 23,IMO9001023,AT23,30,0,219,33,12.0,30,B
419001023,2026-09-07 22:50:00,9.754437,79.92096,14.0,80.0,80.0,MV INDIAN MARINER 23,IMO9001023,AT23,30,0,219,33,12.0,30,B
419001023,2026-09-07 22:55:00,9.757799,79.940245,14.0,80.0,80.0,MV INDIAN MARINER 23,IMO9001023,AT23,30,0,219,33,12.0,30,B
419001023,2026-09-07 23:00:00,9.761088,79.959732,14.0,80.0,80.0,MV INDIAN MARINER 23,IMO9001023,AT23,30,0,219,33,12.0,30,B
419001023,2026-09-07 23:05:00,9.764558,79.979198,14.0,80.0,80.0,MV INDIAN MARINER 23,IMO9001023,AT23,30,0,219,33,12.0,30,B
419001023,2026-09-07 23:10:00,9.767788,79.998578,14.0,80.0,80.0,MV INDIAN MARINER 23,IMO9001023,AT23,30,0,219,33,12.0,30,B
419001023,2026-09-07 23:15:00,9.771314,80.018029,14.0,80.0,80.0,MV INDIAN MARINER 23,IMO9001023,AT23,30,0,219,33,12.0,30,B
419001023,2026-09-07 23:20:00,9.774674,80.037497,14.0,80.0,80.0,MV INDIAN MARINER 23,IMO9001023,AT23,30,0,219,33,12.0,30,B
419001023,2026-09-07 23:25:00,9.778085,80.056785,14.0,80.0,80.0,MV INDIAN MARINER 23,IMO9001023,AT23,30,0,219,33,12.0,30,B
419001023,2026-09-07 23:30:00,9.781427,80.076248,14.0,80.0,80.0,MV INDIAN MARINER 23,IMO9001023,AT23,30,0,219,33,12.0,30,B
419001023,2026-09-07 23:35:00,9.784803,80.095617,14.0,80.0,80.0,MV INDIAN MARINER 23,IMO9001023,AT23,30,0,219,33,12.0,30,B
419001023,2026-09-07 23:40:00,9.788033,80.11523,14.0,80.0,80.0,MV INDIAN MARINER 23,IMO9001023,AT23,30,0,219,33,12.0,30,B
419001023,2026-09-07 23:45:00,9.791476,80.134543,14.0,80.0,80.0,MV INDIAN MARINER 23,IMO9001023,AT23,30,0,219,33,12.0,30,B
419001023,2026-09-07 23:50:00,9.79482,80.154005,14.0,80.0,80.0,MV INDIAN MARINER 23,IMO9001023,AT23,30,0,219,33,12.0,30,B
419001023,2026-09-07 23:55:00,9.798307,80.173468,14.0,80.0,80.0,MV INDIAN MARINER 23,IMO9001023,AT23,30,0,219,33,12.0,30,B
419001023,2026-09-08 00:00:00,9.801627,80.192807,14.0,80.0,80.0,MV INDIAN MARINER 23,IMO9001023,AT23,30,0,219,33,12.0,30,B
419001023,2026-09-08 00:05:00,9.804997,80.212325,14.0,80.0,80.0,MV INDIAN MARINER 23,IMO9001023,AT23,30,0,219,33,12.0,30,B
419001023,2026-09-08 00:10:00,9.808386,80.23173,14.0,80.0,80.0,MV INDIAN MARINER 23,IMO9001023,AT23,30,0,219,33,12.0,30,B
419001023,2026-09-08 00:15:00,9.811792,80.251212,14.0,80.0,80.0,MV INDIAN MARINER 23,IMO9001023,AT23,30,0,219,33,12.0,30,B
419001023,2026-09-08 00:20:00,9.815224,80.270532,14.0,80.0,80.0,MV INDIAN MARINER 23,IMO9001023,AT23,30,0,219,33,12.0,30,B
419001023,2026-09-08 00:25:00,9.818515,80.290021,14.0,80.0,80.0,MV INDIAN MARINER 23,IMO9001023,AT23,30,0,219,33,12.0,30,B
419001023,2026-09-08 00:30:00,9.821966,80.309316,14.0,80.0,80.0,MV INDIAN MARINER 23,IMO9001023,AT23,30,0,219,33,12.0,30,B
419001023,2026-09-08 00:35:00,9.825245,80.328829,14.0,80.0,80.0,MV INDIAN MARINER 23,IMO9001023,AT23,30,0,219,33,12.0,30,B
419001023,2026-09-08 00:40:00,9.828583,80.3482,14.0,80.0,80.0,MV INDIAN MARINER 23,IMO9001023,AT23,30,0,219,33,12.0,30,B
419001023,2026-09-08 00:45:00,9.831915,80.367744,14.0,80.0,80.0,MV INDIAN MARINER 23,IMO9001023,AT23,30,0,219,33,12.0,30,B
419001023,2026-09-08 00:50:00,9.835392,80.387134,14.0,80.0,80.0,MV INDIAN MARINER 23,IMO9001023,AT23,30,0,219,33,12.0,30,B
419001023,2026-09-08 00:55:00,9.838762,80.406586,14.0,80.0,80.0,MV INDIAN MARINER 23,IMO9001023,AT23,30,0,219,33,12.0,30,B
419001023,2026-09-08 01:00:00,9.842163,80.425944,14.0,80.0,80.0,MV INDIAN MARINER 23,IMO9001023,AT23,30,0,219,33,12.0,30,B
419001023,2026-09-08 01:05:00,9.845445,80.445299,14.0,80.0,80.0,MV INDIAN MARINER 23,IMO9001023,AT23,30,0,219,33,12.0,30,B
419001023,2026-09-08 01:10:00,9.848943,80.464845,14.0,80.0,80.0,MV INDIAN MARINER 23,IMO9001023,AT23,30,0,219,33,12.0,30,B
419001023,2026-09-08 01:15:00,9.852303,80.484193,14.0,80.0,80.0,MV INDIAN MARINER 23,IMO9001023,AT23,30,0,219,33,12.0,30,B
419001023,2026-09-08 01:20:00,9.855626,80.503708,14.0,80.0,80.0,MV INDIAN MARINER 23,IMO9001023,AT23,30,0,219,33,12.0,30,B
419001023,2026-09-08 01:25:00,9.859102,80.523116,14.0,80.0,80.0,MV INDIAN MARINER 23,IMO9001023,AT23,30,0,219,33,12.0,30,B
419001023,2026-09-08 01:30:00,9.862428,80.54247,14.0,80.0,80.0,MV INDIAN MARINER 23,IMO9001023,AT23,30,0,219,33,12.0,30,B
419001023,2026-09-08 01:35:00,9.865844,80.561865,14.0,80.0,80.0,MV INDIAN MARINER 23,IMO9001023,AT23,30,0,219,33,12.0,30,B
419001023,2026-09-08 01:40:00,9.869072,80.581283,14.0,80.0,80.0,MV INDIAN MARINER 23,IMO9001023,AT23,30,0,219,33,12.0,30,B
419001023,2026-09-08 01:45:00,9.872487,80.600714,14.0,80.0,80.0,MV INDIAN MARINER 23,IMO9001023,AT23,30,0,219,33,12.0,30,B
419001023,2026-09-08 01:50:00,9.875964,80.620156,14.0,80.0,80.0,MV INDIAN MARINER 23,IMO9001023,AT23,30,0,219,33,12.0,30,B
419001023,2026-09-08 01:55:00,9.879258,80.639663,14.0,80.0,80.0,MV INDIAN MARINER 23,IMO9001023,AT23,30,0,219,33,12.0,30,B
419001023,2026-09-08 02:00:00,9.8826,80.65913,14.0,80.0,80.0,MV INDIAN MARINER 23,IMO9001023,AT23,30,0,219,33,12.0,30,B
419001023,2026-09-08 02:05:00,9.886049,80.678389,14.0,80.0,80.0,MV INDIAN MARINER 23,IMO9001023,AT23,30,0,219,33,12.0,30,B
419001023,2026-09-08 02:10:00,9.889297,80.697908,14.0,80.0,80.0,MV INDIAN MARINER 23,IMO9001023,AT23,30,0,219,33,12.0,30,B
419001023,2026-09-08 02:15:00,9.892762,80.717265,14.0,80.0,80.0,MV INDIAN MARINER 23,IMO9001023,AT23,30,0,219,33,12.0,30,B
419001023,2026-09-08 02:20:00,9.896124,80.736665,14.0,80.0,80.0,MV INDIAN MARINER 23,IMO9001023,AT23,30,0,219,33,12.0,30,B
419001023,2026-09-08 02:25:00,9.899492,80.756121,14.0,80.0,80.0,MV INDIAN MARINER 23,IMO9001023,AT23,30,0,219,33,12.0,30,B
419001023,2026-09-08 02:30:00,9.90293,80.775518,14.0,80.0,80.0,MV INDIAN MARINER 23,IMO9001023,AT23,30,0,219,33,12.0,30,B
419001023,2026-09-08 02:35:00,9.906362,80.795112,14.0,80.0,80.0,MV INDIAN MARINER 23,IMO9001023,AT23,30,0,219,33,12.0,30,B
419001023,2026-09-08 02:40:00,9.909589,80.81447,14.0,80.0,80.0,MV INDIAN MARINER 23,IMO9001023,AT23,30,0,219,33,12.0,30,B
419001023,2026-09-08 02:45:00,9.913015,80.833857,14.0,80.0,80.0,MV INDIAN MARINER 23,IMO9001023,AT23,30,0,219,33,12.0,30,B
419001023,2026-09-08 02:50:00,9.916319,80.853371,14.0,80.0,80.0,MV INDIAN MARINER 23,IMO9001023,AT23,30,0,219,33,12.0,30,B
419001023,2026-09-08 02:55:00,9.919723,80.872831,14.0,80.0,80.0,MV INDIAN MARINER 23,IMO9001023,AT23,30,0,219,33,12.0,30,B
419001023,2026-09-08 03:00:00,9.923223,80.892114,14.0,80.0,80.0,MV INDIAN MARINER 23,IMO9001023,AT23,30,0,219,33,12.0,30,B
419001023,2026-09-08 03:05:00,9.926601,80.911647,14.0,80.0,80.0,MV INDIAN MARINER 23,IMO9001023,AT23,30,0,219,33,12.0,30,B
419001023,2026-09-08 03:10:00,9.929827,80.931016,14.0,80.0,80.0,MV INDIAN MARINER 23,IMO9001023,AT23,30,0,219,33,12.0,30,B
419001023,2026-09-08 03:15:00,9.933351,80.950521,14.0,80.0,80.0,MV INDIAN MARINER 23,IMO9001023,AT23,30,0,219,33,12.0,30,B
419001023,2026-09-08 03:20:00,9.936698,80.969902,14.0,80.0,80.0,MV INDIAN MARINER 23,IMO9001023,AT23,30,0,219,33,12.0,30,B
419001023,2026-09-08 03:25:00,9.940012,80.989225,14.0,80.0,80.0,MV INDIAN MARINER 23,IMO9001023,AT23,30,0,219,33,12.0,30,B
419001024,2026-09-07 17:30:00,19.978097,71.350428,15.0,142.0,142.0,MV INDIAN MARINER 24,IMO9001024,AT24,80,0,222,34,13.0,80,A
419001024,2026-09-07 17:35:00,19.961671,71.364013,15.0,142.0,142.0,MV INDIAN MARINER 24,IMO9001024,AT24,80,0,222,34,13.0,80,A
419001024,2026-09-07 17:40:00,19.945278,71.377554,15.0,142.0,142.0,MV INDIAN MARINER 24,IMO9001024,AT24,80,0,222,34,13.0,80,A
419001024,2026-09-07 17:45:00,19.928762,71.391109,15.0,142.0,142.0,MV INDIAN MARINER 24,IMO9001024,AT24,80,0,222,34,13.0,80,A
419001024,2026-09-07 17:50:00,19.912319,71.40471,15.0,142.0,142.0,MV INDIAN MARINER 24,IMO9001024,AT24,80,0,222,34,13.0,80,A
419001024,2026-09-07 17:55:00,19.896005,71.41833,15.0,142.0,142.0,MV INDIAN MARINER 24,IMO9001024,AT24,80,0,222,34,13.0,80,A
419001024,2026-09-07 18:00:00,19.879512,71.431938,15.0,142.0,142.0,MV INDIAN MARINER 24,IMO9001024,AT24,80,0,222,34,13.0,80,A
419001024,2026-09-07 18:05:00,19.863096,71.445514,15.0,142.0,142.0,MV INDIAN MARINER 24,IMO9001024,AT24,80,0,222,34,13.0,80,A
419001024,2026-09-07 18:10:00,19.846719,71.458951,15.0,142.0,142.0,MV INDIAN MARINER 24,IMO9001024,AT24,80,0,222,34,13.0,80,A
419001024,2026-09-07 18:15:00,19.830203,71.472659,15.0,142.0,142.0,MV INDIAN MARINER 24,IMO9001024,AT24,80,0,222,34,13.0,80,A
419001024,2026-09-07 18:20:00,19.813887,71.486192,15.0,142.0,142.0,MV INDIAN MARINER 24,IMO9001024,AT24,80,0,222,34,13.0,80,A
419001024,2026-09-07 18:25:00,19.797562,71.49975,15.0,142.0,142.0,MV INDIAN MARINER 24,IMO9001024,AT24,80,0,222,34,13.0,80,A
419001024,2026-09-07 18:30:00,19.781007,71.513178,15.0,142.0,142.0,MV INDIAN MARINER 24,IMO9001024,AT24,80,0,222,34,13.0,80,A
419001024,2026-09-07 18:35:00,19.764628,71.52676,15.0,142.0,142.0,MV INDIAN MARINER 24,IMO9001024,AT24,80,0,222,34,13.0,80,A
419001024,2026-09-07 18:40:00,19.748143,71.540468,15.0,142.0,142.0,MV INDIAN MARINER 24,IMO9001024,AT24,80,0,222,34,13.0,80,A
419001024,2026-09-07 18:45:00,19.731859,71.554003,15.0,142.0,142.0,MV INDIAN MARINER 24,IMO9001024,AT24,80,0,222,34,13.0,80,A
419001024,2026-09-07 18:50:00,19.715358,71.567557,15.0,142.0,142.0,MV INDIAN MARINER 24,IMO9001024,AT24,80,0,222,34,13.0,80,A
419001024,2026-09-07 18:55:00,19.698975,71.581098,15.0,142.0,142.0,MV INDIAN MARINER 24,IMO9001024,AT24,80,0,222,34,13.0,80,A
419001024,2026-09-07 19:00:00,19.682503,71.594649,15.0,142.0,142.0,MV INDIAN MARINER 24,IMO9001024,AT24,80,0,222,34,13.0,80,A
419001024,2026-09-07 19:05:00,19.66625,71.608175,15.0,142.0,142.0,MV INDIAN MARINER 24,IMO9001024,AT24,80,0,222,34,13.0,80,A
419001024,2026-09-07 19:10:00,19.649805,71.621807,15.0,142.0,142.0,MV INDIAN MARINER 24,IMO9001024,AT24,80,0,222,34,13.0,80,A
419001024,2026-09-07 19:15:00,19.633311,71.635413,15.0,142.0,142.0,MV INDIAN MARINER 24,IMO9001024,AT24,80,0,222,34,13.0,80,A
419001024,2026-09-07 19:20:00,19.616964,71.648976,15.0,142.0,142.0,MV INDIAN MARINER 24,IMO9001024,AT24,80,0,222,34,13.0,80,A
419001024,2026-09-07 19:25:00,19.600531,71.662449,15.0,142.0,142.0,MV INDIAN MARINER 24,IMO9001024,AT24,80,0,222,34,13.0,80,A
419001024,2026-09-07 19:30:00,19.584114,71.675944,15.0,142.0,142.0,MV INDIAN MARINER 24,IMO9001024,AT24,80,0,222,34,13.0,80,A
419001024,2026-09-07 19:35:00,19.567589,71.689672,15.0,142.0,142.0,MV INDIAN MARINER 24,IMO9001024,AT24,80,0,222,34,13.0,80,A
419001024,2026-09-07 19:40:00,19.551195,71.703061,15.0,142.0,142.0,MV INDIAN MARINER 24,IMO9001024,AT24,80,0,222,34,13.0,80,A
419001024,2026-09-07 19:45:00,19.53489,71.716686,15.0,142.0,142.0,MV INDIAN MARINER 24,IMO9001024,AT24,80,0,222,34,13.0,80,A
419001024,2026-09-07 19:50:00,19.518475,71.730207,15.0,142.0,142.0,MV INDIAN MARINER 24,IMO9001024,AT24,80,0,222,34,13.0,80,A
419001024,2026-09-07 19:55:00,19.501972,71.743757,15.0,142.0,142.0,MV INDIAN MARINER 24,IMO9001024,AT24,80,0,222,34,13.0,80,A
419001024,2026-09-07 20:00:00,19.485627,71.757333,15.0,142.0,142.0,MV INDIAN MARINER 24,IMO9001024,AT24,80,0,222,34,13.0,80,A
419001024,2026-09-07 20:05:00,19.469259,71.770885,15.0,142.0,142.0,MV INDIAN MARINER 24,IMO9001024,AT24,80,0,222,34,13.0,80,A
419001024,2026-09-07 20:10:00,19.452722,71.784411,15.0,142.0,142.0,MV INDIAN MARINER 24,IMO9001024,AT24,80,0,222,34,13.0,80,A
419001024,2026-09-07 20:15:00,19.436356,71.798012,15.0,142.0,142.0,MV INDIAN MARINER 24,IMO9001024,AT24,80,0,222,34,13.0,80,A
419001024,2026-09-07 20:20:00,19.420022,71.811592,15.0,142.0,142.0,MV INDIAN MARINER 24,IMO9001024,AT24,80,0,222,34,13.0,80,A
419001024,2026-09-07 20:25:00,19.403449,71.825172,15.0,142.0,142.0,MV INDIAN MARINER 24,IMO9001024,AT24,80,0,222,34,13.0,80,A
419001024,2026-09-07 20:30:00,19.387036,71.838786,15.0,142.0,142.0,MV INDIAN MARINER 24,IMO9001024,AT24,80,0,222,34,13.0,80,A
419001024,2026-09-07 20:35:00,19.370709,71.852326,15.0,142.0,142.0,MV INDIAN MARINER 24,IMO9001024,AT24,80,0,222,34,13.0,80,A
419001024,2026-09-07 20:40:00,19.354254,71.865935,15.0,142.0,142.0,MV INDIAN MARINER 24,IMO9001024,AT24,80,0,222,34,13.0,80,A
419001024,2026-09-07 20:45:00,19.337793,71.879368,15.0,142.0,142.0,MV INDIAN MARINER 24,IMO9001024,AT24,80,0,222,34,13.0,80,A
419001024,2026-09-07 20:50:00,19.321499,71.892997,15.0,142.0,142.0,MV INDIAN MARINER 24,IMO9001024,AT24,80,0,222,34,13.0,80,A
419001024,2026-09-07 20:55:00,19.305058,71.906656,15.0,142.0,142.0,MV INDIAN MARINER 24,IMO9001024,AT24,80,0,222,34,13.0,80,A
419001024,2026-09-07 21:00:00,19.288551,71.920197,15.0,142.0,142.0,MV INDIAN MARINER 24,IMO9001024,AT24,80,0,222,34,13.0,80,A
419001024,2026-09-07 21:05:00,19.272201,71.933726,15.0,142.0,142.0,MV INDIAN MARINER 24,IMO9001024,AT24,80,0,222,34,13.0,80,A
419001024,2026-09-07 21:10:00,19.255862,71.947286,15.0,142.0,142.0,MV INDIAN MARINER 24,IMO9001024,AT24,80,0,222,34,13.0,80,A
419001024,2026-09-07 21:15:00,19.239343,71.960864,15.0,142.0,142.0,MV INDIAN MARINER 24,IMO9001024,AT24,80,0,222,34,13.0,80,A
419001024,2026-09-07 21:20:00,19.223007,71.974421,15.0,142.0,142.0,MV INDIAN MARINER 24,IMO9001024,AT24,80,0,222,34,13.0,80,A
419001024,2026-09-07 21:25:00,19.206668,71.987937,15.0,142.0,142.0,MV INDIAN MARINER 24,IMO9001024,AT24,80,0,222,34,13.0,80,A
419001024,2026-09-07 21:30:00,19.190095,72.001465,15.0,142.0,142.0,MV INDIAN MARINER 24,IMO9001024,AT24,80,0,222,34,13.0,80,A
419001024,2026-09-07 21:35:00,19.173717,72.01517,15.0,142.0,142.0,MV INDIAN MARINER 24,IMO9001024,AT24,80,0,222,34,13.0,80,A
419001024,2026-09-07 21:40:00,19.157365,72.028713,15.0,142.0,142.0,MV INDIAN MARINER 24,IMO9001024,AT24,80,0,222,34,13.0,80,A
419001024,2026-09-07 21:45:00,19.140979,72.042294,15.0,142.0,142.0,MV INDIAN MARINER 24,IMO9001024,AT24,80,0,222,34,13.0,80,A
419001024,2026-09-07 21:50:00,19.124486,72.055857,15.0,142.0,142.0,MV INDIAN MARINER 24,IMO9001024,AT24,80,0,222,34,13.0,80,A
419001024,2026-09-07 21:55:00,19.108151,72.06932,15.0,142.0,142.0,MV INDIAN MARINER 24,IMO9001024,AT24,80,0,222,34,13.0,80,A
419001024,2026-09-07 22:00:00,19.091714,72.082922,15.0,142.0,142.0,MV INDIAN MARINER 24,IMO9001024,AT24,80,0,222,34,13.0,80,A
419001024,2026-09-07 22:05:00,19.075311,72.096453,15.0,142.0,142.0,MV INDIAN MARINER 24,IMO9001024,AT24,80,0,222,34,13.0,80,A
419001024,2026-09-07 22:10:00,19.058861,72.110107,15.0,142.0,142.0,MV INDIAN MARINER 24,IMO9001024,AT24,80,0,222,34,13.0,80,A
419001024,2026-09-07 22:15:00,19.042486,72.123584,15.0,142.0,142.0,MV INDIAN MARINER 24,IMO9001024,AT24,80,0,222,34,13.0,80,A
419001024,2026-09-07 22:20:00,19.026049,72.13719,15.0,142.0,142.0,MV INDIAN MARINER 24,IMO9001024,AT24,80,0,222,34,13.0,80,A
419001024,2026-09-07 22:25:00,19.009624,72.150683,15.0,142.0,142.0,MV INDIAN MARINER 24,IMO9001024,AT24,80,0,222,34,13.0,80,A
419001024,2026-09-07 22:30:00,18.993265,72.164315,15.0,142.0,142.0,MV INDIAN MARINER 24,IMO9001024,AT24,80,0,222,34,13.0,80,A
419001024,2026-09-07 22:35:00,18.976871,72.177873,15.0,142.0,142.0,MV INDIAN MARINER 24,IMO9001024,AT24,80,0,222,34,13.0,80,A
419001024,2026-09-07 22:40:00,18.960384,72.19139,15.0,142.0,142.0,MV INDIAN MARINER 24,IMO9001024,AT24,80,0,222,34,13.0,80,A
419001024,2026-09-07 22:45:00,18.943982,72.204979,15.0,142.0,142.0,MV INDIAN MARINER 24,IMO9001024,AT24,80,0,222,34,13.0,80,A
419001024,2026-09-07 22:50:00,18.92752,72.218417,15.0,142.0,142.0,MV INDIAN MARINER 24,IMO9001024,AT24,80,0,222,34,13.0,80,A
419001024,2026-09-07 22:55:00,18.911098,72.232094,15.0,142.0,142.0,MV INDIAN MARINER 24,IMO9001024,AT24,80,0,222,34,13.0,80,A
419001024,2026-09-07 23:00:00,18.894783,72.245636,15.0,142.0,142.0,MV INDIAN MARINER 24,IMO9001024,AT24,80,0,222,34,13.0,80,A
419001024,2026-09-07 23:05:00,18.87839,72.259272,15.0,142.0,142.0,MV INDIAN MARINER 24,IMO9001024,AT24,80,0,222,34,13.0,80,A
419001024,2026-09-07 23:10:00,18.861848,72.272748,15.0,142.0,142.0,MV INDIAN MARINER 24,IMO9001024,AT24,80,0,222,34,13.0,80,A
419001024,2026-09-07 23:15:00,18.84538,72.286306,15.0,142.0,142.0,MV INDIAN MARINER 24,IMO9001024,AT24,80,0,222,34,13.0,80,A
419001024,2026-09-07 23:20:00,18.829097,72.299805,15.0,142.0,142.0,MV INDIAN MARINER 24,IMO9001024,AT24,80,0,222,34,13.0,80,A
419001024,2026-09-07 23:25:00,18.812649,72.313379,15.0,142.0,142.0,MV INDIAN MARINER 24,IMO9001024,AT24,80,0,222,34,13.0,80,A
419001024,2026-09-07 23:30:00,18.796319,72.327042,15.0,142.0,142.0,MV INDIAN MARINER 24,IMO9001024,AT24,80,0,222,34,13.0,80,A
419001024,2026-09-07 23:35:00,18.779749,72.340511,15.0,142.0,142.0,MV INDIAN MARINER 24,IMO9001024,AT24,80,0,222,34,13.0,80,A
419001024,2026-09-07 23:40:00,18.763407,72.354076,15.0,142.0,142.0,MV INDIAN MARINER 24,IMO9001024,AT24,80,0,222,34,13.0,80,A
419001024,2026-09-07 23:45:00,18.747028,72.367712,15.0,142.0,142.0,MV INDIAN MARINER 24,IMO9001024,AT24,80,0,222,34,13.0,80,A
419001024,2026-09-07 23:50:00,18.730611,72.38129,15.0,142.0,142.0,MV INDIAN MARINER 24,IMO9001024,AT24,80,0,222,34,13.0,80,A
419001024,2026-09-07 23:55:00,18.714244,72.394757,15.0,142.0,142.0,MV INDIAN MARINER 24,IMO9001024,AT24,80,0,222,34,13.0,80,A
419001024,2026-09-08 00:00:00,18.69771,72.408289,15.0,142.0,142.0,MV INDIAN MARINER 24,IMO9001024,AT24,80,0,222,34,13.0,80,A
419001024,2026-09-08 00:05:00,18.681262,72.421942,15.0,142.0,142.0,MV INDIAN MARINER 24,IMO9001024,AT24,80,0,222,34,13.0,80,A
419001024,2026-09-08 00:10:00,18.664928,72.435519,15.0,142.0,142.0,MV INDIAN MARINER 24,IMO9001024,AT24,80,0,222,34,13.0,80,A
419001024,2026-09-08 00:15:00,18.648462,72.449124,15.0,142.0,142.0,MV INDIAN MARINER 24,IMO9001024,AT24,80,0,222,34,13.0,80,A
419001024,2026-09-08 00:20:00,18.632125,72.462608,15.0,142.0,142.0,MV INDIAN MARINER 24,IMO9001024,AT24,80,0,222,34,13.0,80,A
419001024,2026-09-08 00:25:00,18.615728,72.476204,15.0,142.0,142.0,MV INDIAN MARINER 24,IMO9001024,AT24,80,0,222,34,13.0,80,A
419001024,2026-09-08 00:30:00,18.599318,72.489692,15.0,142.0,142.0,MV INDIAN MARINER 24,IMO9001024,AT24,80,0,222,34,13.0,80,A
419001024,2026-09-08 00:35:00,18.582891,72.503378,15.0,142.0,142.0,MV INDIAN MARINER 24,IMO9001024,AT24,80,0,222,34,13.0,80,A
419001024,2026-09-08 00:40:00,18.566478,72.516949,15.0,142.0,142.0,MV INDIAN MARINER 24,IMO9001024,AT24,80,0,222,34,13.0,80,A
419001024,2026-09-08 00:45:00,18.550001,72.53045,15.0,142.0,142.0,MV INDIAN MARINER 24,IMO9001024,AT24,80,0,222,34,13.0,80,A
419001024,2026-09-08 00:50:00,18.533577,72.544017,15.0,142.0,142.0,MV INDIAN MARINER 24,IMO9001024,AT24,80,0,222,34,13.0,80,A
419001024,2026-09-08 00:55:00,18.517222,72.557512,15.0,142.0,142.0,MV INDIAN MARINER 24,IMO9001024,AT24,80,0,222,34,13.0,80,A
419001024,2026-09-08 01:00:00,18.500684,72.571171,15.0,142.0,142.0,MV INDIAN MARINER 24,IMO9001024,AT24,80,0,222,34,13.0,80,A
419001024,2026-09-08 01:05:00,18.484372,72.584674,15.0,142.0,142.0,MV INDIAN MARINER 24,IMO9001024,AT24,80,0,222,34,13.0,80,A
419001024,2026-09-08 01:10:00,18.467959,72.598206,15.0,142.0,142.0,MV INDIAN MARINER 24,IMO9001024,AT24,80,0,222,34,13.0,80,A
419001024,2026-09-08 01:15:00,18.451519,72.611806,15.0,142.0,142.0,MV INDIAN MARINER 24,IMO9001024,AT24,80,0,222,34,13.0,80,A
419001024,2026-09-08 01:20:00,18.435063,72.625434,15.0,142.0,142.0,MV INDIAN MARINER 24,IMO9001024,AT24,80,0,222,34,13.0,80,A
419001024,2026-09-08 01:25:00,18.418723,72.638971,15.0,142.0,142.0,MV INDIAN MARINER 24,IMO9001024,AT24,80,0,222,34,13.0,80,A
419001024,2026-09-08 01:30:00,18.402375,72.652536,15.0,142.0,142.0,MV INDIAN MARINER 24,IMO9001024,AT24,80,0,222,34,13.0,80,A
419001024,2026-09-08 01:35:00,18.385891,72.666085,15.0,142.0,142.0,MV INDIAN MARINER 24,IMO9001024,AT24,80,0,222,34,13.0,80,A
419001024,2026-09-08 01:40:00,18.369471,72.679566,15.0,142.0,142.0,MV INDIAN MARINER 24,IMO9001024,AT24,80,0,222,34,13.0,80,A
419001024,2026-09-08 01:45:00,18.353074,72.693187,15.0,142.0,142.0,MV INDIAN MARINER 24,IMO9001024,AT24,80,0,222,34,13.0,80,A
419001024,2026-09-08 01:50:00,18.336586,72.706826,15.0,142.0,142.0,MV INDIAN MARINER 24,IMO9001024,AT24,80,0,222,34,13.0,80,A
419001024,2026-09-08 01:55:00,18.320271,72.72024,15.0,142.0,142.0,MV INDIAN MARINER 24,IMO9001024,AT24,80,0,222,34,13.0,80,A
419001024,2026-09-08 02:00:00,18.303875,72.733952,15.0,142.0,142.0,MV INDIAN MARINER 24,IMO9001024,AT24,80,0,222,34,13.0,80,A
419001024,2026-09-08 02:05:00,18.287417,72.747409,15.0,142.0,142.0,MV INDIAN MARINER 24,IMO9001024,AT24,80,0,222,34,13.0,80,A
419001024,2026-09-08 02:10:00,18.271031,72.761014,15.0,142.0,142.0,MV INDIAN MARINER 24,IMO9001024,AT24,80,0,222,34,13.0,80,A
419001024,2026-09-08 02:15:00,18.254517,72.774468,15.0,142.0,142.0,MV INDIAN MARINER 24,IMO9001024,AT24,80,0,222,34,13.0,80,A
419001024,2026-09-08 02:20:00,18.238081,72.788158,15.0,142.0,142.0,MV INDIAN MARINER 24,IMO9001024,AT24,80,0,222,34,13.0,80,A
419001024,2026-09-08 02:25:00,18.221693,72.801633,15.0,142.0,142.0,MV INDIAN MARINER 24,IMO9001024,AT24,80,0,222,34,13.0,80,A
419001024,2026-09-08 02:30:00,18.205258,72.815322,15.0,142.0,142.0,MV INDIAN MARINER 24,IMO9001024,AT24,80,0,222,34,13.0,80,A
419001024,2026-09-08 02:35:00,18.188831,72.828883,15.0,142.0,142.0,MV INDIAN MARINER 24,IMO9001024,AT24,80,0,222,34,13.0,80,A
419001024,2026-09-08 02:40:00,18.172506,72.842411,15.0,142.0,142.0,MV INDIAN MARINER 24,IMO9001024,AT24,80,0,222,34,13.0,80,A
419001024,2026-09-08 02:45:00,18.156077,72.855872,15.0,142.0,142.0,MV INDIAN MARINER 24,IMO9001024,AT24,80,0,222,34,13.0,80,A
419001024,2026-09-08 02:50:00,18.139751,72.869469,15.0,142.0,142.0,MV INDIAN MARINER 24,IMO9001024,AT24,80,0,222,34,13.0,80,A
419001024,2026-09-08 02:55:00,18.123284,72.883016,15.0,142.0,142.0,MV INDIAN MARINER 24,IMO9001024,AT24,80,0,222,34,13.0,80,A
419001024,2026-09-08 03:00:00,18.106789,72.896528,15.0,142.0,142.0,MV INDIAN MARINER 24,IMO9001024,AT24,80,0,222,34,13.0,80,A
419001024,2026-09-08 03:05:00,18.090336,72.91025,15.0,142.0,142.0,MV INDIAN MARINER 24,IMO9001024,AT24,80,0,222,34,13.0,80,A
419001024,2026-09-08 03:10:00,18.074062,72.923798,15.0,142.0,142.0,MV INDIAN MARINER 24,IMO9001024,AT24,80,0,222,34,13.0,80,A
419001024,2026-09-08 03:15:00,18.057638,72.937318,15.0,142.0,142.0,MV INDIAN MARINER 24,IMO9001024,AT24,80,0,222,34,13.0,80,A
419001024,2026-09-08 03:20:00,18.041186,72.950817,15.0,142.0,142.0,MV INDIAN MARINER 24,IMO9001024,AT24,80,0,222,34,13.0,80,A
419001024,2026-09-08 03:25:00,18.024672,72.964378,15.0,142.0,142.0,MV INDIAN MARINER 24,IMO9001024,AT24,80,0,222,34,13.0,80,A
419001025,2026-09-07 17:30:00,22.841727,68.08571,16.0,115.0,115.0,MV INDIAN MARINER 25,IMO9001025,AT25,70,0,225,35,9.0,70,A
419001025,2026-09-07 17:35:00,22.832332,68.107522,16.0,115.0,115.0,MV INDIAN MARINER 25,IMO9001025,AT25,70,0,225,35,9.0,70,A
419001025,2026-09-07 17:40:00,22.823077,68.129194,16.0,115.0,115.0,MV INDIAN MARINER 25,IMO9001025,AT25,70,0,225,35,9.0,70,A
419001025,2026-09-07 17:45:00,22.813669,68.150897,16.0,115.0,115.0,MV INDIAN MARINER 25,IMO9001025,AT25,70,0,225,35,9.0,70,A
419001025,2026-09-07 17:50:00,22.804128,68.172686,16.0,115.0,115.0,MV INDIAN MARINER 25,IMO9001025,AT25,70,0,225,35,9.0,70,A
419001025,2026-09-07 17:55:00,22.794793,68.19451,16.0,115.0,115.0,MV INDIAN MARINER 25,IMO9001025,AT25,70,0,225,35,9.0,70,A
419001025,2026-09-07 18:00:00,22.785468,68.216208,16.0,115.0,115.0,MV INDIAN MARINER 25,IMO9001025,AT25,70,0,225,35,9.0,70,A
419001025,2026-09-07 18:05:00,22.776107,68.238013,16.0,115.0,115.0,MV INDIAN MARINER 25,IMO9001025,AT25,70,0,225,35,9.0,70,A
419001025,2026-09-07 18:10:00,22.766639,68.259831,16.0,115.0,115.0,MV INDIAN MARINER 25,IMO9001025,AT25,70,0,225,35,9.0,70,A
419001025,2026-09-07 18:15:00,22.757248,68.281653,16.0,115.0,115.0,MV INDIAN MARINER 25,IMO9001025,AT25,70,0,225,35,9.0,70,A
419001025,2026-09-07 18:20:00,22.747851,68.303349,16.0,115.0,115.0,MV INDIAN MARINER 25,IMO9001025,AT25,70,0,225,35,9.0,70,A
419001025,2026-09-07 18:25:00,22.738389,68.325101,16.0,115.0,115.0,MV INDIAN MARINER 25,IMO9001025,AT25,70,0,225,35,9.0,70,A
419001025,2026-09-07 18:30:00,22.729099,68.346865,16.0,115.0,115.0,MV INDIAN MARINER 25,IMO9001025,AT25,70,0,225,35,9.0,70,A
419001025,2026-09-07 18:35:00,22.719665,68.368578,16.0,115.0,115.0,MV INDIAN MARINER 25,IMO9001025,AT25,70,0,225,35,9.0,70,A
419001025,2026-09-07 18:40:00,22.710309,68.390331,16.0,115.0,115.0,MV INDIAN MARINER 25,IMO9001025,AT25,70,0,225,35,9.0,70,A
419001025,2026-09-07 18:45:00,22.700946,68.412149,16.0,115.0,115.0,MV INDIAN MARINER 25,IMO9001025,AT25,70,0,225,35,9.0,70,A
419001025,2026-09-07 18:50:00,22.691628,68.433863,16.0,115.0,115.0,MV INDIAN MARINER 25,IMO9001025,AT25,70,0,225,35,9.0,70,A
419001025,2026-09-07 18:55:00,22.682068,68.455705,16.0,115.0,115.0,MV INDIAN MARINER 25,IMO9001025,AT25,70,0,225,35,9.0,70,A
419001025,2026-09-07 19:00:00,22.672666,68.477489,16.0,115.0,115.0,MV INDIAN MARINER 25,IMO9001025,AT25,70,0,225,35,9.0,70,A
419001025,2026-09-07 19:05:00,22.663456,68.499259,16.0,115.0,115.0,MV INDIAN MARINER 25,IMO9001025,AT25,70,0,225,35,9.0,70,A
419001025,2026-09-07 19:10:00,22.654039,68.520995,16.0,115.0,115.0,MV INDIAN MARINER 25,IMO9001025,AT25,70,0,225,35,9.0,70,A
419001025,2026-09-07 19:15:00,22.644619,68.542652,16.0,115.0,115.0,MV INDIAN MARINER 25,IMO9001025,AT25,70,0,225,35,9.0,70,A
419001025,2026-09-07 19:20:00,22.635213,68.564414,16.0,115.0,115.0,MV INDIAN MARINER 25,IMO9001025,AT25,70,0,225,35,9.0,70,A
419001025,2026-09-07 19:25:00,22.625832,68.586262,16.0,115.0,115.0,MV INDIAN MARINER 25,IMO9001025,AT25,70,0,225,35,9.0,70,A
419001025,2026-09-07 19:30:00,22.616324,68.607978,16.0,115.0,115.0,MV INDIAN MARINER 25,IMO9001025,AT25,70,0,225,35,9.0,70,A
419001025,2026-09-07 19:35:00,22.607108,68.629694,16.0,115.0,115.0,MV INDIAN MARINER 25,IMO9001025,AT25,70,0,225,35,9.0,70,A
419001025,2026-09-07 19:40:00,22.597688,68.651567,16.0,115.0,115.0,MV INDIAN MARINER 25,IMO9001025,AT25,70,0,225,35,9.0,70,A
419001025,2026-09-07 19:45:00,22.588248,68.673252,16.0,115.0,115.0,MV INDIAN MARINER 25,IMO9001025,AT25,70,0,225,35,9.0,70,A
419001025,2026-09-07 19:50:00,22.578882,68.694931,16.0,115.0,115.0,MV INDIAN MARINER 25,IMO9001025,AT25,70,0,225,35,9.0,70,A
419001025,2026-09-07 19:55:00,22.569433,68.716851,16.0,115.0,115.0,MV INDIAN MARINER 25,IMO9001025,AT25,70,0,225,35,9.0,70,A
419001025,2026-09-07 20:00:00,22.560135,68.738519,16.0,115.0,115.0,MV INDIAN MARINER 25,IMO9001025,AT25,70,0,225,35,9.0,70,A
419001025,2026-09-07 20:05:00,22.550622,68.760395,16.0,115.0,115.0,MV INDIAN MARINER 25,IMO9001025,AT25,70,0,225,35,9.0,70,A
419001025,2026-09-07 20:10:00,22.541229,68.781973,16.0,115.0,115.0,MV INDIAN MARINER 25,IMO9001025,AT25,70,0,225,35,9.0,70,A
419001025,2026-09-07 20:15:00,22.531901,68.803768,16.0,115.0,115.0,MV INDIAN MARINER 25,IMO9001025,AT25,70,0,225,35,9.0,70,A
419001025,2026-09-07 20:20:00,22.52254,68.825599,16.0,115.0,115.0,MV INDIAN MARINER 25,IMO9001025,AT25,70,0,225,35,9.0,70,A
419001025,2026-09-07 20:25:00,22.513095,68.847267,16.0,115.0,115.0,MV INDIAN MARINER 25,IMO9001025,AT25,70,0,225,35,9.0,70,A
419001025,2026-09-07 20:30:00,22.503787,68.869148,16.0,115.0,115.0,MV INDIAN MARINER 25,IMO9001025,AT25,70,0,225,35,9.0,70,A
419001025,2026-09-07 20:35:00,22.494331,68.890882,16.0,115.0,115.0,MV INDIAN MARINER 25,IMO9001025,AT25,70,0,225,35,9.0,70,A
419001025,2026-09-07 20:40:00,22.484872,68.912663,16.0,115.0,115.0,MV INDIAN MARINER 25,IMO9001025,AT25,70,0,225,35,9.0,70,A
419001025,2026-09-07 20:45:00,22.475588,68.934427,16.0,115.0,115.0,MV INDIAN MARINER 25,IMO9001025,AT25,70,0,225,35,9.0,70,A
419001025,2026-09-07 20:50:00,22.466174,68.956206,16.0,115.0,115.0,MV INDIAN MARINER 25,IMO9001025,AT25,70,0,225,35,9.0,70,A
419001025,2026-09-07 20:55:00,22.456805,68.977898,16.0,115.0,115.0,MV INDIAN MARINER 25,IMO9001025,AT25,70,0,225,35,9.0,70,A
419001025,2026-09-07 21:00:00,22.447411,68.999611,16.0,115.0,115.0,MV INDIAN MARINER 25,IMO9001025,AT25,70,0,225,35,9.0,70,A
419001025,2026-09-07 21:05:00,22.438068,69.021389,16.0,115.0,115.0,MV INDIAN MARINER 25,IMO9001025,AT25,70,0,225,35,9.0,70,A
419001025,2026-09-07 21:10:00,22.428676,69.043201,16.0,115.0,115.0,MV INDIAN MARINER 25,IMO9001025,AT25,70,0,225,35,9.0,70,A
419001025,2026-09-07 21:15:00,22.419215,69.065055,16.0,115.0,115.0,MV INDIAN MARINER 25,IMO9001025,AT25,70,0,225,35,9.0,70,A
419001025,2026-09-07 21:20:00,22.409846,69.086721,16.0,115.0,115.0,MV INDIAN MARINER 25,IMO9001025,AT25,70,0,225,35,9.0,70,A
419001025,2026-09-07 21:25:00,22.40037,69.10838,16.0,115.0,115.0,MV INDIAN MARINER 25,IMO9001025,AT25,70,0,225,35,9.0,70,A
419001025,2026-09-07 21:30:00,22.391107,69.130253,16.0,115.0,115.0,MV INDIAN MARINER 25,IMO9001025,AT25,70,0,225,35,9.0,70,A
419001025,2026-09-07 21:35:00,22.381623,69.15204,16.0,115.0,115.0,MV INDIAN MARINER 25,IMO9001025,AT25,70,0,225,35,9.0,70,A
419001025,2026-09-07 21:40:00,22.37237,69.173801,16.0,115.0,115.0,MV INDIAN MARINER 25,IMO9001025,AT25,70,0,225,35,9.0,70,A
419001025,2026-09-07 21:45:00,22.362838,69.195514,16.0,115.0,115.0,MV INDIAN MARINER 25,IMO9001025,AT25,70,0,225,35,9.0,70,A
419001025,2026-09-07 21:50:00,22.353441,69.217287,16.0,115.0,115.0,MV INDIAN MARINER 25,IMO9001025,AT25,70,0,225,35,9.0,70,A
419001025,2026-09-07 21:55:00,22.344117,69.239001,16.0,115.0,115.0,MV INDIAN MARINER 25,IMO9001025,AT25,70,0,225,35,9.0,70,A
419001025,2026-09-07 22:00:00,22.334819,69.260782,16.0,115.0,115.0,MV INDIAN MARINER 25,IMO9001025,AT25,70,0,225,35,9.0,70,A
419001025,2026-09-07 22:05:00,22.325401,69.282541,16.0,115.0,115.0,MV INDIAN MARINER 25,IMO9001025,AT25,70,0,225,35,9.0,70,A
419001025,2026-09-07 22:10:00,22.31601,69.304319,16.0,115.0,115.0,MV INDIAN MARINER 25,IMO9001025,AT25,70,0,225,35,9.0,70,A
419001025,2026-09-07 22:15:00,22.306549,69.326177,16.0,115.0,115.0,MV INDIAN MARINER 25,IMO9001025,AT25,70,0,225,35,9.0,70,A
419001025,2026-09-07 22:20:00,22.297218,69.347921,16.0,115.0,115.0,MV INDIAN MARINER 25,IMO9001025,AT25,70,0,225,35,9.0,70,A
419001025,2026-09-07 22:25:00,22.287711,69.369605,16.0,115.0,115.0,MV INDIAN MARINER 25,IMO9001025,AT25,70,0,225,35,9.0,70,A
419001025,2026-09-07 22:30:00,22.278374,69.391352,16.0,115.0,115.0,MV INDIAN MARINER 25,IMO9001025,AT25,70,0,225,35,9.0,70,A
419001025,2026-09-07 22:35:00,22.268926,69.413161,16.0,115.0,115.0,MV INDIAN MARINER 25,IMO9001025,AT25,70,0,225,35,9.0,70,A
419001025,2026-09-07 22:40:00,22.25955,69.434799,16.0,115.0,115.0,MV INDIAN MARINER 25,IMO9001025,AT25,70,0,225,35,9.0,70,A
419001025,2026-09-07 22:45:00,22.250307,69.456642,16.0,115.0,115.0,MV INDIAN MARINER 25,IMO9001025,AT25,70,0,225,35,9.0,70,A
419001025,2026-09-07 22:50:00,22.240789,69.478427,16.0,115.0,115.0,MV INDIAN MARINER 25,IMO9001025,AT25,70,0,225,35,9.0,70,A
419001025,2026-09-07 22:55:00,22.23144,69.500097,16.0,115.0,115.0,MV INDIAN MARINER 25,IMO9001025,AT25,70,0,225,35,9.0,70,A
419001025,2026-09-07 23:00:00,22.221986,69.521963,16.0,115.0,115.0,MV INDIAN MARINER 25,IMO9001025,AT25,70,0,225,35,9.0,70,A
419001025,2026-09-07 23:05:00,22.212686,69.543648,16.0,115.0,115.0,MV INDIAN MARINER 25,IMO9001025,AT25,70,0,225,35,9.0,70,A
419001025,2026-09-07 23:10:00,22.203173,69.565477,16.0,115.0,115.0,MV INDIAN MARINER 25,IMO9001025,AT25,70,0,225,35,9.0,70,A
419001025,2026-09-07 23:15:00,22.193907,69.587213,16.0,115.0,115.0,MV INDIAN MARINER 25,IMO9001025,AT25,70,0,225,35,9.0,70,A
419001025,2026-09-07 23:20:00,22.184569,69.609051,16.0,115.0,115.0,MV INDIAN MARINER 25,IMO9001025,AT25,70,0,225,35,9.0,70,A
419001025,2026-09-07 23:25:00,22.175066,69.630761,16.0,115.0,115.0,MV INDIAN MARINER 25,IMO9001025,AT25,70,0,225,35,9.0,70,A
419001025,2026-09-07 23:30:00,22.165734,69.652539,16.0,115.0,115.0,MV INDIAN MARINER 25,IMO9001025,AT25,70,0,225,35,9.0,70,A
419001025,2026-09-07 23:35:00,22.156397,69.674322,16.0,115.0,115.0,MV INDIAN MARINER 25,IMO9001025,AT25,70,0,225,35,9.0,70,A
419001025,2026-09-07 23:40:00,22.146896,69.696013,16.0,115.0,115.0,MV INDIAN MARINER 25,IMO9001025,AT25,70,0,225,35,9.0,70,A
419001025,2026-09-07 23:45:00,22.137567,69.717881,16.0,115.0,115.0,MV INDIAN MARINER 25,IMO9001025,AT25,70,0,225,35,9.0,70,A
419001025,2026-09-07 23:50:00,22.128164,69.739528,16.0,115.0,115.0,MV INDIAN MARINER 25,IMO9001025,AT25,70,0,225,35,9.0,70,A
419001025,2026-09-07 23:55:00,22.118806,69.761213,16.0,115.0,115.0,MV INDIAN MARINER 25,IMO9001025,AT25,70,0,225,35,9.0,70,A
419001025,2026-09-08 00:00:00,22.109422,69.783098,16.0,115.0,115.0,MV INDIAN MARINER 25,IMO9001025,AT25,70,0,225,35,9.0,70,A
419001025,2026-09-08 00:05:00,22.099926,69.804882,16.0,115.0,115.0,MV INDIAN MARINER 25,IMO9001025,AT25,70,0,225,35,9.0,70,A
419001025,2026-09-08 00:10:00,22.090614,69.826511,16.0,115.0,115.0,MV INDIAN MARINER 25,IMO9001025,AT25,70,0,225,35,9.0,70,A
419001025,2026-09-08 00:15:00,22.08117,69.848266,16.0,115.0,115.0,MV INDIAN MARINER 25,IMO9001025,AT25,70,0,225,35,9.0,70,A
419001025,2026-09-08 00:20:00,22.071866,69.870071,16.0,115.0,115.0,MV INDIAN MARINER 25,IMO9001025,AT25,70,0,225,35,9.0,70,A
419001025,2026-09-08 00:25:00,22.062469,69.891873,16.0,115.0,115.0,MV INDIAN MARINER 25,IMO9001025,AT25,70,0,225,35,9.0,70,A
419001025,2026-09-08 00:30:00,22.053083,69.91373,16.0,115.0,115.0,MV INDIAN MARINER 25,IMO9001025,AT25,70,0,225,35,9.0,70,A
419001025,2026-09-08 00:35:00,22.043614,69.935384,16.0,115.0,115.0,MV INDIAN MARINER 25,IMO9001025,AT25,70,0,225,35,9.0,70,A
419001025,2026-09-08 00:40:00,22.034307,69.95719,16.0,115.0,115.0,MV INDIAN MARINER 25,IMO9001025,AT25,70,0,225,35,9.0,70,A
419001025,2026-09-08 00:45:00,22.024788,69.978882,16.0,115.0,115.0,MV INDIAN MARINER 25,IMO9001025,AT25,70,0,225,35,9.0,70,A
419001025,2026-09-08 00:50:00,22.015494,70.000615,16.0,115.0,115.0,MV INDIAN MARINER 25,IMO9001025,AT25,70,0,225,35,9.0,70,A
419001025,2026-09-08 00:55:00,22.006168,70.02247,16.0,115.0,115.0,MV INDIAN MARINER 25,IMO9001025,AT25,70,0,225,35,9.0,70,A
419001025,2026-09-08 01:00:00,21.996753,70.044283,16.0,115.0,115.0,MV INDIAN MARINER 25,IMO9001025,AT25,70,0,225,35,9.0,70,A
419001025,2026-09-08 01:05:00,21.987326,70.06601,16.0,115.0,115.0,MV INDIAN MARINER 25,IMO9001025,AT25,70,0,225,35,9.0,70,A
419001025,2026-09-08 01:10:00,21.977867,70.087675,16.0,115.0,115.0,MV INDIAN MARINER 25,IMO9001025,AT25,70,0,225,35,9.0,70,A
419001025,2026-09-08 01:15:00,21.968551,70.109455,16.0,115.0,115.0,MV INDIAN MARINER 25,IMO9001025,AT25,70,0,225,35,9.0,70,A
419001025,2026-09-08 01:20:00,21.959134,70.13121,16.0,115.0,115.0,MV INDIAN MARINER 25,IMO9001025,AT25,70,0,225,35,9.0,70,A
419001025,2026-09-08 01:25:00,21.949667,70.153085,16.0,115.0,115.0,MV INDIAN MARINER 25,IMO9001025,AT25,70,0,225,35,9.0,70,A
419001025,2026-09-08 01:30:00,21.94038,70.174678,16.0,115.0,115.0,MV INDIAN MARINER 25,IMO9001025,AT25,70,0,225,35,9.0,70,A
419001025,2026-09-08 01:35:00,21.931033,70.196621,16.0,115.0,115.0,MV INDIAN MARINER 25,IMO9001025,AT25,70,0,225,35,9.0,70,A
419001025,2026-09-08 01:40:00,21.921558,70.21826,16.0,115.0,115.0,MV INDIAN MARINER 25,IMO9001025,AT25,70,0,225,35,9.0,70,A
419001025,2026-09-08 01:45:00,21.912085,70.240123,16.0,115.0,115.0,MV INDIAN MARINER 25,IMO9001025,AT25,70,0,225,35,9.0,70,A
419001025,2026-09-08 01:50:00,21.902808,70.261748,16.0,115.0,115.0,MV INDIAN MARINER 25,IMO9001025,AT25,70,0,225,35,9.0,70,A
419001025,2026-09-08 01:55:00,21.893482,70.283538,16.0,115.0,115.0,MV INDIAN MARINER 25,IMO9001025,AT25,70,0,225,35,9.0,70,A
419001025,2026-09-08 02:00:00,21.883971,70.305336,16.0,115.0,115.0,MV INDIAN MARINER 25,IMO9001025,AT25,70,0,225,35,9.0,70,A
419001025,2026-09-08 02:05:00,21.874556,70.327014,16.0,115.0,115.0,MV INDIAN MARINER 25,IMO9001025,AT25,70,0,225,35,9.0,70,A
419001025,2026-09-08 02:10:00,21.865221,70.348881,16.0,115.0,115.0,MV INDIAN MARINER 25,IMO9001025,AT25,70,0,225,35,9.0,70,A
419001025,2026-09-08 02:15:00,21.85585,70.370578,16.0,115.0,115.0,MV INDIAN MARINER 25,IMO9001025,AT25,70,0,225,35,9.0,70,A
419001025,2026-09-08 02:20:00,21.846427,70.392399,16.0,115.0,115.0,MV INDIAN MARINER 25,IMO9001025,AT25,70,0,225,35,9.0,70,A
419001025,2026-09-08 02:25:00,21.837143,70.414184,16.0,115.0,115.0,MV INDIAN MARINER 25,IMO9001025,AT25,70,0,225,35,9.0,70,A
419001025,2026-09-08 02:30:00,21.827631,70.435949,16.0,115.0,115.0,MV INDIAN MARINER 25,IMO9001025,AT25,70,0,225,35,9.0,70,A
419001025,2026-09-08 02:35:00,21.818295,70.457754,16.0,115.0,115.0,MV INDIAN MARINER 25,IMO9001025,AT25,70,0,225,35,9.0,70,A
419001025,2026-09-08 02:40:00,21.808901,70.479336,16.0,115.0,115.0,MV INDIAN MARINER 25,IMO9001025,AT25,70,0,225,35,9.0,70,A
419001025,2026-09-08 02:45:00,21.799455,70.501148,16.0,115.0,115.0,MV INDIAN MARINER 25,IMO9001025,AT25,70,0,225,35,9.0,70,A
419001025,2026-09-08 02:50:00,21.790121,70.523005,16.0,115.0,115.0,MV INDIAN MARINER 25,IMO9001025,AT25,70,0,225,35,9.0,70,A
419001025,2026-09-08 02:55:00,21.780738,70.544741,16.0,115.0,115.0,MV INDIAN MARINER 25,IMO9001025,AT25,70,0,225,35,9.0,70,A
419001025,2026-09-08 03:00:00,21.771435,70.566483,16.0,115.0,115.0,MV INDIAN MARINER 25,IMO9001025,AT25,70,0,225,35,9.0,70,A
419001025,2026-09-08 03:05:00,21.761878,70.588295,16.0,115.0,115.0,MV INDIAN MARINER 25,IMO9001025,AT25,70,0,225,35,9.0,70,A
419001025,2026-09-08 03:10:00,21.752555,70.609941,16.0,115.0,115.0,MV INDIAN MARINER 25,IMO9001025,AT25,70,0,225,35,9.0,70,A
419001025,2026-09-08 03:15:00,21.743082,70.631757,16.0,115.0,115.0,MV INDIAN MARINER 25,IMO9001025,AT25,70,0,225,35,9.0,70,A
419001025,2026-09-08 03:20:00,21.733744,70.653526,16.0,115.0,115.0,MV INDIAN MARINER 25,IMO9001025,AT25,70,0,225,35,9.0,70,A
419001025,2026-09-08 03:25:00,21.724445,70.675288,16.0,115.0,115.0,MV INDIAN MARINER 25,IMO9001025,AT25,70,0,225,35,9.0,70,A
419001026,2026-09-07 17:30:00,11.111447,74.800261,17.0,135.0,135.0,MV INDIAN MARINER 26,IMO9001026,AT26,30,0,228,36,10.0,30,B
419001026,2026-09-07 17:35:00,11.094717,74.817241,17.0,135.0,135.0,MV INDIAN MARINER 26,IMO9001026,AT26,30,0,228,36,10.0,30,B
419001026,2026-09-07 17:40:00,11.078214,74.834059,17.0,135.0,135.0,MV INDIAN MARINER 26,IMO9001026,AT26,30,0,228,36,10.0,30,B
419001026,2026-09-07 17:45:00,11.061452,74.851159,17.0,135.0,135.0,MV INDIAN MARINER 26,IMO9001026,AT26,30,0,228,36,10.0,30,B
419001026,2026-09-07 17:50:00,11.044781,74.868014,17.0,135.0,135.0,MV INDIAN MARINER 26,IMO9001026,AT26,30,0,228,36,10.0,30,B
419001026,2026-09-07 17:55:00,11.028052,74.885031,17.0,135.0,135.0,MV INDIAN MARINER 26,IMO9001026,AT26,30,0,228,36,10.0,30,B
419001026,2026-09-07 18:00:00,11.011395,74.901972,17.0,135.0,135.0,MV INDIAN MARINER 26,IMO9001026,AT26,30,0,228,36,10.0,30,B
419001026,2026-09-07 18:05:00,10.994557,74.918924,17.0,135.0,135.0,MV INDIAN MARINER 26,IMO9001026,AT26,30,0,228,36,10.0,30,B
419001026,2026-09-07 18:10:00,10.978003,74.935858,17.0,135.0,135.0,MV INDIAN MARINER 26,IMO9001026,AT26,30,0,228,36,10.0,30,B
419001026,2026-09-07 18:15:00,10.961269,74.952768,17.0,135.0,135.0,MV INDIAN MARINER 26,IMO9001026,AT26,30,0,228,36,10.0,30,B
419001026,2026-09-07 18:20:00,10.944555,74.969754,17.0,135.0,135.0,MV INDIAN MARINER 26,IMO9001026,AT26,30,0,228,36,10.0,30,B
419001026,2026-09-07 18:25:00,10.927934,74.98668,17.0,135.0,135.0,MV INDIAN MARINER 26,IMO9001026,AT26,30,0,228,36,10.0,30,B
419001026,2026-09-07 18:30:00,10.911101,75.003744,17.0,135.0,135.0,MV INDIAN MARINER 26,IMO9001026,AT26,30,0,228,36,10.0,30,B
419001026,2026-09-07 18:35:00,10.894473,75.020658,17.0,135.0,135.0,MV INDIAN MARINER 26,IMO9001026,AT26,30,0,228,36,10.0,30,B
419001026,2026-09-07 18:40:00,10.877868,75.037509,17.0,135.0,135.0,MV INDIAN MARINER 26,IMO9001026,AT26,30,0,228,36,10.0,30,B
419001026,2026-09-07 18:45:00,10.861179,75.054524,17.0,135.0,135.0,MV INDIAN MARINER 26,IMO9001026,AT26,30,0,228,36,10.0,30,B
419001026,2026-09-07 18:50:00,10.844482,75.071539,17.0,135.0,135.0,MV INDIAN MARINER 26,IMO9001026,AT26,30,0,228,36,10.0,30,B
419001026,2026-09-07 18:55:00,10.827669,75.088559,17.0,135.0,135.0,MV INDIAN MARINER 26,IMO9001026,AT26,30,0,228,36,10.0,30,B
419001026,2026-09-07 19:00:00,10.81101,75.105389,17.0,135.0,135.0,MV INDIAN MARINER 26,IMO9001026,AT26,30,0,228,36,10.0,30,B
419001026,2026-09-07 19:05:00,10.79443,75.122404,17.0,135.0,135.0,MV INDIAN MARINER 26,IMO9001026,AT26,30,0,228,36,10.0,30,B
419001026,2026-09-07 19:10:00,10.777617,75.139358,17.0,135.0,135.0,MV INDIAN MARINER 26,IMO9001026,AT26,30,0,228,36,10.0,30,B
419001026,2026-09-07 19:15:00,10.760921,75.15621,17.0,135.0,135.0,MV INDIAN MARINER 26,IMO9001026,AT26,30,0,228,36,10.0,30,B
419001026,2026-09-07 19:20:00,10.744325,75.1733,17.0,135.0,135.0,MV INDIAN MARINER 26,IMO9001026,AT26,30,0,228,36,10.0,30,B
419001026,2026-09-07 19:25:00,10.727492,75.190177,17.0,135.0,135.0,MV INDIAN MARINER 26,IMO9001026,AT26,30,0,228,36,10.0,30,B
419001026,2026-09-07 19:30:00,10.710793,75.207138,17.0,135.0,135.0,MV INDIAN MARINER 26,IMO9001026,AT26,30,0,228,36,10.0,30,B
419001026,2026-09-07 19:35:00,10.694161,75.224156,17.0,135.0,135.0,MV INDIAN MARINER 26,IMO9001026,AT26,30,0,228,36,10.0,30,B
419001026,2026-09-07 19:40:00,10.677476,75.241108,17.0,135.0,135.0,MV INDIAN MARINER 26,IMO9001026,AT26,30,0,228,36,10.0,30,B
419001026,2026-09-07 19:45:00,10.660764,75.258041,17.0,135.0,135.0,MV INDIAN MARINER 26,IMO9001026,AT26,30,0,228,36,10.0,30,B
419001026,2026-09-07 19:50:00,10.644191,75.274978,17.0,135.0,135.0,MV INDIAN MARINER 26,IMO9001026,AT26,30,0,228,36,10.0,30,B
419001026,2026-09-07 19:55:00,10.627476,75.291841,17.0,135.0,135.0,MV INDIAN MARINER 26,IMO9001026,AT26,30,0,228,36,10.0,30,B
419001026,2026-09-07 20:00:00,10.610665,75.308854,17.0,135.0,135.0,MV INDIAN MARINER 26,IMO9001026,AT26,30,0,228,36,10.0,30,B
419001026,2026-09-07 20:05:00,10.594092,75.32586,17.0,135.0,135.0,MV INDIAN MARINER 26,IMO9001026,AT26,30,0,228,36,10.0,30,B
419001026,2026-09-07 20:10:00,10.577425,75.342835,17.0,135.0,135.0,MV INDIAN MARINER 26,IMO9001026,AT26,30,0,228,36,10.0,30,B
419001026,2026-09-07 20:15:00,10.560631,75.359824,17.0,135.0,135.0,MV INDIAN MARINER 26,IMO9001026,AT26,30,0,228,36,10.0,30,B
419001026,2026-09-07 20:20:00,10.543967,75.376688,17.0,135.0,135.0,MV INDIAN MARINER 26,IMO9001026,AT26,30,0,228,36,10.0,30,B
419001026,2026-09-07 20:25:00,10.527273,75.393726,17.0,135.0,135.0,MV INDIAN MARINER 26,IMO9001026,AT26,30,0,228,36,10.0,30,B
419001026,2026-09-07 20:30:00,10.510602,75.410614,17.0,135.0,135.0,MV INDIAN MARINER 26,IMO9001026,AT26,30,0,228,36,10.0,30,B
419001026,2026-09-07 20:35:00,10.493852,75.427534,17.0,135.0,135.0,MV INDIAN MARINER 26,IMO9001026,AT26,30,0,228,36,10.0,30,B
419001026,2026-09-07 20:40:00,10.477125,75.444442,17.0,135.0,135.0,MV INDIAN MARINER 26,IMO9001026,AT26,30,0,228,36,10.0,30,B
419001026,2026-09-07 20:45:00,10.460508,75.461554,17.0,135.0,135.0,MV INDIAN MARINER 26,IMO9001026,AT26,30,0,228,36,10.0,30,B
419001026,2026-09-07 20:50:00,10.443883,75.478395,17.0,135.0,135.0,MV INDIAN MARINER 26,IMO9001026,AT26,30,0,228,36,10.0,30,B
419001026,2026-09-07 20:55:00,10.427082,75.495401,17.0,135.0,135.0,MV INDIAN MARINER 26,IMO9001026,AT26,30,0,228,36,10.0,30,B
419001026,2026-09-07 21:00:00,10.410349,75.512416,17.0,135.0,135.0,MV INDIAN MARINER 26,IMO9001026,AT26,30,0,228,36,10.0,30,B
419001026,2026-09-07 21:05:00,10.393747,75.529408,17.0,135.0,135.0,MV INDIAN MARINER 26,IMO9001026,AT26,30,0,228,36,10.0,30,B
419001026,2026-09-07 21:10:00,10.376938,75.546219,17.0,135.0,135.0,MV INDIAN MARINER 26,IMO9001026,AT26,30,0,228,36,10.0,30,B
419001026,2026-09-07 21:15:00,10.360377,75.563244,17.0,135.0,135.0,MV INDIAN MARINER 26,IMO9001026,AT26,30,0,228,36,10.0,30,B
419001026,2026-09-07 21:20:00,10.343676,75.580127,17.0,135.0,135.0,MV INDIAN MARINER 26,IMO9001026,AT26,30,0,228,36,10.0,30,B
419001026,2026-09-07 21:25:00,10.326903,75.597219,17.0,135.0,135.0,MV INDIAN MARINER 26,IMO9001026,AT26,30,0,228,36,10.0,30,B
419001026,2026-09-07 21:30:00,10.310253,75.614066,17.0,135.0,135.0,MV INDIAN MARINER 26,IMO9001026,AT26,30,0,228,36,10.0,30,B
419001026,2026-09-07 21:35:00,10.293659,75.631101,17.0,135.0,135.0,MV INDIAN MARINER 26,IMO9001026,AT26,30,0,228,36,10.0,30,B
419001026,2026-09-07 21:40:00,10.276833,75.648023,17.0,135.0,135.0,MV INDIAN MARINER 26,IMO9001026,AT26,30,0,228,36,10.0,30,B
419001026,2026-09-07 21:45:00,10.260184,75.665028,17.0,135.0,135.0,MV INDIAN MARINER 26,IMO9001026,AT26,30,0,228,36,10.0,30,B
419001026,2026-09-07 21:50:00,10.243585,75.681857,17.0,135.0,135.0,MV INDIAN MARINER 26,IMO9001026,AT26,30,0,228,36,10.0,30,B
419001026,2026-09-07 21:55:00,10.22681,75.698851,17.0,135.0,135.0,MV INDIAN MARINER 26,IMO9001026,AT26,30,0,228,36,10.0,30,B
419001026,2026-09-07 22:00:00,10.210127,75.715838,17.0,135.0,135.0,MV INDIAN MARINER 26,IMO9001026,AT26,30,0,228,36,10.0,30,B
419001026,2026-09-07 22:05:00,10.193413,75.732801,17.0,135.0,135.0,MV INDIAN MARINER 26,IMO9001026,AT26,30,0,228,36,10.0,30,B
419001026,2026-09-07 22:10:00,10.176778,75.749719,17.0,135.0,135.0,MV INDIAN MARINER 26,IMO9001026,AT26,30,0,228,36,10.0,30,B
419001026,2026-09-07 22:15:00,10.16001,75.76677,17.0,135.0,135.0,MV INDIAN MARINER 26,IMO9001026,AT26,30,0,228,36,10.0,30,B
419001026,2026-09-07 22:20:00,10.143244,75.783604,17.0,135.0,135.0,MV INDIAN MARINER 26,IMO9001026,AT26,30,0,228,36,10.0,30,B
419001026,2026-09-07 22:25:00,10.126554,75.800643,17.0,135.0,135.0,MV INDIAN MARINER 26,IMO9001026,AT26,30,0,228,36,10.0,30,B
419001026,2026-09-07 22:30:00,10.109888,75.81752,17.0,135.0,135.0,MV INDIAN MARINER 26,IMO9001026,AT26,30,0,228,36,10.0,30,B
419001026,2026-09-07 22:35:00,10.093298,75.834566,17.0,135.0,135.0,MV INDIAN MARINER 26,IMO9001026,AT26,30,0,228,36,10.0,30,B
419001026,2026-09-07 22:40:00,10.076505,75.851504,17.0,135.0,135.0,MV INDIAN MARINER 26,IMO9001026,AT26,30,0,228,36,10.0,30,B
419001026,2026-09-07 22:45:00,10.059839,75.868449,17.0,135.0,135.0,MV INDIAN MARINER 26,IMO9001026,AT26,30,0,228,36,10.0,30,B
419001026,2026-09-07 22:50:00,10.043254,75.885305,17.0,135.0,135.0,MV INDIAN MARINER 26,IMO9001026,AT26,30,0,228,36,10.0,30,B
419001026,2026-09-07 22:55:00,10.026533,75.902325,17.0,135.0,135.0,MV INDIAN MARINER 26,IMO9001026,AT26,30,0,228,36,10.0,30,B
419001026,2026-09-07 23:00:00,10.009728,75.919385,17.0,135.0,135.0,MV INDIAN MARINER 26,IMO9001026,AT26,30,0,228,36,10.0,30,B
419001026,2026-09-07 23:05:00,9.993022,75.936238,17.0,135.0,135.0,MV INDIAN MARINER 26,IMO9001026,AT26,30,0,228,36,10.0,30,B
419001026,2026-09-07 23:10:00,9.976346,75.953229,17.0,135.0,135.0,MV INDIAN MARINER 26,IMO9001026,AT26,30,0,228,36,10.0,30,B
419001026,2026-09-07 23:15:00,9.959614,75.970144,17.0,135.0,135.0,MV INDIAN MARINER 26,IMO9001026,AT26,30,0,228,36,10.0,30,B
419001026,2026-09-07 23:20:00,9.942982,75.987155,17.0,135.0,135.0,MV INDIAN MARINER 26,IMO9001026,AT26,30,0,228,36,10.0,30,B
419001026,2026-09-07 23:25:00,9.926363,76.004005,17.0,135.0,135.0,MV INDIAN MARINER 26,IMO9001026,AT26,30,0,228,36,10.0,30,B
419001026,2026-09-07 23:30:00,9.909706,76.020984,17.0,135.0,135.0,MV INDIAN MARINER 26,IMO9001026,AT26,30,0,228,36,10.0,30,B
419001026,2026-09-07 23:35:00,9.893018,76.038071,17.0,135.0,135.0,MV INDIAN MARINER 26,IMO9001026,AT26,30,0,228,36,10.0,30,B
419001026,2026-09-07 23:40:00,9.876332,76.054894,17.0,135.0,135.0,MV INDIAN MARINER 26,IMO9001026,AT26,30,0,228,36,10.0,30,B
419001026,2026-09-07 23:45:00,9.85951,76.071999,17.0,135.0,135.0,MV INDIAN MARINER 26,IMO9001026,AT26,30,0,228,36,10.0,30,B
419001026,2026-09-07 23:50:00,9.842818,76.088893,17.0,135.0,135.0,MV INDIAN MARINER 26,IMO9001026,AT26,30,0,228,36,10.0,30,B
419001026,2026-09-07 23:55:00,9.82617,76.105723,17.0,135.0,135.0,MV INDIAN MARINER 26,IMO9001026,AT26,30,0,228,36,10.0,30,B
419001026,2026-09-08 00:00:00,9.809407,76.122866,17.0,135.0,135.0,MV INDIAN MARINER 26,IMO9001026,AT26,30,0,228,36,10.0,30,B
419001026,2026-09-08 00:05:00,9.792716,76.139772,17.0,135.0,135.0,MV INDIAN MARINER 26,IMO9001026,AT26,30,0,228,36,10.0,30,B
419001026,2026-09-08 00:10:00,9.776023,76.156745,17.0,135.0,135.0,MV INDIAN MARINER 26,IMO9001026,AT26,30,0,228,36,10.0,30,B
419001026,2026-09-08 00:15:00,9.759356,76.173671,17.0,135.0,135.0,MV INDIAN MARINER 26,IMO9001026,AT26,30,0,228,36,10.0,30,B
419001026,2026-09-08 00:20:00,9.74273,76.190566,17.0,135.0,135.0,MV INDIAN MARINER 26,IMO9001026,AT26,30,0,228,36,10.0,30,B
419001026,2026-09-08 00:25:00,9.726106,76.20749,17.0,135.0,135.0,MV INDIAN MARINER 26,IMO9001026,AT26,30,0,228,36,10.0,30,B
419001026,2026-09-08 00:30:00,9.709364,76.224573,17.0,135.0,135.0,MV INDIAN MARINER 26,IMO9001026,AT26,30,0,228,36,10.0,30,B
419001026,2026-09-08 00:35:00,9.69268,76.24144,17.0,135.0,135.0,MV INDIAN MARINER 26,IMO9001026,AT26,30,0,228,36,10.0,30,B
419001026,2026-09-08 00:40:00,9.675881,76.258344,17.0,135.0,135.0,MV INDIAN MARINER 26,IMO9001026,AT26,30,0,228,36,10.0,30,B
419001026,2026-09-08 00:45:00,9.65932,76.275384,17.0,135.0,135.0,MV INDIAN MARINER 26,IMO9001026,AT26,30,0,228,36,10.0,30,B
419001026,2026-09-08 00:50:00,9.642509,76.292258,17.0,135.0,135.0,MV INDIAN MARINER 26,IMO9001026,AT26,30,0,228,36,10.0,30,B
419001026,2026-09-08 00:55:00,9.625787,76.309317,17.0,135.0,135.0,MV INDIAN MARINER 26,IMO9001026,AT26,30,0,228,36,10.0,30,B
419001026,2026-09-08 01:00:00,9.609251,76.326312,17.0,135.0,135.0,MV INDIAN MARINER 26,IMO9001026,AT26,30,0,228,36,10.0,30,B
419001026,2026-09-08 01:05:00,9.592439,76.343112,17.0,135.0,135.0,MV INDIAN MARINER 26,IMO9001026,AT26,30,0,228,36,10.0,30,B
419001026,2026-09-08 01:10:00,9.575818,76.360169,17.0,135.0,135.0,MV INDIAN MARINER 26,IMO9001026,AT26,30,0,228,36,10.0,30,B
419001026,2026-09-08 01:15:00,9.559049,76.377157,17.0,135.0,135.0,MV INDIAN MARINER 26,IMO9001026,AT26,30,0,228,36,10.0,30,B
419001026,2026-09-08 01:20:00,9.542299,76.394092,17.0,135.0,135.0,MV INDIAN MARINER 26,IMO9001026,AT26,30,0,228,36,10.0,30,B
419001026,2026-09-08 01:25:00,9.525697,76.41101,17.0,135.0,135.0,MV INDIAN MARINER 26,IMO9001026,AT26,30,0,228,36,10.0,30,B
419001026,2026-09-08 01:30:00,9.509081,76.428015,17.0,135.0,135.0,MV INDIAN MARINER 26,IMO9001026,AT26,30,0,228,36,10.0,30,B
419001026,2026-09-08 01:35:00,9.492398,76.445004,17.0,135.0,135.0,MV INDIAN MARINER 26,IMO9001026,AT26,30,0,228,36,10.0,30,B
419001026,2026-09-08 01:40:00,9.475569,76.461824,17.0,135.0,135.0,MV INDIAN MARINER 26,IMO9001026,AT26,30,0,228,36,10.0,30,B
419001026,2026-09-08 01:45:00,9.45887,76.478791,17.0,135.0,135.0,MV INDIAN MARINER 26,IMO9001026,AT26,30,0,228,36,10.0,30,B
419001026,2026-09-08 01:50:00,9.442168,76.495707,17.0,135.0,135.0,MV INDIAN MARINER 26,IMO9001026,AT26,30,0,228,36,10.0,30,B
419001026,2026-09-08 01:55:00,9.425554,76.512735,17.0,135.0,135.0,MV INDIAN MARINER 26,IMO9001026,AT26,30,0,228,36,10.0,30,B
419001026,2026-09-08 02:00:00,9.40881,76.529789,17.0,135.0,135.0,MV INDIAN MARINER 26,IMO9001026,AT26,30,0,228,36,10.0,30,B
419001026,2026-09-08 02:05:00,9.392172,76.546591,17.0,135.0,135.0,MV INDIAN MARINER 26,IMO9001026,AT26,30,0,228,36,10.0,30,B
419001026,2026-09-08 02:10:00,9.375385,76.563718,17.0,135.0,135.0,MV INDIAN MARINER 26,IMO9001026,AT26,30,0,228,36,10.0,30,B
419001026,2026-09-08 02:15:00,9.35873,76.580528,17.0,135.0,135.0,MV INDIAN MARINER 26,IMO9001026,AT26,30,0,228,36,10.0,30,B
419001026,2026-09-08 02:20:00,9.342166,76.597507,17.0,135.0,135.0,MV INDIAN MARINER 26,IMO9001026,AT26,30,0,228,36,10.0,30,B
419001026,2026-09-08 02:25:00,9.32539,76.614429,17.0,135.0,135.0,MV INDIAN MARINER 26,IMO9001026,AT26,30,0,228,36,10.0,30,B
419001026,2026-09-08 02:30:00,9.308739,76.631517,17.0,135.0,135.0,MV INDIAN MARINER 26,IMO9001026,AT26,30,0,228,36,10.0,30,B
419001026,2026-09-08 02:35:00,9.292038,76.648329,17.0,135.0,135.0,MV INDIAN MARINER 26,IMO9001026,AT26,30,0,228,36,10.0,30,B
419001026,2026-09-08 02:40:00,9.275231,76.665404,17.0,135.0,135.0,MV INDIAN MARINER 26,IMO9001026,AT26,30,0,228,36,10.0,30,B
419001026,2026-09-08 02:45:00,9.25866,76.682255,17.0,135.0,135.0,MV INDIAN MARINER 26,IMO9001026,AT26,30,0,228,36,10.0,30,B
419001026,2026-09-08 02:50:00,9.241889,76.699184,17.0,135.0,135.0,MV INDIAN MARINER 26,IMO9001026,AT26,30,0,228,36,10.0,30,B
419001026,2026-09-08 02:55:00,9.225265,76.716308,17.0,135.0,135.0,MV INDIAN MARINER 26,IMO9001026,AT26,30,0,228,36,10.0,30,B
419001026,2026-09-08 03:00:00,9.208458,76.733126,17.0,135.0,135.0,MV INDIAN MARINER 26,IMO9001026,AT26,30,0,228,36,10.0,30,B
419001026,2026-09-08 03:05:00,9.191897,76.75019,17.0,135.0,135.0,MV INDIAN MARINER 26,IMO9001026,AT26,30,0,228,36,10.0,30,B
419001026,2026-09-08 03:10:00,9.175207,76.767075,17.0,135.0,135.0,MV INDIAN MARINER 26,IMO9001026,AT26,30,0,228,36,10.0,30,B
419001026,2026-09-08 03:15:00,9.158501,76.783971,17.0,135.0,135.0,MV INDIAN MARINER 26,IMO9001026,AT26,30,0,228,36,10.0,30,B
419001026,2026-09-08 03:20:00,9.141846,76.801108,17.0,135.0,135.0,MV INDIAN MARINER 26,IMO9001026,AT26,30,0,228,36,10.0,30,B
419001026,2026-09-08 03:25:00,9.125017,76.817927,17.0,135.0,135.0,MV INDIAN MARINER 26,IMO9001026,AT26,30,0,228,36,10.0,30,B
419001027,2026-09-07 17:30:00,16.935245,73.094023,18.0,160.0,160.0,MV INDIAN MARINER 27,IMO9001027,AT27,80,0,231,37,11.0,80,A
419001027,2026-09-07 17:35:00,16.911764,73.102859,18.0,160.0,160.0,MV INDIAN MARINER 27,IMO9001027,AT27,80,0,231,37,11.0,80,A
419001027,2026-09-07 17:40:00,16.888282,73.111774,18.0,160.0,160.0,MV INDIAN MARINER 27,IMO9001027,AT27,80,0,231,37,11.0,80,A
419001027,2026-09-07 17:45:00,16.864717,73.120503,18.0,160.0,160.0,MV INDIAN MARINER 27,IMO9001027,AT27,80,0,231,37,11.0,80,A
419001027,2026-09-07 17:50:00,16.841314,73.129353,18.0,160.0,160.0,MV INDIAN MARINER 27,IMO9001027,AT27,80,0,231,37,11.0,80,A
419001027,2026-09-07 17:55:00,16.817724,73.138305,18.0,160.0,160.0,MV INDIAN MARINER 27,IMO9001027,AT27,80,0,231,37,11.0,80,A
419001027,2026-09-07 18:00:00,16.794309,73.147097,18.0,160.0,160.0,MV INDIAN MARINER 27,IMO9001027,AT27,80,0,231,37,11.0,80,A
419001027,2026-09-07 18:05:00,16.770727,73.156028,18.0,160.0,160.0,MV INDIAN MARINER 27,IMO9001027,AT27,80,0,231,37,11.0,80,A
419001027,2026-09-07 18:10:00,16.74734,73.164884,18.0,160.0,160.0,MV INDIAN MARINER 27,IMO9001027,AT27,80,0,231,37,11.0,80,A
419001027,2026-09-07 18:15:00,16.72372,73.17373,18.0,160.0,160.0,MV INDIAN MARINER 27,IMO9001027,AT27,80,0,231,37,11.0,80,A
419001027,2026-09-07 18:20:00,16.700244,73.182605,18.0,160.0,160.0,MV INDIAN MARINER 27,IMO9001027,AT27,80,0,231,37,11.0,80,A
419001027,2026-09-07 18:25:00,16.676812,73.191519,18.0,160.0,160.0,MV INDIAN MARINER 27,IMO9001027,AT27,80,0,231,37,11.0,80,A
419001027,2026-09-07 18:30:00,16.653237,73.200384,18.0,160.0,160.0,MV INDIAN MARINER 27,IMO9001027,AT27,80,0,231,37,11.0,80,A
419001027,2026-09-07 18:35:00,16.629913,73.209346,18.0,160.0,160.0,MV INDIAN MARINER 27,IMO9001027,AT27,80,0,231,37,11.0,80,A
419001027,2026-09-07 18:40:00,16.606393,73.218133,18.0,160.0,160.0,MV INDIAN MARINER 27,IMO9001027,AT27,80,0,231,37,11.0,80,A
419001027,2026-09-07 18:45:00,16.582892,73.226963,18.0,160.0,160.0,MV INDIAN MARINER 27,IMO9001027,AT27,80,0,231,37,11.0,80,A
419001027,2026-09-07 18:50:00,16.559408,73.235969,18.0,160.0,160.0,MV INDIAN MARINER 27,IMO9001027,AT27,80,0,231,37,11.0,80,A
419001027,2026-09-07 18:55:00,16.535924,73.244742,18.0,160.0,160.0,MV INDIAN MARINER 27,IMO9001027,AT27,80,0,231,37,11.0,80,A
419001027,2026-09-07 19:00:00,16.51231,73.253736,18.0,160.0,160.0,MV INDIAN MARINER 27,IMO9001027,AT27,80,0,231,37,11.0,80,A
419001027,2026-09-07 19:05:00,16.488852,73.262461,18.0,160.0,160.0,MV INDIAN MARINER 27,IMO9001027,AT27,80,0,231,37,11.0,80,A
419001027,2026-09-07 19:10:00,16.465479,73.271324,18.0,160.0,160.0,MV INDIAN MARINER 27,IMO9001027,AT27,80,0,231,37,11.0,80,A
419001027,2026-09-07 19:15:00,16.441967,73.280303,18.0,160.0,160.0,MV INDIAN MARINER 27,IMO9001027,AT27,80,0,231,37,11.0,80,A
419001027,2026-09-07 19:20:00,16.418351,73.289224,18.0,160.0,160.0,MV INDIAN MARINER 27,IMO9001027,AT27,80,0,231,37,11.0,80,A
419001027,2026-09-07 19:25:00,16.39496,73.298101,18.0,160.0,160.0,MV INDIAN MARINER 27,IMO9001027,AT27,80,0,231,37,11.0,80,A
419001027,2026-09-07 19:30:00,16.37155,73.306936,18.0,160.0,160.0,MV INDIAN MARINER 27,IMO9001027,AT27,80,0,231,37,11.0,80,A
419001027,2026-09-07 19:35:00,16.348056,73.315716,18.0,160.0,160.0,MV INDIAN MARINER 27,IMO9001027,AT27,80,0,231,37,11.0,80,A
419001027,2026-09-07 19:40:00,16.324537,73.324713,18.0,160.0,160.0,MV INDIAN MARINER 27,IMO9001027,AT27,80,0,231,37,11.0,80,A
419001027,2026-09-07 19:45:00,16.300926,73.333584,18.0,160.0,160.0,MV INDIAN MARINER 27,IMO9001027,AT27,80,0,231,37,11.0,80,A
419001027,2026-09-07 19:50:00,16.277577,73.342394,18.0,160.0,160.0,MV INDIAN MARINER 27,IMO9001027,AT27,80,0,231,37,11.0,80,A
419001027,2026-09-07 19:55:00,16.253938,73.351293,18.0,160.0,160.0,MV INDIAN MARINER 27,IMO9001027,AT27,80,0,231,37,11.0,80,A
419001027,2026-09-07 20:00:00,16.230597,73.36018,18.0,160.0,160.0,MV INDIAN MARINER 27,IMO9001027,AT27,80,0,231,37,11.0,80,A
419001027,2026-09-07 20:05:00,16.206968,73.368924,18.0,160.0,160.0,MV INDIAN MARINER 27,IMO9001027,AT27,80,0,231,37,11.0,80,A
419001027,2026-09-07 20:10:00,16.183631,73.377783,18.0,160.0,160.0,MV INDIAN MARINER 27,IMO9001027,AT27,80,0,231,37,11.0,80,A
419001027,2026-09-07 20:15:00,16.16002,73.386823,18.0,160.0,160.0,MV INDIAN MARINER 27,IMO9001027,AT27,80,0,231,37,11.0,80,A
419001027,2026-09-07 20:20:00,16.136507,73.395562,18.0,160.0,160.0,MV INDIAN MARINER 27,IMO9001027,AT27,80,0,231,37,11.0,80,A
419001027,2026-09-07 20:25:00,16.113137,73.404395,18.0,160.0,160.0,MV INDIAN MARINER 27,IMO9001027,AT27,80,0,231,37,11.0,80,A
419001027,2026-09-07 20:30:00,16.089587,73.413252,18.0,160.0,160.0,MV INDIAN MARINER 27,IMO9001027,AT27,80,0,231,37,11.0,80,A
419001027,2026-09-07 20:35:00,16.066079,73.422131,18.0,160.0,160.0,MV INDIAN MARINER 27,IMO9001027,AT27,80,0,231,37,11.0,80,A
419001027,2026-09-07 20:40:00,16.04264,73.431054,18.0,160.0,160.0,MV INDIAN MARINER 27,IMO9001027,AT27,80,0,231,37,11.0,80,A
419001027,2026-09-07 20:45:00,16.019103,73.440014,18.0,160.0,160.0,MV INDIAN MARINER 27,IMO9001027,AT27,80,0,231,37,11.0,80,A
419001027,2026-09-07 20:50:00,15.995671,73.448769,18.0,160.0,160.0,MV INDIAN MARINER 27,IMO9001027,AT27,80,0,231,37,11.0,80,A
419001027,2026-09-07 20:55:00,15.972197,73.457785,18.0,160.0,160.0,MV INDIAN MARINER 27,IMO9001027,AT27,80,0,231,37,11.0,80,A
419001027,2026-09-07 21:00:00,15.948718,73.466667,18.0,160.0,160.0,MV INDIAN MARINER 27,IMO9001027,AT27,80,0,231,37,11.0,80,A
419001027,2026-09-07 21:05:00,15.925254,73.475482,18.0,160.0,160.0,MV INDIAN MARINER 27,IMO9001027,AT27,80,0,231,37,11.0,80,A
419001027,2026-09-07 21:10:00,15.901792,73.484374,18.0,160.0,160.0,MV INDIAN MARINER 27,IMO9001027,AT27,80,0,231,37,11.0,80,A
419001027,2026-09-07 21:15:00,15.878126,73.493129,18.0,160.0,160.0,MV INDIAN MARINER 27,IMO9001027,AT27,80,0,231,37,11.0,80,A
419001027,2026-09-07 21:20:00,15.854805,73.502157,18.0,160.0,160.0,MV INDIAN MARINER 27,IMO9001027,AT27,80,0,231,37,11.0,80,A
419001027,2026-09-07 21:25:00,15.831188,73.511044,18.0,160.0,160.0,MV INDIAN MARINER 27,IMO9001027,AT27,80,0,231,37,11.0,80,A
419001027,2026-09-07 21:30:00,15.807731,73.519884,18.0,160.0,160.0,MV INDIAN MARINER 27,IMO9001027,AT27,80,0,231,37,11.0,80,A
419001027,2026-09-07 21:35:00,15.784267,73.528739,18.0,160.0,160.0,MV INDIAN MARINER 27,IMO9001027,AT27,80,0,231,37,11.0,80,A
419001027,2026-09-07 21:40:00,15.760779,73.537611,18.0,160.0,160.0,MV INDIAN MARINER 27,IMO9001027,AT27,80,0,231,37,11.0,80,A
419001027,2026-09-07 21:45:00,15.737371,73.546442,18.0,160.0,160.0,MV INDIAN MARINER 27,IMO9001027,AT27,80,0,231,37,11.0,80,A
419001027,2026-09-07 21:50:00,15.713824,73.555331,18.0,160.0,160.0,MV INDIAN MARINER 27,IMO9001027,AT27,80,0,231,37,11.0,80,A
419001027,2026-09-07 21:55:00,15.690354,73.564154,18.0,160.0,160.0,MV INDIAN MARINER 27,IMO9001027,AT27,80,0,231,37,11.0,80,A
419001027,2026-09-07 22:00:00,15.66692,73.572966,18.0,160.0,160.0,MV INDIAN MARINER 27,IMO9001027,AT27,80,0,231,37,11.0,80,A
419001027,2026-09-07 22:05:00,15.643369,73.581839,18.0,160.0,160.0,MV INDIAN MARINER 27,IMO9001027,AT27,80,0,231,37,11.0,80,A
419001027,2026-09-07 22:10:00,15.619918,73.590821,18.0,160.0,160.0,MV INDIAN MARINER 27,IMO9001027,AT27,80,0,231,37,11.0,80,A
419001027,2026-09-07 22:15:00,15.596398,73.59972,18.0,160.0,160.0,MV INDIAN MARINER 27,IMO9001027,AT27,80,0,231,37,11.0,80,A
419001027,2026-09-07 22:20:00,15.5729,73.608525,18.0,160.0,160.0,MV INDIAN MARINER 27,IMO9001027,AT27,80,0,231,37,11.0,80,A
419001027,2026-09-07 22:25:00,15.549412,73.617326,18.0,160.0,160.0,MV INDIAN MARINER 27,IMO9001027,AT27,80,0,231,37,11.0,80,A
419001027,2026-09-07 22:30:00,15.52582,73.626206,18.0,160.0,160.0,MV INDIAN MARINER 27,IMO9001027,AT27,80,0,231,37,11.0,80,A
419001027,2026-09-07 22:35:00,15.502471,73.635091,18.0,160.0,160.0,MV INDIAN MARINER 27,IMO9001027,AT27,80,0,231,37,11.0,80,A
419001027,2026-09-07 22:40:00,15.478889,73.644109,18.0,160.0,160.0,MV INDIAN MARINER 27,IMO9001027,AT27,80,0,231,37,11.0,80,A
419001027,2026-09-07 22:45:00,15.45539,73.652906,18.0,160.0,160.0,MV INDIAN MARINER 27,IMO9001027,AT27,80,0,231,37,11.0,80,A
419001027,2026-09-07 22:50:00,15.431971,73.661778,18.0,160.0,160.0,MV INDIAN MARINER 27,IMO9001027,AT27,80,0,231,37,11.0,80,A
419001027,2026-09-07 22:55:00,15.408406,73.670752,18.0,160.0,160.0,MV INDIAN MARINER 27,IMO9001027,AT27,80,0,231,37,11.0,80,A
419001027,2026-09-07 23:00:00,15.384939,73.679462,18.0,160.0,160.0,MV INDIAN MARINER 27,IMO9001027,AT27,80,0,231,37,11.0,80,A
419001027,2026-09-07 23:05:00,15.361459,73.688392,18.0,160.0,160.0,MV INDIAN MARINER 27,IMO9001027,AT27,80,0,231,37,11.0,80,A
419001027,2026-09-07 23:10:00,15.337954,73.697236,18.0,160.0,160.0,MV INDIAN MARINER 27,IMO9001027,AT27,80,0,231,37,11.0,80,A
419001027,2026-09-07 23:15:00,15.31458,73.70608,18.0,160.0,160.0,MV INDIAN MARINER 27,IMO9001027,AT27,80,0,231,37,11.0,80,A
419001027,2026-09-07 23:20:00,15.290943,73.715086,18.0,160.0,160.0,MV INDIAN MARINER 27,IMO9001027,AT27,80,0,231,37,11.0,80,A
419001027,2026-09-07 23:25:00,15.267513,73.72393,18.0,160.0,160.0,MV INDIAN MARINER 27,IMO9001027,AT27,80,0,231,37,11.0,80,A
419001027,2026-09-07 23:30:00,15.243979,73.732766,18.0,160.0,160.0,MV INDIAN MARINER 27,IMO9001027,AT27,80,0,231,37,11.0,80,A
419001027,2026-09-07 23:35:00,15.220643,73.741642,18.0,160.0,160.0,MV INDIAN MARINER 27,IMO9001027,AT27,80,0,231,37,11.0,80,A
419001027,2026-09-07 23:40:00,15.197025,73.750599,18.0,160.0,160.0,MV INDIAN MARINER 27,IMO9001027,AT27,80,0,231,37,11.0,80,A
419001027,2026-09-07 23:45:00,15.173514,73.759355,18.0,160.0,160.0,MV INDIAN MARINER 27,IMO9001027,AT27,80,0,231,37,11.0,80,A
419001027,2026-09-07 23:50:00,15.150186,73.768315,18.0,160.0,160.0,MV INDIAN MARINER 27,IMO9001027,AT27,80,0,231,37,11.0,80,A
419001027,2026-09-07 23:55:00,15.126676,73.777171,18.0,160.0,160.0,MV INDIAN MARINER 27,IMO9001027,AT27,80,0,231,37,11.0,80,A
419001027,2026-09-08 00:00:00,15.103208,73.785913,18.0,160.0,160.0,MV INDIAN MARINER 27,IMO9001027,AT27,80,0,231,37,11.0,80,A
419001027,2026-09-08 00:05:00,15.079692,73.794947,18.0,160.0,160.0,MV INDIAN MARINER 27,IMO9001027,AT27,80,0,231,37,11.0,80,A
419001027,2026-09-08 00:10:00,15.056208,73.803762,18.0,160.0,160.0,MV INDIAN MARINER 27,IMO9001027,AT27,80,0,231,37,11.0,80,A
419001027,2026-09-08 00:15:00,15.032554,73.812649,18.0,160.0,160.0,MV INDIAN MARINER 27,IMO9001027,AT27,80,0,231,37,11.0,80,A
419001027,2026-09-08 00:20:00,15.009257,73.821407,18.0,160.0,160.0,MV INDIAN MARINER 27,IMO9001027,AT27,80,0,231,37,11.0,80,A
419001027,2026-09-08 00:25:00,14.985613,73.830403,18.0,160.0,160.0,MV INDIAN MARINER 27,IMO9001027,AT27,80,0,231,37,11.0,80,A
419001027,2026-09-08 00:30:00,14.962174,73.839293,18.0,160.0,160.0,MV INDIAN MARINER 27,IMO9001027,AT27,80,0,231,37,11.0,80,A
419001027,2026-09-08 00:35:00,14.938752,73.848093,18.0,160.0,160.0,MV INDIAN MARINER 27,IMO9001027,AT27,80,0,231,37,11.0,80,A
419001027,2026-09-08 00:40:00,14.915244,73.856895,18.0,160.0,160.0,MV INDIAN MARINER 27,IMO9001027,AT27,80,0,231,37,11.0,80,A
419001027,2026-09-08 00:45:00,14.891696,73.865897,18.0,160.0,160.0,MV INDIAN MARINER 27,IMO9001027,AT27,80,0,231,37,11.0,80,A
419001027,2026-09-08 00:50:00,14.868158,73.874774,18.0,160.0,160.0,MV INDIAN MARINER 27,IMO9001027,AT27,80,0,231,37,11.0,80,A
419001027,2026-09-08 00:55:00,14.844792,73.883612,18.0,160.0,160.0,MV INDIAN MARINER 27,IMO9001027,AT27,80,0,231,37,11.0,80,A
419001027,2026-09-08 01:00:00,14.821267,73.892419,18.0,160.0,160.0,MV INDIAN MARINER 27,IMO9001027,AT27,80,0,231,37,11.0,80,A
419001027,2026-09-08 01:05:00,14.797828,73.901265,18.0,160.0,160.0,MV INDIAN MARINER 27,IMO9001027,AT27,80,0,231,37,11.0,80,A
419001027,2026-09-08 01:10:00,14.774323,73.910208,18.0,160.0,160.0,MV INDIAN MARINER 27,IMO9001027,AT27,80,0,231,37,11.0,80,A
419001027,2026-09-08 01:15:00,14.750857,73.91905,18.0,160.0,160.0,MV INDIAN MARINER 27,IMO9001027,AT27,80,0,231,37,11.0,80,A
419001027,2026-09-08 01:20:00,14.72721,73.927999,18.0,160.0,160.0,MV INDIAN MARINER 27,IMO9001027,AT27,80,0,231,37,11.0,80,A
419001027,2026-09-08 01:25:00,14.703748,73.936817,18.0,160.0,160.0,MV INDIAN MARINER 27,IMO9001027,AT27,80,0,231,37,11.0,80,A
419001027,2026-09-08 01:30:00,14.680323,73.945659,18.0,160.0,160.0,MV INDIAN MARINER 27,IMO9001027,AT27,80,0,231,37,11.0,80,A
419001027,2026-09-08 01:35:00,14.656903,73.954526,18.0,160.0,160.0,MV INDIAN MARINER 27,IMO9001027,AT27,80,0,231,37,11.0,80,A
419001027,2026-09-08 01:40:00,14.633441,73.963374,18.0,160.0,160.0,MV INDIAN MARINER 27,IMO9001027,AT27,80,0,231,37,11.0,80,A
419001027,2026-09-08 01:45:00,14.609857,73.972389,18.0,160.0,160.0,MV INDIAN MARINER 27,IMO9001027,AT27,80,0,231,37,11.0,80,A
419001027,2026-09-08 01:50:00,14.586328,73.981155,18.0,160.0,160.0,MV INDIAN MARINER 27,IMO9001027,AT27,80,0,231,37,11.0,80,A
419001027,2026-09-08 01:55:00,14.562839,73.990039,18.0,160.0,160.0,MV INDIAN MARINER 27,IMO9001027,AT27,80,0,231,37,11.0,80,A
419001027,2026-09-08 02:00:00,14.539437,73.998936,18.0,160.0,160.0,MV INDIAN MARINER 27,IMO9001027,AT27,80,0,231,37,11.0,80,A
419001027,2026-09-08 02:05:00,14.515972,74.0078,18.0,160.0,160.0,MV INDIAN MARINER 27,IMO9001027,AT27,80,0,231,37,11.0,80,A
419001027,2026-09-08 02:10:00,14.492375,74.016757,18.0,160.0,160.0,MV INDIAN MARINER 27,IMO9001027,AT27,80,0,231,37,11.0,80,A
419001027,2026-09-08 02:15:00,14.469012,74.025478,18.0,160.0,160.0,MV INDIAN MARINER 27,IMO9001027,AT27,80,0,231,37,11.0,80,A
419001027,2026-09-08 02:20:00,14.445523,74.034424,18.0,160.0,160.0,MV INDIAN MARINER 27,IMO9001027,AT27,80,0,231,37,11.0,80,A
419001027,2026-09-08 02:25:00,14.42202,74.043396,18.0,160.0,160.0,MV INDIAN MARINER 27,IMO9001027,AT27,80,0,231,37,11.0,80,A
419001027,2026-09-08 02:30:00,14.398507,74.052282,18.0,160.0,160.0,MV INDIAN MARINER 27,IMO9001027,AT27,80,0,231,37,11.0,80,A
419001027,2026-09-08 02:35:00,14.375054,74.060988,18.0,160.0,160.0,MV INDIAN MARINER 27,IMO9001027,AT27,80,0,231,37,11.0,80,A
419001027,2026-09-08 02:40:00,14.351556,74.070003,18.0,160.0,160.0,MV INDIAN MARINER 27,IMO9001027,AT27,80,0,231,37,11.0,80,A
419001027,2026-09-08 02:45:00,14.328025,74.078796,18.0,160.0,160.0,MV INDIAN MARINER 27,IMO9001027,AT27,80,0,231,37,11.0,80,A
419001027,2026-09-08 02:50:00,14.304479,74.087721,18.0,160.0,160.0,MV INDIAN MARINER 27,IMO9001027,AT27,80,0,231,37,11.0,80,A
419001027,2026-09-08 02:55:00,14.281013,74.096516,18.0,160.0,160.0,MV INDIAN MARINER 27,IMO9001027,AT27,80,0,231,37,11.0,80,A
419001027,2026-09-08 03:00:00,14.257475,74.105507,18.0,160.0,160.0,MV INDIAN MARINER 27,IMO9001027,AT27,80,0,231,37,11.0,80,A
419001027,2026-09-08 03:05:00,14.234133,74.114267,18.0,160.0,160.0,MV INDIAN MARINER 27,IMO9001027,AT27,80,0,231,37,11.0,80,A
419001027,2026-09-08 03:10:00,14.210523,74.123194,18.0,160.0,160.0,MV INDIAN MARINER 27,IMO9001027,AT27,80,0,231,37,11.0,80,A
419001027,2026-09-08 03:15:00,14.186978,74.132043,18.0,160.0,160.0,MV INDIAN MARINER 27,IMO9001027,AT27,80,0,231,37,11.0,80,A
419001027,2026-09-08 03:20:00,14.163628,74.140918,18.0,160.0,160.0,MV INDIAN MARINER 27,IMO9001027,AT27,80,0,231,37,11.0,80,A
419001027,2026-09-08 03:25:00,14.140175,74.149878,18.0,160.0,160.0,MV INDIAN MARINER 27,IMO9001027,AT27,80,0,231,37,11.0,80,A
419001028,2026-09-07 17:30:00,20.717748,87.523827,12.0,210.0,210.0,MV INDIAN MARINER 28,IMO9001028,AT28,70,0,234,38,12.0,70,A
419001028,2026-09-07 17:35:00,20.703194,87.514991,12.0,210.0,210.0,MV INDIAN MARINER 28,IMO9001028,AT28,70,0,234,38,12.0,70,A
419001028,2026-09-07 17:40:00,20.688802,87.506196,12.0,210.0,210.0,MV INDIAN MARINER 28,IMO9001028,AT28,70,0,234,38,12.0,70,A
419001028,2026-09-07 17:45:00,20.674434,87.497313,12.0,210.0,210.0,MV INDIAN MARINER 28,IMO9001028,AT28,70,0,234,38,12.0,70,A
419001028,2026-09-07 17:50:00,20.659866,87.488385,12.0,210.0,210.0,MV INDIAN MARINER 28,IMO9001028,AT28,70,0,234,38,12.0,70,A
419001028,2026-09-07 17:55:00,20.645542,87.479594,12.0,210.0,210.0,MV INDIAN MARINER 28,IMO9001028,AT28,70,0,234,38,12.0,70,A
419001028,2026-09-07 18:00:00,20.631017,87.470665,12.0,210.0,210.0,MV INDIAN MARINER 28,IMO9001028,AT28,70,0,234,38,12.0,70,A
419001028,2026-09-07 18:05:00,20.616699,87.461997,12.0,210.0,210.0,MV INDIAN MARINER 28,IMO9001028,AT28,70,0,234,38,12.0,70,A
419001028,2026-09-07 18:10:00,20.602193,87.453053,12.0,210.0,210.0,MV INDIAN MARINER 28,IMO9001028,AT28,70,0,234,38,12.0,70,A
419001028,2026-09-07 18:15:00,20.587778,87.444252,12.0,210.0,210.0,MV INDIAN MARINER 28,IMO9001028,AT28,70,0,234,38,12.0,70,A
419001028,2026-09-07 18:20:00,20.573421,87.435383,12.0,210.0,210.0,MV INDIAN MARINER 28,IMO9001028,AT28,70,0,234,38,12.0,70,A
419001028,2026-09-07 18:25:00,20.55902,87.426558,12.0,210.0,210.0,MV INDIAN MARINER 28,IMO9001028,AT28,70,0,234,38,12.0,70,A
419001028,2026-09-07 18:30:00,20.544593,87.417638,12.0,210.0,210.0,MV INDIAN MARINER 28,IMO9001028,AT28,70,0,234,38,12.0,70,A
419001028,2026-09-07 18:35:00,20.530062,87.408728,12.0,210.0,210.0,MV INDIAN MARINER 28,IMO9001028,AT28,70,0,234,38,12.0,70,A
419001028,2026-09-07 18:40:00,20.515719,87.39993,12.0,210.0,210.0,MV INDIAN MARINER 28,IMO9001028,AT28,70,0,234,38,12.0,70,A
419001028,2026-09-07 18:45:00,20.50127,87.390997,12.0,210.0,210.0,MV INDIAN MARINER 28,IMO9001028,AT28,70,0,234,38,12.0,70,A
419001028,2026-09-07 18:50:00,20.486847,87.382251,12.0,210.0,210.0,MV INDIAN MARINER 28,IMO9001028,AT28,70,0,234,38,12.0,70,A
419001028,2026-09-07 18:55:00,20.472249,87.373353,12.0,210.0,210.0,MV INDIAN MARINER 28,IMO9001028,AT28,70,0,234,38,12.0,70,A
419001028,2026-09-07 19:00:00,20.457886,87.364538,12.0,210.0,210.0,MV INDIAN MARINER 28,IMO9001028,AT28,70,0,234,38,12.0,70,A
419001028,2026-09-07 19:05:00,20.44354,87.355562,12.0,210.0,210.0,MV INDIAN MARINER 28,IMO9001028,AT28,70,0,234,38,12.0,70,A
419001028,2026-09-07 19:10:00,20.429066,87.346809,12.0,210.0,210.0,MV INDIAN MARINER 28,IMO9001028,AT28,70,0,234,38,12.0,70,A
419001028,2026-09-07 19:15:00,20.414619,87.337983,12.0,210.0,210.0,MV INDIAN MARINER 28,IMO9001028,AT28,70,0,234,38,12.0,70,A
419001028,2026-09-07 19:20:00,20.400138,87.329047,12.0,210.0,210.0,MV INDIAN MARINER 28,IMO9001028,AT28,70,0,234,38,12.0,70,A
419001028,2026-09-07 19:25:00,20.38575,87.320202,12.0,210.0,210.0,MV INDIAN MARINER 28,IMO9001028,AT28,70,0,234,38,12.0,70,A
419001028,2026-09-07 19:30:00,20.371297,87.311345,12.0,210.0,210.0,MV INDIAN MARINER 28,IMO9001028,AT28,70,0,234,38,12.0,70,A
419001028,2026-09-07 19:35:00,20.356863,87.302465,12.0,210.0,210.0,MV INDIAN MARINER 28,IMO9001028,AT28,70,0,234,38,12.0,70,A
419001028,2026-09-07 19:40:00,20.342415,87.293551,12.0,210.0,210.0,MV INDIAN MARINER 28,IMO9001028,AT28,70,0,234,38,12.0,70,A
419001028,2026-09-07 19:45:00,20.328119,87.284698,12.0,210.0,210.0,MV INDIAN MARINER 28,IMO9001028,AT28,70,0,234,38,12.0,70,A
419001028,2026-09-07 19:50:00,20.313639,87.275882,12.0,210.0,210.0,MV INDIAN MARINER 28,IMO9001028,AT28,70,0,234,38,12.0,70,A
419001028,2026-09-07 19:55:00,20.299151,87.267068,12.0,210.0,210.0,MV INDIAN MARINER 28,IMO9001028,AT28,70,0,234,38,12.0,70,A
419001028,2026-09-07 20:00:00,20.284711,87.258176,12.0,210.0,210.0,MV INDIAN MARINER 28,IMO9001028,AT28,70,0,234,38,12.0,70,A
419001028,2026-09-07 20:05:00,20.270286,87.249336,12.0,210.0,210.0,MV INDIAN MARINER 28,IMO9001028,AT28,70,0,234,38,12.0,70,A
419001028,2026-09-07 20:10:00,20.25583,87.240453,12.0,210.0,210.0,MV INDIAN MARINER 28,IMO9001028,AT28,70,0,234,38,12.0,70,A
419001028,2026-09-07 20:15:00,20.241435,87.23161,12.0,210.0,210.0,MV INDIAN MARINER 28,IMO9001028,AT28,70,0,234,38,12.0,70,A
419001028,2026-09-07 20:20:00,20.226916,87.222697,12.0,210.0,210.0,MV INDIAN MARINER 28,IMO9001028,AT28,70,0,234,38,12.0,70,A
419001028,2026-09-07 20:25:00,20.212606,87.213853,12.0,210.0,210.0,MV INDIAN MARINER 28,IMO9001028,AT28,70,0,234,38,12.0,70,A
419001028,2026-09-07 20:30:00,20.198247,87.205074,12.0,210.0,210.0,MV INDIAN MARINER 28,IMO9001028,AT28,70,0,234,38,12.0,70,A
419001028,2026-09-07 20:35:00,20.18369,87.196193,12.0,210.0,210.0,MV INDIAN MARINER 28,IMO9001028,AT28,70,0,234,38,12.0,70,A
419001028,2026-09-07 20:40:00,20.169198,87.187372,12.0,210.0,210.0,MV INDIAN MARINER 28,IMO9001028,AT28,70,0,234,38,12.0,70,A
419001028,2026-09-07 20:45:00,20.154946,87.178431,12.0,210.0,210.0,MV INDIAN MARINER 28,IMO9001028,AT28,70,0,234,38,12.0,70,A
419001028,2026-09-07 20:50:00,20.140346,87.169635,12.0,210.0,210.0,MV INDIAN MARINER 28,IMO9001028,AT28,70,0,234,38,12.0,70,A
419001028,2026-09-07 20:55:00,20.125956,87.160736,12.0,210.0,210.0,MV INDIAN MARINER 28,IMO9001028,AT28,70,0,234,38,12.0,70,A
419001028,2026-09-07 21:00:00,20.111468,87.15195,12.0,210.0,210.0,MV INDIAN MARINER 28,IMO9001028,AT28,70,0,234,38,12.0,70,A
419001028,2026-09-07 21:05:00,20.097095,87.142996,12.0,210.0,210.0,MV INDIAN MARINER 28,IMO9001028,AT28,70,0,234,38,12.0,70,A
419001028,2026-09-07 21:10:00,20.082724,87.134194,12.0,210.0,210.0,MV INDIAN MARINER 28,IMO9001028,AT28,70,0,234,38,12.0,70,A
419001028,2026-09-07 21:15:00,20.0683,87.125303,12.0,210.0,210.0,MV INDIAN MARINER 28,IMO9001028,AT28,70,0,234,38,12.0,70,A
419001028,2026-09-07 21:20:00,20.05388,87.116529,12.0,210.0,210.0,MV INDIAN MARINER 28,IMO9001028,AT28,70,0,234,38,12.0,70,A
419001028,2026-09-07 21:25:00,20.039402,87.107611,12.0,210.0,210.0,MV INDIAN MARINER 28,IMO9001028,AT28,70,0,234,38,12.0,70,A
419001028,2026-09-07 21:30:00,20.024896,87.098817,12.0,210.0,210.0,MV INDIAN MARINER 28,IMO9001028,AT28,70,0,234,38,12.0,70,A
419001028,2026-09-07 21:35:00,20.0105,87.089943,12.0,210.0,210.0,MV INDIAN MARINER 28,IMO9001028,AT28,70,0,234,38,12.0,70,A
419001028,2026-09-07 21:40:00,19.99605,87.081095,12.0,210.0,210.0,MV INDIAN MARINER 28,IMO9001028,AT28,70,0,234,38,12.0,70,A
419001028,2026-09-07 21:45:00,19.981641,87.072077,12.0,210.0,210.0,MV INDIAN MARINER 28,IMO9001028,AT28,70,0,234,38,12.0,70,A
419001028,2026-09-07 21:50:00,19.967273,87.063315,12.0,210.0,210.0,MV INDIAN MARINER 28,IMO9001028,AT28,70,0,234,38,12.0,70,A
419001028,2026-09-07 21:55:00,19.952857,87.054386,12.0,210.0,210.0,MV INDIAN MARINER 28,IMO9001028,AT28,70,0,234,38,12.0,70,A
419001028,2026-09-07 22:00:00,19.938445,87.045485,12.0,210.0,210.0,MV INDIAN MARINER 28,IMO9001028,AT28,70,0,234,38,12.0,70,A
419001028,2026-09-07 22:05:00,19.923969,87.03662,12.0,210.0,210.0,MV INDIAN MARINER 28,IMO9001028,AT28,70,0,234,38,12.0,70,A
419001028,2026-09-07 22:10:00,19.909609,87.027922,12.0,210.0,210.0,MV INDIAN MARINER 28,IMO9001028,AT28,70,0,234,38,12.0,70,A
419001028,2026-09-07 22:15:00,19.895105,87.018981,12.0,210.0,210.0,MV INDIAN MARINER 28,IMO9001028,AT28,70,0,234,38,12.0,70,A
419001028,2026-09-07 22:20:00,19.88075,87.010123,12.0,210.0,210.0,MV INDIAN MARINER 28,IMO9001028,AT28,70,0,234,38,12.0,70,A
419001028,2026-09-07 22:25:00,19.866283,87.001209,12.0,210.0,210.0,MV INDIAN MARINER 28,IMO9001028,AT28,70,0,234,38,12.0,70,A
419001028,2026-09-07 22:30:00,19.851886,86.992475,12.0,210.0,210.0,MV INDIAN MARINER 28,IMO9001028,AT28,70,0,234,38,12.0,70,A
419001028,2026-09-07 22:35:00,19.837308,86.983587,12.0,210.0,210.0,MV INDIAN MARINER 28,IMO9001028,AT28,70,0,234,38,12.0,70,A
419001028,2026-09-07 22:40:00,19.822888,86.974695,12.0,210.0,210.0,MV INDIAN MARINER 28,IMO9001028,AT28,70,0,234,38,12.0,70,A
419001028,2026-09-07 22:45:00,19.808572,86.965827,12.0,210.0,210.0,MV INDIAN MARINER 28,IMO9001028,AT28,70,0,234,38,12.0,70,A
419001028,2026-09-07 22:50:00,19.794028,86.95689,12.0,210.0,210.0,MV INDIAN MARINER 28,IMO9001028,AT28,70,0,234,38,12.0,70,A
419001028,2026-09-07 22:55:00,19.779548,86.948043,12.0,210.0,210.0,MV INDIAN MARINER 28,IMO9001028,AT28,70,0,234,38,12.0,70,A
419001028,2026-09-07 23:00:00,19.765274,86.939248,12.0,210.0,210.0,MV INDIAN MARINER 28,IMO9001028,AT28,70,0,234,38,12.0,70,A
419001028,2026-09-07 23:05:00,19.750875,86.930421,12.0,210.0,210.0,MV INDIAN MARINER 28,IMO9001028,AT28,70,0,234,38,12.0,70,A
419001028,2026-09-07 23:10:00,19.736324,86.921555,12.0,210.0,210.0,MV INDIAN MARINER 28,IMO9001028,AT28,70,0,234,38,12.0,70,A
419001028,2026-09-07 23:15:00,19.72193,86.912597,12.0,210.0,210.0,MV INDIAN MARINER 28,IMO9001028,AT28,70,0,234,38,12.0,70,A
419001028,2026-09-07 23:20:00,19.707419,86.903833,12.0,210.0,210.0,MV INDIAN MARINER 28,IMO9001028,AT28,70,0,234,38,12.0,70,A
419001028,2026-09-07 23:25:00,19.693136,86.894961,12.0,210.0,210.0,MV INDIAN MARINER 28,IMO9001028,AT28,70,0,234,38,12.0,70,A
419001028,2026-09-07 23:30:00,19.678529,86.886086,12.0,210.0,210.0,MV INDIAN MARINER 28,IMO9001028,AT28,70,0,234,38,12.0,70,A
419001028,2026-09-07 23:35:00,19.66411,86.877259,12.0,210.0,210.0,MV INDIAN MARINER 28,IMO9001028,AT28,70,0,234,38,12.0,70,A
419001028,2026-09-07 23:40:00,19.649683,86.868504,12.0,210.0,210.0,MV INDIAN MARINER 28,IMO9001028,AT28,70,0,234,38,12.0,70,A
419001028,2026-09-07 23:45:00,19.635363,86.859459,12.0,210.0,210.0,MV INDIAN MARINER 28,IMO9001028,AT28,70,0,234,38,12.0,70,A
419001028,2026-09-07 23:50:00,19.620944,86.85067,12.0,210.0,210.0,MV INDIAN MARINER 28,IMO9001028,AT28,70,0,234,38,12.0,70,A
419001028,2026-09-07 23:55:00,19.606525,86.84179,12.0,210.0,210.0,MV INDIAN MARINER 28,IMO9001028,AT28,70,0,234,38,12.0,70,A
419001028,2026-09-08 00:00:00,19.591964,86.833013,12.0,210.0,210.0,MV INDIAN MARINER 28,IMO9001028,AT28,70,0,234,38,12.0,70,A
419001028,2026-09-08 00:05:00,19.577668,86.824136,12.0,210.0,210.0,MV INDIAN MARINER 28,IMO9001028,AT28,70,0,234,38,12.0,70,A
419001028,2026-09-08 00:10:00,19.563089,86.815326,12.0,210.0,210.0,MV INDIAN MARINER 28,IMO9001028,AT28,70,0,234,38,12.0,70,A
419001028,2026-09-08 00:15:00,19.548828,86.806437,12.0,210.0,210.0,MV INDIAN MARINER 28,IMO9001028,AT28,70,0,234,38,12.0,70,A
419001028,2026-09-08 00:20:00,19.534388,86.797606,12.0,210.0,210.0,MV INDIAN MARINER 28,IMO9001028,AT28,70,0,234,38,12.0,70,A
419001028,2026-09-08 00:25:00,19.519809,86.788592,12.0,210.0,210.0,MV INDIAN MARINER 28,IMO9001028,AT28,70,0,234,38,12.0,70,A
419001028,2026-09-08 00:30:00,19.505482,86.779848,12.0,210.0,210.0,MV INDIAN MARINER 28,IMO9001028,AT28,70,0,234,38,12.0,70,A
419001028,2026-09-08 00:35:00,19.490986,86.770887,12.0,210.0,210.0,MV INDIAN MARINER 28,IMO9001028,AT28,70,0,234,38,12.0,70,A
419001028,2026-09-08 00:40:00,19.476581,86.762098,12.0,210.0,210.0,MV INDIAN MARINER 28,IMO9001028,AT28,70,0,234,38,12.0,70,A
419001028,2026-09-08 00:45:00,19.462178,86.753186,12.0,210.0,210.0,MV INDIAN MARINER 28,IMO9001028,AT28,70,0,234,38,12.0,70,A
419001028,2026-09-08 00:50:00,19.447727,86.74434,12.0,210.0,210.0,MV INDIAN MARINER 28,IMO9001028,AT28,70,0,234,38,12.0,70,A
419001028,2026-09-08 00:55:00,19.433383,86.735539,12.0,210.0,210.0,MV INDIAN MARINER 28,IMO9001028,AT28,70,0,234,38,12.0,70,A
419001028,2026-09-08 01:00:00,19.418786,86.726749,12.0,210.0,210.0,MV INDIAN MARINER 28,IMO9001028,AT28,70,0,234,38,12.0,70,A
419001028,2026-09-08 01:05:00,19.404422,86.717828,12.0,210.0,210.0,MV INDIAN MARINER 28,IMO9001028,AT28,70,0,234,38,12.0,70,A
419001028,2026-09-08 01:10:00,19.390049,86.709016,12.0,210.0,210.0,MV INDIAN MARINER 28,IMO9001028,AT28,70,0,234,38,12.0,70,A
419001028,2026-09-08 01:15:00,19.37564,86.700047,12.0,210.0,210.0,MV INDIAN MARINER 28,IMO9001028,AT28,70,0,234,38,12.0,70,A
419001028,2026-09-08 01:20:00,19.361238,86.691305,12.0,210.0,210.0,MV INDIAN MARINER 28,IMO9001028,AT28,70,0,234,38,12.0,70,A
419001028,2026-09-08 01:25:00,19.346618,86.682453,12.0,210.0,210.0,MV INDIAN MARINER 28,IMO9001028,AT28,70,0,234,38,12.0,70,A
419001028,2026-09-08 01:30:00,19.332262,86.67349,12.0,210.0,210.0,MV INDIAN MARINER 28,IMO9001028,AT28,70,0,234,38,12.0,70,A
419001028,2026-09-08 01:35:00,19.317882,86.664746,12.0,210.0,210.0,MV INDIAN MARINER 28,IMO9001028,AT28,70,0,234,38,12.0,70,A
419001028,2026-09-08 01:40:00,19.303463,86.65589,12.0,210.0,210.0,MV INDIAN MARINER 28,IMO9001028,AT28,70,0,234,38,12.0,70,A
419001028,2026-09-08 01:45:00,19.289054,86.647014,12.0,210.0,210.0,MV INDIAN MARINER 28,IMO9001028,AT28,70,0,234,38,12.0,70,A
419001028,2026-09-08 01:50:00,19.274634,86.638025,12.0,210.0,210.0,MV INDIAN MARINER 28,IMO9001028,AT28,70,0,234,38,12.0,70,A
419001028,2026-09-08 01:55:00,19.260076,86.629163,12.0,210.0,210.0,MV INDIAN MARINER 28,IMO9001028,AT28,70,0,234,38,12.0,70,A
419001028,2026-09-08 02:00:00,19.245749,86.620434,12.0,210.0,210.0,MV INDIAN MARINER 28,IMO9001028,AT28,70,0,234,38,12.0,70,A
419001028,2026-09-08 02:05:00,19.231192,86.611489,12.0,210.0,210.0,MV INDIAN MARINER 28,IMO9001028,AT28,70,0,234,38,12.0,70,A
419001028,2026-09-08 02:10:00,19.216747,86.602625,12.0,210.0,210.0,MV INDIAN MARINER 28,IMO9001028,AT28,70,0,234,38,12.0,70,A
419001028,2026-09-08 02:15:00,19.202356,86.593812,12.0,210.0,210.0,MV INDIAN MARINER 28,IMO9001028,AT28,70,0,234,38,12.0,70,A
419001028,2026-09-08 02:20:00,19.187899,86.584938,12.0,210.0,210.0,MV INDIAN MARINER 28,IMO9001028,AT28,70,0,234,38,12.0,70,A
419001028,2026-09-08 02:25:00,19.173627,86.576053,12.0,210.0,210.0,MV INDIAN MARINER 28,IMO9001028,AT28,70,0,234,38,12.0,70,A
419001028,2026-09-08 02:30:00,19.159172,86.567162,12.0,210.0,210.0,MV INDIAN MARINER 28,IMO9001028,AT28,70,0,234,38,12.0,70,A
419001028,2026-09-08 02:35:00,19.14462,86.558339,12.0,210.0,210.0,MV INDIAN MARINER 28,IMO9001028,AT28,70,0,234,38,12.0,70,A
419001028,2026-09-08 02:40:00,19.130161,86.549542,12.0,210.0,210.0,MV INDIAN MARINER 28,IMO9001028,AT28,70,0,234,38,12.0,70,A
419001028,2026-09-08 02:45:00,19.115714,86.540615,12.0,210.0,210.0,MV INDIAN MARINER 28,IMO9001028,AT28,70,0,234,38,12.0,70,A
419001028,2026-09-08 02:50:00,19.101431,86.531739,12.0,210.0,210.0,MV INDIAN MARINER 28,IMO9001028,AT28,70,0,234,38,12.0,70,A
419001028,2026-09-08 02:55:00,19.086963,86.52295,12.0,210.0,210.0,MV INDIAN MARINER 28,IMO9001028,AT28,70,0,234,38,12.0,70,A
419001028,2026-09-08 03:00:00,19.072555,86.514127,12.0,210.0,210.0,MV INDIAN MARINER 28,IMO9001028,AT28,70,0,234,38,12.0,70,A
419001028,2026-09-08 03:05:00,19.058163,86.505163,12.0,210.0,210.0,MV INDIAN MARINER 28,IMO9001028,AT28,70,0,234,38,12.0,70,A
419001028,2026-09-08 03:10:00,19.043581,86.496313,12.0,210.0,210.0,MV INDIAN MARINER 28,IMO9001028,AT28,70,0,234,38,12.0,70,A
419001028,2026-09-08 03:15:00,19.029182,86.487463,12.0,210.0,210.0,MV INDIAN MARINER 28,IMO9001028,AT28,70,0,234,38,12.0,70,A
419001028,2026-09-08 03:20:00,19.014696,86.478732,12.0,210.0,210.0,MV INDIAN MARINER 28,IMO9001028,AT28,70,0,234,38,12.0,70,A
419001028,2026-09-08 03:25:00,19.000323,86.46974,12.0,210.0,210.0,MV INDIAN MARINER 28,IMO9001028,AT28,70,0,234,38,12.0,70,A
419001029,2026-09-07 17:30:00,14.47026,80.650657,13.0,195.0,195.0,MV INDIAN MARINER 29,IMO9001029,AT29,30,0,237,39,13.0,30,B
419001029,2026-09-07 17:35:00,14.452821,80.645765,13.0,195.0,195.0,MV INDIAN MARINER 29,IMO9001029,AT29,30,0,237,39,13.0,30,B
419001029,2026-09-07 17:40:00,14.435484,80.640862,13.0,195.0,195.0,MV INDIAN MARINER 29,IMO9001029,AT29,30,0,237,39,13.0,30,B
419001029,2026-09-07 17:45:00,14.417974,80.636204,13.0,195.0,195.0,MV INDIAN MARINER 29,IMO9001029,AT29,30,0,237,39,13.0,30,B
419001029,2026-09-07 17:50:00,14.400574,80.631334,13.0,195.0,195.0,MV INDIAN MARINER 29,IMO9001029,AT29,30,0,237,39,13.0,30,B
419001029,2026-09-07 17:55:00,14.383081,80.62657,13.0,195.0,195.0,MV INDIAN MARINER 29,IMO9001029,AT29,30,0,237,39,13.0,30,B
419001029,2026-09-07 18:00:00,14.365752,80.621743,13.0,195.0,195.0,MV INDIAN MARINER 29,IMO9001029,AT29,30,0,237,39,13.0,30,B
419001029,2026-09-07 18:05:00,14.348247,80.616862,13.0,195.0,195.0,MV INDIAN MARINER 29,IMO9001029,AT29,30,0,237,39,13.0,30,B
419001029,2026-09-07 18:10:00,14.330901,80.6121,13.0,195.0,195.0,MV INDIAN MARINER 29,IMO9001029,AT29,30,0,237,39,13.0,30,B
419001029,2026-09-07 18:15:00,14.31328,80.607395,13.0,195.0,195.0,MV INDIAN MARINER 29,IMO9001029,AT29,30,0,237,39,13.0,30,B
419001029,2026-09-07 18:20:00,14.29589,80.602451,13.0,195.0,195.0,MV INDIAN MARINER 29,IMO9001029,AT29,30,0,237,39,13.0,30,B
419001029,2026-09-07 18:25:00,14.278482,80.597623,13.0,195.0,195.0,MV INDIAN MARINER 29,IMO9001029,AT29,30,0,237,39,13.0,30,B
419001029,2026-09-07 18:30:00,14.26104,80.592879,13.0,195.0,195.0,MV INDIAN MARINER 29,IMO9001029,AT29,30,0,237,39,13.0,30,B
419001029,2026-09-07 18:35:00,14.243558,80.588099,13.0,195.0,195.0,MV INDIAN MARINER 29,IMO9001029,AT29,30,0,237,39,13.0,30,B
419001029,2026-09-07 18:40:00,14.226243,80.583366,13.0,195.0,195.0,MV INDIAN MARINER 29,IMO9001029,AT29,30,0,237,39,13.0,30,B
419001029,2026-09-07 18:45:00,14.208669,80.578518,13.0,195.0,195.0,MV INDIAN MARINER 29,IMO9001029,AT29,30,0,237,39,13.0,30,B
419001029,2026-09-07 18:50:00,14.191331,80.573728,13.0,195.0,195.0,MV INDIAN MARINER 29,IMO9001029,AT29,30,0,237,39,13.0,30,B
419001029,2026-09-07 18:55:00,14.173911,80.568865,13.0,195.0,195.0,MV INDIAN MARINER 29,IMO9001029,AT29,30,0,237,39,13.0,30,B
419001029,2026-09-07 19:00:00,14.156507,80.564008,13.0,195.0,195.0,MV INDIAN MARINER 29,IMO9001029,AT29,30,0,237,39,13.0,30,B
419001029,2026-09-07 19:05:00,14.139015,80.559316,13.0,195.0,195.0,MV INDIAN MARINER 29,IMO9001029,AT29,30,0,237,39,13.0,30,B
419001029,2026-09-07 19:10:00,14.121601,80.554474,13.0,195.0,195.0,MV INDIAN MARINER 29,IMO9001029,AT29,30,0,237,39,13.0,30,B
419001029,2026-09-07 19:15:00,14.104084,80.549697,13.0,195.0,195.0,MV INDIAN MARINER 29,IMO9001029,AT29,30,0,237,39,13.0,30,B
419001029,2026-09-07 19:20:00,14.086653,80.544831,13.0,195.0,195.0,MV INDIAN MARINER 29,IMO9001029,AT29,30,0,237,39,13.0,30,B
419001029,2026-09-07 19:25:00,14.06919,80.540148,13.0,195.0,195.0,MV INDIAN MARINER 29,IMO9001029,AT29,30,0,237,39,13.0,30,B
419001029,2026-09-07 19:30:00,14.051841,80.535238,13.0,195.0,195.0,MV INDIAN MARINER 29,IMO9001029,AT29,30,0,237,39,13.0,30,B
419001029,2026-09-07 19:35:00,14.034426,80.53046,13.0,195.0,195.0,MV INDIAN MARINER 29,IMO9001029,AT29,30,0,237,39,13.0,30,B
419001029,2026-09-07 19:40:00,14.016944,80.525626,13.0,195.0,195.0,MV INDIAN MARINER 29,IMO9001029,AT29,30,0,237,39,13.0,30,B
419001029,2026-09-07 19:45:00,13.999489,80.520932,13.0,195.0,195.0,MV INDIAN MARINER 29,IMO9001029,AT29,30,0,237,39,13.0,30,B
419001029,2026-09-07 19:50:00,13.982084,80.516144,13.0,195.0,195.0,MV INDIAN MARINER 29,IMO9001029,AT29,30,0,237,39,13.0,30,B
419001029,2026-09-07 19:55:00,13.964649,80.511188,13.0,195.0,195.0,MV INDIAN MARINER 29,IMO9001029,AT29,30,0,237,39,13.0,30,B
419001029,2026-09-07 20:00:00,13.947226,80.506513,13.0,195.0,195.0,MV INDIAN MARINER 29,IMO9001029,AT29,30,0,237,39,13.0,30,B
419001029,2026-09-07 20:05:00,13.929659,80.501685,13.0,195.0,195.0,MV INDIAN MARINER 29,IMO9001029,AT29,30,0,237,39,13.0,30,B
419001029,2026-09-07 20:10:00,13.912231,80.496757,13.0,195.0,195.0,MV INDIAN MARINER 29,IMO9001029,AT29,30,0,237,39,13.0,30,B
419001029,2026-09-07 20:15:00,13.894923,80.491974,13.0,195.0,195.0,MV INDIAN MARINER 29,IMO9001029,AT29,30,0,237,39,13.0,30,B
419001029,2026-09-07 20:20:00,13.877394,80.487319,13.0,195.0,195.0,MV INDIAN MARINER 29,IMO9001029,AT29,30,0,237,39,13.0,30,B
419001029,2026-09-07 20:25:00,13.860086,80.482432,13.0,195.0,195.0,MV INDIAN MARINER 29,IMO9001029,AT29,30,0,237,39,13.0,30,B
419001029,2026-09-07 20:30:00,13.842602,80.477722,13.0,195.0,195.0,MV INDIAN MARINER 29,IMO9001029,AT29,30,0,237,39,13.0,30,B
419001029,2026-09-07 20:35:00,13.825101,80.472903,13.0,195.0,195.0,MV INDIAN MARINER 29,IMO9001029,AT29,30,0,237,39,13.0,30,B
419001029,2026-09-07 20:40:00,13.807781,80.46801,13.0,195.0,195.0,MV INDIAN MARINER 29,IMO9001029,AT29,30,0,237,39,13.0,30,B
419001029,2026-09-07 20:45:00,13.790207,80.463322,13.0,195.0,195.0,MV INDIAN MARINER 29,IMO9001029,AT29,30,0,237,39,13.0,30,B
419001029,2026-09-07 20:50:00,13.772885,80.458399,13.0,195.0,195.0,MV INDIAN MARINER 29,IMO9001029,AT29,30,0,237,39,13.0,30,B
419001029,2026-09-07 20:55:00,13.755322,80.453557,13.0,195.0,195.0,MV INDIAN MARINER 29,IMO9001029,AT29,30,0,237,39,13.0,30,B
419001029,2026-09-07 21:00:00,13.737972,80.448746,13.0,195.0,195.0,MV INDIAN MARINER 29,IMO9001029,AT29,30,0,237,39,13.0,30,B
419001029,2026-09-07 21:05:00,13.72051,80.443973,13.0,195.0,195.0,MV INDIAN MARINER 29,IMO9001029,AT29,30,0,237,39,13.0,30,B
419001029,2026-09-07 21:10:00,13.703116,80.439205,13.0,195.0,195.0,MV INDIAN MARINER 29,IMO9001029,AT29,30,0,237,39,13.0,30,B
419001029,2026-09-07 21:15:00,13.685666,80.434366,13.0,195.0,195.0,MV INDIAN MARINER 29,IMO9001029,AT29,30,0,237,39,13.0,30,B
419001029,2026-09-07 21:20:00,13.6681,80.429591,13.0,195.0,195.0,MV INDIAN MARINER 29,IMO9001029,AT29,30,0,237,39,13.0,30,B
419001029,2026-09-07 21:25:00,13.650819,80.424799,13.0,195.0,195.0,MV INDIAN MARINER 29,IMO9001029,AT29,30,0,237,39,13.0,30,B
419001029,2026-09-07 21:30:00,13.633419,80.41998,13.0,195.0,195.0,MV INDIAN MARINER 29,IMO9001029,AT29,30,0,237,39,13.0,30,B
419001029,2026-09-07 21:35:00,13.615932,80.415103,13.0,195.0,195.0,MV INDIAN MARINER 29,IMO9001029,AT29,30,0,237,39,13.0,30,B
419001029,2026-09-07 21:40:00,13.598447,80.410349,13.0,195.0,195.0,MV INDIAN MARINER 29,IMO9001029,AT29,30,0,237,39,13.0,30,B
419001029,2026-09-07 21:45:00,13.581024,80.405667,13.0,195.0,195.0,MV INDIAN MARINER 29,IMO9001029,AT29,30,0,237,39,13.0,30,B
419001029,2026-09-07 21:50:00,13.563529,80.400851,13.0,195.0,195.0,MV INDIAN MARINER 29,IMO9001029,AT29,30,0,237,39,13.0,30,B
419001029,2026-09-07 21:55:00,13.546222,80.396004,13.0,195.0,195.0,MV INDIAN MARINER 29,IMO9001029,AT29,30,0,237,39,13.0,30,B
419001029,2026-09-07 22:00:00,13.528683,80.391188,13.0,195.0,195.0,MV INDIAN MARINER 29,IMO9001029,AT29,30,0,237,39,13.0,30,B
419001029,2026-09-07 22:05:00,13.511195,80.386357,13.0,195.0,195.0,MV INDIAN MARINER 29,IMO9001029,AT29,30,0,237,39,13.0,30,B
419001029,2026-09-07 22:10:00,13.49385,80.381523,13.0,195.0,195.0,MV INDIAN MARINER 29,IMO9001029,AT29,30,0,237,39,13.0,30,B
419001029,2026-09-07 22:15:00,13.476337,80.376728,13.0,195.0,195.0,MV INDIAN MARINER 29,IMO9001029,AT29,30,0,237,39,13.0,30,B
419001029,2026-09-07 22:20:00,13.458856,80.372053,13.0,195.0,195.0,MV INDIAN MARINER 29,IMO9001029,AT29,30,0,237,39,13.0,30,B
419001029,2026-09-07 22:25:00,13.44147,80.367172,13.0,195.0,195.0,MV INDIAN MARINER 29,IMO9001029,AT29,30,0,237,39,13.0,30,B
419001029,2026-09-07 22:30:00,13.424144,80.362376,13.0,195.0,195.0,MV INDIAN MARINER 29,IMO9001029,AT29,30,0,237,39,13.0,30,B
419001029,2026-09-07 22:35:00,13.406648,80.357549,13.0,195.0,195.0,MV INDIAN MARINER 29,IMO9001029,AT29,30,0,237,39,13.0,30,B
419001029,2026-09-07 22:40:00,13.389167,80.35271,13.0,195.0,195.0,MV INDIAN MARINER 29,IMO9001029,AT29,30,0,237,39,13.0,30,B
419001029,2026-09-07 22:45:00,13.37185,80.348006,13.0,195.0,195.0,MV INDIAN MARINER 29,IMO9001029,AT29,30,0,237,39,13.0,30,B
419001029,2026-09-07 22:50:00,13.354336,80.343042,13.0,195.0,195.0,MV INDIAN MARINER 29,IMO9001029,AT29,30,0,237,39,13.0,30,B
419001029,2026-09-07 22:55:00,13.336936,80.338336,13.0,195.0,195.0,MV INDIAN MARINER 29,IMO9001029,AT29,30,0,237,39,13.0,30,B
419001029,2026-09-07 23:00:00,13.319463,80.333627,13.0,195.0,195.0,MV INDIAN MARINER 29,IMO9001029,AT29,30,0,237,39,13.0,30,B
419001029,2026-09-07 23:05:00,13.302099,80.328628,13.0,195.0,195.0,MV INDIAN MARINER 29,IMO9001029,AT29,30,0,237,39,13.0,30,B
419001029,2026-09-07 23:10:00,13.284649,80.323932,13.0,195.0,195.0,MV INDIAN MARINER 29,IMO9001029,AT29,30,0,237,39,13.0,30,B
419001029,2026-09-07 23:15:00,13.267241,80.319057,13.0,195.0,195.0,MV INDIAN MARINER 29,IMO9001029,AT29,30,0,237,39,13.0,30,B
419001029,2026-09-07 23:20:00,13.24963,80.314262,13.0,195.0,195.0,MV INDIAN MARINER 29,IMO9001029,AT29,30,0,237,39,13.0,30,B
419001029,2026-09-07 23:25:00,13.23218,80.309526,13.0,195.0,195.0,MV INDIAN MARINER 29,IMO9001029,AT29,30,0,237,39,13.0,30,B
419001029,2026-09-07 23:30:00,13.214767,80.30469,13.0,195.0,195.0,MV INDIAN MARINER 29,IMO9001029,AT29,30,0,237,39,13.0,30,B
419001029,2026-09-07 23:35:00,13.197329,80.300002,13.0,195.0,195.0,MV INDIAN MARINER 29,IMO9001029,AT29,30,0,237,39,13.0,30,B
419001029,2026-09-07 23:40:00,13.179945,80.295133,13.0,195.0,195.0,MV INDIAN MARINER 29,IMO9001029,AT29,30,0,237,39,13.0,30,B
419001029,2026-09-07 23:45:00,13.162505,80.290375,13.0,195.0,195.0,MV INDIAN MARINER 29,IMO9001029,AT29,30,0,237,39,13.0,30,B
419001029,2026-09-07 23:50:00,13.14512,80.285541,13.0,195.0,195.0,MV INDIAN MARINER 29,IMO9001029,AT29,30,0,237,39,13.0,30,B
419001029,2026-09-07 23:55:00,13.127558,80.280613,13.0,195.0,195.0,MV INDIAN MARINER 29,IMO9001029,AT29,30,0,237,39,13.0,30,B
419001029,2026-09-08 00:00:00,13.110137,80.275959,13.0,195.0,195.0,MV INDIAN MARINER 29,IMO9001029,AT29,30,0,237,39,13.0,30,B
419001029,2026-09-08 00:05:00,13.092756,80.270993,13.0,195.0,195.0,MV INDIAN MARINER 29,IMO9001029,AT29,30,0,237,39,13.0,30,B
419001029,2026-09-08 00:10:00,13.075396,80.266298,13.0,195.0,195.0,MV INDIAN MARINER 29,IMO9001029,AT29,30,0,237,39,13.0,30,B
419001029,2026-09-08 00:15:00,13.057908,80.261514,13.0,195.0,195.0,MV INDIAN MARINER 29,IMO9001029,AT29,30,0,237,39,13.0,30,B
419001029,2026-09-08 00:20:00,13.040493,80.256622,13.0,195.0,195.0,MV INDIAN MARINER 29,IMO9001029,AT29,30,0,237,39,13.0,30,B
419001029,2026-09-08 00:25:00,13.022945,80.251911,13.0,195.0,195.0,MV INDIAN MARINER 29,IMO9001029,AT29,30,0,237,39,13.0,30,B
419001029,2026-09-08 00:30:00,13.005564,80.246995,13.0,195.0,195.0,MV INDIAN MARINER 29,IMO9001029,AT29,30,0,237,39,13.0,30,B
419001029,2026-09-08 00:35:00,12.988062,80.242243,13.0,195.0,195.0,MV INDIAN MARINER 29,IMO9001029,AT29,30,0,237,39,13.0,30,B
419001029,2026-09-08 00:40:00,12.970717,80.237499,13.0,195.0,195.0,MV INDIAN MARINER 29,IMO9001029,AT29,30,0,237,39,13.0,30,B
419001029,2026-09-08 00:45:00,12.953276,80.232615,13.0,195.0,195.0,MV INDIAN MARINER 29,IMO9001029,AT29,30,0,237,39,13.0,30,B
419001029,2026-09-08 00:50:00,12.935917,80.227811,13.0,195.0,195.0,MV INDIAN MARINER 29,IMO9001029,AT29,30,0,237,39,13.0,30,B
419001029,2026-09-08 00:55:00,12.918402,80.222981,13.0,195.0,195.0,MV INDIAN MARINER 29,IMO9001029,AT29,30,0,237,39,13.0,30,B
419001029,2026-09-08 01:00:00,12.900884,80.218247,13.0,195.0,195.0,MV INDIAN MARINER 29,IMO9001029,AT29,30,0,237,39,13.0,30,B
419001029,2026-09-08 01:05:00,12.883573,80.213441,13.0,195.0,195.0,MV INDIAN MARINER 29,IMO9001029,AT29,30,0,237,39,13.0,30,B
419001029,2026-09-08 01:10:00,12.866161,80.20866,13.0,195.0,195.0,MV INDIAN MARINER 29,IMO9001029,AT29,30,0,237,39,13.0,30,B
419001029,2026-09-08 01:15:00,12.848631,80.203861,13.0,195.0,195.0,MV INDIAN MARINER 29,IMO9001029,AT29,30,0,237,39,13.0,30,B
419001029,2026-09-08 01:20:00,12.83113,80.198956,13.0,195.0,195.0,MV INDIAN MARINER 29,IMO9001029,AT29,30,0,237,39,13.0,30,B
419001029,2026-09-08 01:25:00,12.813712,80.194267,13.0,195.0,195.0,MV INDIAN MARINER 29,IMO9001029,AT29,30,0,237,39,13.0,30,B
419001029,2026-09-08 01:30:00,12.79627,80.189432,13.0,195.0,195.0,MV INDIAN MARINER 29,IMO9001029,AT29,30,0,237,39,13.0,30,B
419001029,2026-09-08 01:35:00,12.778824,80.18466,13.0,195.0,195.0,MV INDIAN MARINER 29,IMO9001029,AT29,30,0,237,39,13.0,30,B
419001029,2026-09-08 01:40:00,12.761382,80.179905,13.0,195.0,195.0,MV INDIAN MARINER 29,IMO9001029,AT29,30,0,237,39,13.0,30,B
419001029,2026-09-08 01:45:00,12.744018,80.17511,13.0,195.0,195.0,MV INDIAN MARINER 29,IMO9001029,AT29,30,0,237,39,13.0,30,B
419001029,2026-09-08 01:50:00,12.726549,80.170236,13.0,195.0,195.0,MV INDIAN MARINER 29,IMO9001029,AT29,30,0,237,39,13.0,30,B
419001029,2026-09-08 01:55:00,12.709122,80.165308,13.0,195.0,195.0,MV INDIAN MARINER 29,IMO9001029,AT29,30,0,237,39,13.0,30,B
419001029,2026-09-08 02:00:00,12.691706,80.160571,13.0,195.0,195.0,MV INDIAN MARINER 29,IMO9001029,AT29,30,0,237,39,13.0,30,B
419001029,2026-09-08 02:05:00,12.67419,80.155774,13.0,195.0,195.0,MV INDIAN MARINER 29,IMO9001029,AT29,30,0,237,39,13.0,30,B
419001029,2026-09-08 02:10:00,12.656796,80.151089,13.0,195.0,195.0,MV INDIAN MARINER 29,IMO9001029,AT29,30,0,237,39,13.0,30,B
419001029,2026-09-08 02:15:00,12.639475,80.146192,13.0,195.0,195.0,MV INDIAN MARINER 29,IMO9001029,AT29,30,0,237,39,13.0,30,B
419001029,2026-09-08 02:20:00,12.621942,80.141323,13.0,195.0,195.0,MV INDIAN MARINER 29,IMO9001029,AT29,30,0,237,39,13.0,30,B
419001029,2026-09-08 02:25:00,12.604565,80.136514,13.0,195.0,195.0,MV INDIAN MARINER 29,IMO9001029,AT29,30,0,237,39,13.0,30,B
419001029,2026-09-08 02:30:00,12.587027,80.131724,13.0,195.0,195.0,MV INDIAN MARINER 29,IMO9001029,AT29,30,0,237,39,13.0,30,B
419001029,2026-09-08 02:35:00,12.569589,80.127025,13.0,195.0,195.0,MV INDIAN MARINER 29,IMO9001029,AT29,30,0,237,39,13.0,30,B
419001029,2026-09-08 02:40:00,12.552304,80.122197,13.0,195.0,195.0,MV INDIAN MARINER 29,IMO9001029,AT29,30,0,237,39,13.0,30,B
419001029,2026-09-08 02:45:00,12.534708,80.117466,13.0,195.0,195.0,MV INDIAN MARINER 29,IMO9001029,AT29,30,0,237,39,13.0,30,B
419001029,2026-09-08 02:50:00,12.517249,80.112557,13.0,195.0,195.0,MV INDIAN MARINER 29,IMO9001029,AT29,30,0,237,39,13.0,30,B
419001029,2026-09-08 02:55:00,12.499953,80.107662,13.0,195.0,195.0,MV INDIAN MARINER 29,IMO9001029,AT29,30,0,237,39,13.0,30,B
419001029,2026-09-08 03:00:00,12.48246,80.102873,13.0,195.0,195.0,MV INDIAN MARINER 29,IMO9001029,AT29,30,0,237,39,13.0,30,B
419001029,2026-09-08 03:05:00,12.465111,80.098199,13.0,195.0,195.0,MV INDIAN MARINER 29,IMO9001029,AT29,30,0,237,39,13.0,30,B
419001029,2026-09-08 03:10:00,12.447612,80.093332,13.0,195.0,195.0,MV INDIAN MARINER 29,IMO9001029,AT29,30,0,237,39,13.0,30,B
419001029,2026-09-08 03:15:00,12.43025,80.088519,13.0,195.0,195.0,MV INDIAN MARINER 29,IMO9001029,AT29,30,0,237,39,13.0,30,B
419001029,2026-09-08 03:20:00,12.412809,80.08366,13.0,195.0,195.0,MV INDIAN MARINER 29,IMO9001029,AT29,30,0,237,39,13.0,30,B
419001029,2026-09-08 03:25:00,12.395371,80.079021,13.0,195.0,195.0,MV INDIAN MARINER 29,IMO9001029,AT29,30,0,237,39,13.0,30,B
419001030,2026-09-07 17:30:00,18.703579,84.297366,14.0,225.0,225.0,MV INDIAN MARINER 30,IMO9001030,AT30,80,0,240,25,9.0,80,A
419001030,2026-09-07 17:35:00,18.689912,84.282946,14.0,225.0,225.0,MV INDIAN MARINER 30,IMO9001030,AT30,80,0,240,25,9.0,80,A
419001030,2026-09-07 17:40:00,18.676172,84.2684,14.0,225.0,225.0,MV INDIAN MARINER 30,IMO9001030,AT30,80,0,240,25,9.0,80,A
419001030,2026-09-07 17:45:00,18.662376,84.25394,14.0,225.0,225.0,MV INDIAN MARINER 30,IMO9001030,AT30,80,0,240,25,9.0,80,A
419001030,2026-09-07 17:50:00,18.648485,84.239449,14.0,225.0,225.0,MV INDIAN MARINER 30,IMO9001030,AT30,80,0,240,25,9.0,80,A
419001030,2026-09-07 17:55:00,18.634872,84.225132,14.0,225.0,225.0,MV INDIAN MARINER 30,IMO9001030,AT30,80,0,240,25,9.0,80,A
419001030,2026-09-07 18:00:00,18.621,84.210556,14.0,225.0,225.0,MV INDIAN MARINER 30,IMO9001030,AT30,80,0,240,25,9.0,80,A
419001030,2026-09-07 18:05:00,18.607381,84.196204,14.0,225.0,225.0,MV INDIAN MARINER 30,IMO9001030,AT30,80,0,240,25,9.0,80,A
419001030,2026-09-07 18:10:00,18.593525,84.181692,14.0,225.0,225.0,MV INDIAN MARINER 30,IMO9001030,AT30,80,0,240,25,9.0,80,A
419001030,2026-09-07 18:15:00,18.579944,84.167224,14.0,225.0,225.0,MV INDIAN MARINER 30,IMO9001030,AT30,80,0,240,25,9.0,80,A
419001030,2026-09-07 18:20:00,18.566163,84.152919,14.0,225.0,225.0,MV INDIAN MARINER 30,IMO9001030,AT30,80,0,240,25,9.0,80,A
419001030,2026-09-07 18:25:00,18.552389,84.138494,14.0,225.0,225.0,MV INDIAN MARINER 30,IMO9001030,AT30,80,0,240,25,9.0,80,A
419001030,2026-09-07 18:30:00,18.538561,84.123985,14.0,225.0,225.0,MV INDIAN MARINER 30,IMO9001030,AT30,80,0,240,25,9.0,80,A
419001030,2026-09-07 18:35:00,18.524918,84.109533,14.0,225.0,225.0,MV INDIAN MARINER 30,IMO9001030,AT30,80,0,240,25,9.0,80,A
419001030,2026-09-07 18:40:00,18.511102,84.095005,14.0,225.0,225.0,MV INDIAN MARINER 30,IMO9001030,AT30,80,0,240,25,9.0,80,A
419001030,2026-09-07 18:45:00,18.497413,84.08056,14.0,225.0,225.0,MV INDIAN MARINER 30,IMO9001030,AT30,80,0,240,25,9.0,80,A
419001030,2026-09-07 18:50:00,18.483552,84.066179,14.0,225.0,225.0,MV INDIAN MARINER 30,IMO9001030,AT30,80,0,240,25,9.0,80,A
419001030,2026-09-07 18:55:00,18.469779,84.051695,14.0,225.0,225.0,MV INDIAN MARINER 30,IMO9001030,AT30,80,0,240,25,9.0,80,A
419001030,2026-09-07 19:00:00,18.456185,84.037346,14.0,225.0,225.0,MV INDIAN MARINER 30,IMO9001030,AT30,80,0,240,25,9.0,80,A
419001030,2026-09-07 19:05:00,18.442417,84.022962,14.0,225.0,225.0,MV INDIAN MARINER 30,IMO9001030,AT30,80,0,240,25,9.0,80,A
419001030,2026-09-07 19:10:00,18.428696,84.008401,14.0,225.0,225.0,MV INDIAN MARINER 30,IMO9001030,AT30,80,0,240,25,9.0,80,A
419001030,2026-09-07 19:15:00,18.414809,83.993986,14.0,225.0,225.0,MV INDIAN MARINER 30,IMO9001030,AT30,80,0,240,25,9.0,80,A
419001030,2026-09-07 19:20:00,18.401048,83.97951,14.0,225.0,225.0,MV INDIAN MARINER 30,IMO9001030,AT30,80,0,240,25,9.0,80,A
419001030,2026-09-07 19:25:00,18.387428,83.965019,14.0,225.0,225.0,MV INDIAN MARINER 30,IMO9001030,AT30,80,0,240,25,9.0,80,A
419001030,2026-09-07 19:30:00,18.373549,83.950682,14.0,225.0,225.0,MV INDIAN MARINER 30,IMO9001030,AT30,80,0,240,25,9.0,80,A
419001030,2026-09-07 19:35:00,18.359862,83.936298,14.0,225.0,225.0,MV INDIAN MARINER 30,IMO9001030,AT30,80,0,240,25,9.0,80,A
419001030,2026-09-07 19:40:00,18.34617,83.921797,14.0,225.0,225.0,MV INDIAN MARINER 30,IMO9001030,AT30,80,0,240,25,9.0,80,A
419001030,2026-09-07 19:45:00,18.332424,83.907391,14.0,225.0,225.0,MV INDIAN MARINER 30,IMO9001030,AT30,80,0,240,25,9.0,80,A
419001030,2026-09-07 19:50:00,18.31868,83.892927,14.0,225.0,225.0,MV INDIAN MARINER 30,IMO9001030,AT30,80,0,240,25,9.0,80,A
419001030,2026-09-07 19:55:00,18.304887,83.878393,14.0,225.0,225.0,MV INDIAN MARINER 30,IMO9001030,AT30,80,0,240,25,9.0,80,A
419001030,2026-09-07 20:00:00,18.291114,83.863905,14.0,225.0,225.0,MV INDIAN MARINER 30,IMO9001030,AT30,80,0,240,25,9.0,80,A
419001030,2026-09-07 20:05:00,18.277389,83.849561,14.0,225.0,225.0,MV INDIAN MARINER 30,IMO9001030,AT30,80,0,240,25,9.0,80,A
419001030,2026-09-07 20:10:00,18.26374,83.835189,14.0,225.0,225.0,MV INDIAN MARINER 30,IMO9001030,AT30,80,0,240,25,9.0,80,A
419001030,2026-09-07 20:15:00,18.249933,83.820614,14.0,225.0,225.0,MV INDIAN MARINER 30,IMO9001030,AT30,80,0,240,25,9.0,80,A
419001030,2026-09-07 20:20:00,18.236148,83.806112,14.0,225.0,225.0,MV INDIAN MARINER 30,IMO9001030,AT30,80,0,240,25,9.0,80,A
419001030,2026-09-07 20:25:00,18.22236,83.791737,14.0,225.0,225.0,MV INDIAN MARINER 30,IMO9001030,AT30,80,0,240,25,9.0,80,A
419001030,2026-09-07 20:30:00,18.208717,83.777309,14.0,225.0,225.0,MV INDIAN MARINER 30,IMO9001030,AT30,80,0,240,25,9.0,80,A
419001030,2026-09-07 20:35:00,18.194895,83.762914,14.0,225.0,225.0,MV INDIAN MARINER 30,IMO9001030,AT30,80,0,240,25,9.0,80,A
419001030,2026-09-07 20:40:00,18.181178,83.748337,14.0,225.0,225.0,MV INDIAN MARINER 30,IMO9001030,AT30,80,0,240,25,9.0,80,A
419001030,2026-09-07 20:45:00,18.167361,83.733925,14.0,225.0,225.0,MV INDIAN MARINER 30,IMO9001030,AT30,80,0,240,25,9.0,80,A
419001030,2026-09-07 20:50:00,18.153779,83.719447,14.0,225.0,225.0,MV INDIAN MARINER 30,IMO9001030,AT30,80,0,240,25,9.0,80,A
419001030,2026-09-07 20:55:00,18.139885,83.705189,14.0,225.0,225.0,MV INDIAN MARINER 30,IMO9001030,AT30,80,0,240,25,9.0,80,A
419001030,2026-09-07 21:00:00,18.126266,83.690616,14.0,225.0,225.0,MV INDIAN MARINER 30,IMO9001030,AT30,80,0,240,25,9.0,80,A
419001030,2026-09-07 21:05:00,18.11242,83.676153,14.0,225.0,225.0,MV INDIAN MARINER 30,IMO9001030,AT30,80,0,240,25,9.0,80,A
419001030,2026-09-07 21:10:00,18.098702,83.661711,14.0,225.0,225.0,MV INDIAN MARINER 30,IMO9001030,AT30,80,0,240,25,9.0,80,A
419001030,2026-09-07 21:15:00,18.084917,83.647333,14.0,225.0,225.0,MV INDIAN MARINER 30,IMO9001030,AT30,80,0,240,25,9.0,80,A
419001030,2026-09-07 21:20:00,18.071178,83.632938,14.0,225.0,225.0,MV INDIAN MARINER 30,IMO9001030,AT30,80,0,240,25,9.0,80,A
419001030,2026-09-07 21:25:00,18.057561,83.618525,14.0,225.0,225.0,MV INDIAN MARINER 30,IMO9001030,AT30,80,0,240,25,9.0,80,A
419001030,2026-09-07 21:30:00,18.04367,83.603995,14.0,225.0,225.0,MV INDIAN MARINER 30,IMO9001030,AT30,80,0,240,25,9.0,80,A
419001030,2026-09-07 21:35:00,18.029893,83.589464,14.0,225.0,225.0,MV INDIAN MARINER 30,IMO9001030,AT30,80,0,240,25,9.0,80,A
419001030,2026-09-07 21:40:00,18.01616,83.575018,14.0,225.0,225.0,MV INDIAN MARINER 30,IMO9001030,AT30,80,0,240,25,9.0,80,A
419001030,2026-09-07 21:45:00,18.002383,83.56057,14.0,225.0,225.0,MV INDIAN MARINER 30,IMO9001030,AT30,80,0,240,25,9.0,80,A
419001030,2026-09-07 21:50:00,17.988708,83.546226,14.0,225.0,225.0,MV INDIAN MARINER 30,IMO9001030,AT30,80,0,240,25,9.0,80,A
419001030,2026-09-07 21:55:00,17.975059,83.531693,14.0,225.0,225.0,MV INDIAN MARINER 30,IMO9001030,AT30,80,0,240,25,9.0,80,A
419001030,2026-09-07 22:00:00,17.961252,83.517379,14.0,225.0,225.0,MV INDIAN MARINER 30,IMO9001030,AT30,80,0,240,25,9.0,80,A
419001030,2026-09-07 22:05:00,17.947506,83.502804,14.0,225.0,225.0,MV INDIAN MARINER 30,IMO9001030,AT30,80,0,240,25,9.0,80,A
419001030,2026-09-07 22:10:00,17.933823,83.488487,14.0,225.0,225.0,MV INDIAN MARINER 30,IMO9001030,AT30,80,0,240,25,9.0,80,A
419001030,2026-09-07 22:15:00,17.920053,83.473958,14.0,225.0,225.0,MV INDIAN MARINER 30,IMO9001030,AT30,80,0,240,25,9.0,80,A
419001030,2026-09-07 22:20:00,17.906165,83.45961,14.0,225.0,225.0,MV INDIAN MARINER 30,IMO9001030,AT30,80,0,240,25,9.0,80,A
419001030,2026-09-07 22:25:00,17.892516,83.445061,14.0,225.0,225.0,MV INDIAN MARINER 30,IMO9001030,AT30,80,0,240,25,9.0,80,A
419001030,2026-09-07 22:30:00,17.878717,83.4306,14.0,225.0,225.0,MV INDIAN MARINER 30,IMO9001030,AT30,80,0,240,25,9.0,80,A
419001030,2026-09-07 22:35:00,17.865003,83.416216,14.0,225.0,225.0,MV INDIAN MARINER 30,IMO9001030,AT30,80,0,240,25,9.0,80,A
419001030,2026-09-07 22:40:00,17.851299,83.401706,14.0,225.0,225.0,MV INDIAN MARINER 30,IMO9001030,AT30,80,0,240,25,9.0,80,A
419001030,2026-09-07 22:45:00,17.837501,83.387295,14.0,225.0,225.0,MV INDIAN MARINER 30,IMO9001030,AT30,80,0,240,25,9.0,80,A
419001030,2026-09-07 22:50:00,17.823681,83.372961,14.0,225.0,225.0,MV INDIAN MARINER 30,IMO9001030,AT30,80,0,240,25,9.0,80,A
419001030,2026-09-07 22:55:00,17.809999,83.358337,14.0,225.0,225.0,MV INDIAN MARINER 30,IMO9001030,AT30,80,0,240,25,9.0,80,A
419001030,2026-09-07 23:00:00,17.796295,83.343894,14.0,225.0,225.0,MV INDIAN MARINER 30,IMO9001030,AT30,80,0,240,25,9.0,80,A
419001030,2026-09-07 23:05:00,17.782602,83.329595,14.0,225.0,225.0,MV INDIAN MARINER 30,IMO9001030,AT30,80,0,240,25,9.0,80,A
419001030,2026-09-07 23:10:00,17.768818,83.315122,14.0,225.0,225.0,MV INDIAN MARINER 30,IMO9001030,AT30,80,0,240,25,9.0,80,A
419001030,2026-09-07 23:15:00,17.755086,83.300675,14.0,225.0,225.0,MV INDIAN MARINER 30,IMO9001030,AT30,80,0,240,25,9.0,80,A
419001030,2026-09-07 23:20:00,17.741384,83.286157,14.0,225.0,225.0,MV INDIAN MARINER 30,IMO9001030,AT30,80,0,240,25,9.0,80,A
419001030,2026-09-07 23:25:00,17.727535,83.271693,14.0,225.0,225.0,MV INDIAN MARINER 30,IMO9001030,AT30,80,0,240,25,9.0,80,A
419001030,2026-09-07 23:30:00,17.713883,83.257338,14.0,225.0,225.0,MV INDIAN MARINER 30,IMO9001030,AT30,80,0,240,25,9.0,80,A
419001030,2026-09-07 23:35:00,17.700019,83.242923,14.0,225.0,225.0,MV INDIAN MARINER 30,IMO9001030,AT30,80,0,240,25,9.0,80,A
419001030,2026-09-07 23:40:00,17.68634,83.228393,14.0,225.0,225.0,MV INDIAN MARINER 30,IMO9001030,AT30,80,0,240,25,9.0,80,A
419001030,2026-09-07 23:45:00,17.672595,83.213931,14.0,225.0,225.0,MV INDIAN MARINER 30,IMO9001030,AT30,80,0,240,25,9.0,80,A
419001030,2026-09-07 23:50:00,17.658718,83.199445,14.0,225.0,225.0,MV INDIAN MARINER 30,IMO9001030,AT30,80,0,240,25,9.0,80,A
419001030,2026-09-07 23:55:00,17.645041,83.185168,14.0,225.0,225.0,MV INDIAN MARINER 30,IMO9001030,AT30,80,0,240,25,9.0,80,A
419001030,2026-09-08 00:00:00,17.631309,83.170644,14.0,225.0,225.0,MV INDIAN MARINER 30,IMO9001030,AT30,80,0,240,25,9.0,80,A
419001030,2026-09-08 00:05:00,17.617584,83.156231,14.0,225.0,225.0,MV INDIAN MARINER 30,IMO9001030,AT30,80,0,240,25,9.0,80,A
419001030,2026-09-08 00:10:00,17.603785,83.141852,14.0,225.0,225.0,MV INDIAN MARINER 30,IMO9001030,AT30,80,0,240,25,9.0,80,A
419001030,2026-09-08 00:15:00,17.590087,83.127226,14.0,225.0,225.0,MV INDIAN MARINER 30,IMO9001030,AT30,80,0,240,25,9.0,80,A
419001030,2026-09-08 00:20:00,17.576374,83.112792,14.0,225.0,225.0,MV INDIAN MARINER 30,IMO9001030,AT30,80,0,240,25,9.0,80,A
419001030,2026-09-08 00:25:00,17.562569,83.098344,14.0,225.0,225.0,MV INDIAN MARINER 30,IMO9001030,AT30,80,0,240,25,9.0,80,A
419001030,2026-09-08 00:30:00,17.548793,83.084069,14.0,225.0,225.0,MV INDIAN MARINER 30,IMO9001030,AT30,80,0,240,25,9.0,80,A
419001030,2026-09-08 00:35:00,17.535163,83.069461,14.0,225.0,225.0,MV INDIAN MARINER 30,IMO9001030,AT30,80,0,240,25,9.0,80,A
419001030,2026-09-08 00:40:00,17.521301,83.055126,14.0,225.0,225.0,MV INDIAN MARINER 30,IMO9001030,AT30,80,0,240,25,9.0,80,A
419001030,2026-09-08 00:45:00,17.507531,83.040628,14.0,225.0,225.0,MV INDIAN MARINER 30,IMO9001030,AT30,80,0,240,25,9.0,80,A
419001030,2026-09-08 00:50:00,17.493914,83.026256,14.0,225.0,225.0,MV INDIAN MARINER 30,IMO9001030,AT30,80,0,240,25,9.0,80,A
419001030,2026-09-08 00:55:00,17.480185,83.011775,14.0,225.0,225.0,MV INDIAN MARINER 30,IMO9001030,AT30,80,0,240,25,9.0,80,A
419001030,2026-09-08 01:00:00,17.466392,82.99731,14.0,225.0,225.0,MV INDIAN MARINER 30,IMO9001030,AT30,80,0,240,25,9.0,80,A
419001030,2026-09-08 01:05:00,17.452631,82.982925,14.0,225.0,225.0,MV INDIAN MARINER 30,IMO9001030,AT30,80,0,240,25,9.0,80,A
419001030,2026-09-08 01:10:00,17.43881,82.968398,14.0,225.0,225.0,MV INDIAN MARINER 30,IMO9001030,AT30,80,0,240,25,9.0,80,A
419001030,2026-09-08 01:15:00,17.425182,82.95406,14.0,225.0,225.0,MV INDIAN MARINER 30,IMO9001030,AT30,80,0,240,25,9.0,80,A
419001030,2026-09-08 01:20:00,17.411288,82.939473,14.0,225.0,225.0,MV INDIAN MARINER 30,IMO9001030,AT30,80,0,240,25,9.0,80,A
419001030,2026-09-08 01:25:00,17.39769,82.925111,14.0,225.0,225.0,MV INDIAN MARINER 30,IMO9001030,AT30,80,0,240,25,9.0,80,A
419001030,2026-09-08 01:30:00,17.383942,82.91056,14.0,225.0,225.0,MV INDIAN MARINER 30,IMO9001030,AT30,80,0,240,25,9.0,80,A
419001030,2026-09-08 01:35:00,17.370177,82.896307,14.0,225.0,225.0,MV INDIAN MARINER 30,IMO9001030,AT30,80,0,240,25,9.0,80,A
419001030,2026-09-08 01:40:00,17.356351,82.88186,14.0,225.0,225.0,MV INDIAN MARINER 30,IMO9001030,AT30,80,0,240,25,9.0,80,A
419001030,2026-09-08 01:45:00,17.342722,82.867253,14.0,225.0,225.0,MV INDIAN MARINER 30,IMO9001030,AT30,80,0,240,25,9.0,80,A
419001030,2026-09-08 01:50:00,17.328865,82.852889,14.0,225.0,225.0,MV INDIAN MARINER 30,IMO9001030,AT30,80,0,240,25,9.0,80,A
419001030,2026-09-08 01:55:00,17.315086,82.838408,14.0,225.0,225.0,MV INDIAN MARINER 30,IMO9001030,AT30,80,0,240,25,9.0,80,A
419001030,2026-09-08 02:00:00,17.301463,82.823945,14.0,225.0,225.0,MV INDIAN MARINER 30,IMO9001030,AT30,80,0,240,25,9.0,80,A
419001030,2026-09-08 02:05:00,17.287624,82.809597,14.0,225.0,225.0,MV INDIAN MARINER 30,IMO9001030,AT30,80,0,240,25,9.0,80,A
419001030,2026-09-08 02:10:00,17.273968,82.795185,14.0,225.0,225.0,MV INDIAN MARINER 30,IMO9001030,AT30,80,0,240,25,9.0,80,A
419001030,2026-09-08 02:15:00,17.260188,82.780695,14.0,225.0,225.0,MV INDIAN MARINER 30,IMO9001030,AT30,80,0,240,25,9.0,80,A
419001030,2026-09-08 02:20:00,17.246318,82.76612,14.0,225.0,225.0,MV INDIAN MARINER 30,IMO9001030,AT30,80,0,240,25,9.0,80,A
419001030,2026-09-08 02:25:00,17.232734,82.75179,14.0,225.0,225.0,MV INDIAN MARINER 30,IMO9001030,AT30,80,0,240,25,9.0,80,A
419001030,2026-09-08 02:30:00,17.218933,82.73742,14.0,225.0,225.0,MV INDIAN MARINER 30,IMO9001030,AT30,80,0,240,25,9.0,80,A
419001030,2026-09-08 02:35:00,17.205191,82.722958,14.0,225.0,225.0,MV INDIAN MARINER 30,IMO9001030,AT30,80,0,240,25,9.0,80,A
419001030,2026-09-08 02:40:00,17.191471,82.708392,14.0,225.0,225.0,MV INDIAN MARINER 30,IMO9001030,AT30,80,0,240,25,9.0,80,A
419001030,2026-09-08 02:45:00,17.177651,82.693989,14.0,225.0,225.0,MV INDIAN MARINER 30,IMO9001030,AT30,80,0,240,25,9.0,80,A
419001030,2026-09-08 02:50:00,17.163925,82.679531,14.0,225.0,225.0,MV INDIAN MARINER 30,IMO9001030,AT30,80,0,240,25,9.0,80,A
419001030,2026-09-08 02:55:00,17.150171,82.665143,14.0,225.0,225.0,MV INDIAN MARINER 30,IMO9001030,AT30,80,0,240,25,9.0,80,A
419001030,2026-09-08 03:00:00,17.136434,82.650722,14.0,225.0,225.0,MV INDIAN MARINER 30,IMO9001030,AT30,80,0,240,25,9.0,80,A
419001030,2026-09-08 03:05:00,17.122764,82.636296,14.0,225.0,225.0,MV INDIAN MARINER 30,IMO9001030,AT30,80,0,240,25,9.0,80,A
419001030,2026-09-08 03:10:00,17.10903,82.62176,14.0,225.0,225.0,MV INDIAN MARINER 30,IMO9001030,AT30,80,0,240,25,9.0,80,A
419001030,2026-09-08 03:15:00,17.095277,82.607401,14.0,225.0,225.0,MV INDIAN MARINER 30,IMO9001030,AT30,80,0,240,25,9.0,80,A
419001030,2026-09-08 03:20:00,17.081509,82.592783,14.0,225.0,225.0,MV INDIAN MARINER 30,IMO9001030,AT30,80,0,240,25,9.0,80,A
419001030,2026-09-08 03:25:00,17.067669,82.578495,14.0,225.0,225.0,MV INDIAN MARINER 30,IMO9001030,AT30,80,0,240,25,9.0,80,A
419001031,2026-09-07 17:30:00,9.824996,78.67442,15.0,80.0,80.0,MV INDIAN MARINER 31,IMO9001031,AT31,70,0,243,26,10.0,70,A
419001031,2026-09-07 17:35:00,9.828493,78.695166,15.0,80.0,80.0,MV INDIAN MARINER 31,IMO9001031,AT31,70,0,243,26,10.0,70,A
419001031,2026-09-07 17:40:00,9.832123,78.71601,15.0,80.0,80.0,MV INDIAN MARINER 31,IMO9001031,AT31,70,0,243,26,10.0,70,A
419001031,2026-09-07 17:45:00,9.835726,78.73694,15.0,80.0,80.0,MV INDIAN MARINER 31,IMO9001031,AT31,70,0,243,26,10.0,70,A
419001031,2026-09-07 17:50:00,9.83937,78.757739,15.0,80.0,80.0,MV INDIAN MARINER 31,IMO9001031,AT31,70,0,243,26,10.0,70,A
419001031,2026-09-07 17:55:00,9.842973,78.778568,15.0,80.0,80.0,MV INDIAN MARINER 31,IMO9001031,AT31,70,0,243,26,10.0,70,A
419001031,2026-09-07 18:00:00,9.846739,78.799454,15.0,80.0,80.0,MV INDIAN MARINER 31,IMO9001031,AT31,70,0,243,26,10.0,70,A
419001031,2026-09-07 18:05:00,9.850365,78.820155,15.0,80.0,80.0,MV INDIAN MARINER 31,IMO9001031,AT31,70,0,243,26,10.0,70,A
419001031,2026-09-07 18:10:00,9.853895,78.840952,15.0,80.0,80.0,MV INDIAN MARINER 31,IMO9001031,AT31,70,0,243,26,10.0,70,A
419001031,2026-09-07 18:15:00,9.857597,78.861862,15.0,80.0,80.0,MV INDIAN MARINER 31,IMO9001031,AT31,70,0,243,26,10.0,70,A
419001031,2026-09-07 18:20:00,9.861175,78.882668,15.0,80.0,80.0,MV INDIAN MARINER 31,IMO9001031,AT31,70,0,243,26,10.0,70,A
419001031,2026-09-07 18:25:00,9.864661,78.903588,15.0,80.0,80.0,MV INDIAN MARINER 31,IMO9001031,AT31,70,0,243,26,10.0,70,A
419001031,2026-09-07 18:30:00,9.868355,78.924382,15.0,80.0,80.0,MV INDIAN MARINER 31,IMO9001031,AT31,70,0,243,26,10.0,70,A
419001031,2026-09-07 18:35:00,9.871962,78.94512,15.0,80.0,80.0,MV INDIAN MARINER 31,IMO9001031,AT31,70,0,243,26,10.0,70,A
419001031,2026-09-07 18:40:00,9.87567,78.965916,15.0,80.0,80.0,MV INDIAN MARINER 31,IMO9001031,AT31,70,0,243,26,10.0,70,A
419001031,2026-09-07 18:45:00,9.879172,78.986794,15.0,80.0,80.0,MV INDIAN MARINER 31,IMO9001031,AT31,70,0,243,26,10.0,70,A
419001031,2026-09-07 18:50:00,9.882768,79.007689,15.0,80.0,80.0,MV INDIAN MARINER 31,IMO9001031,AT31,70,0,243,26,10.0,70,A
419001031,2026-09-07 18:55:00,9.886516,79.02855,15.0,80.0,80.0,MV INDIAN MARINER 31,IMO9001031,AT31,70,0,243,26,10.0,70,A
419001031,2026-09-07 19:00:00,9.890034,79.049265,15.0,80.0,80.0,MV INDIAN MARINER 31,IMO9001031,AT31,70,0,243,26,10.0,70,A
419001031,2026-09-07 19:05:00,9.893588,79.070248,15.0,80.0,80.0,MV INDIAN MARINER 31,IMO9001031,AT31,70,0,243,26,10.0,70,A
419001031,2026-09-07 19:10:00,9.897387,79.091052,15.0,80.0,80.0,MV INDIAN MARINER 31,IMO9001031,AT31,70,0,243,26,10.0,70,A
419001031,2026-09-07 19:15:00,9.900947,79.111851,15.0,80.0,80.0,MV INDIAN MARINER 31,IMO9001031,AT31,70,0,243,26,10.0,70,A
419001031,2026-09-07 19:20:00,9.904553,79.132613,15.0,80.0,80.0,MV INDIAN MARINER 31,IMO9001031,AT31,70,0,243,26,10.0,70,A
419001031,2026-09-07 19:25:00,9.908152,79.153548,15.0,80.0,80.0,MV INDIAN MARINER 31,IMO9001031,AT31,70,0,243,26,10.0,70,A
419001031,2026-09-07 19:30:00,9.911707,79.174284,15.0,80.0,80.0,MV INDIAN MARINER 31,IMO9001031,AT31,70,0,243,26,10.0,70,A
419001031,2026-09-07 19:35:00,9.915451,79.195133,15.0,80.0,80.0,MV INDIAN MARINER 31,IMO9001031,AT31,70,0,243,26,10.0,70,A
419001031,2026-09-07 19:40:00,9.919037,79.21592,15.0,80.0,80.0,MV INDIAN MARINER 31,IMO9001031,AT31,70,0,243,26,10.0,70,A
419001031,2026-09-07 19:45:00,9.92258,79.236829,15.0,80.0,80.0,MV INDIAN MARINER 31,IMO9001031,AT31,70,0,243,26,10.0,70,A
419001031,2026-09-07 19:50:00,9.926189,79.257724,15.0,80.0,80.0,MV INDIAN MARINER 31,IMO9001031,AT31,70,0,243,26,10.0,70,A
419001031,2026-09-07 19:55:00,9.929793,79.2785,15.0,80.0,80.0,MV INDIAN MARINER 31,IMO9001031,AT31,70,0,243,26,10.0,70,A
419001031,2026-09-07 20:00:00,9.933479,79.299257,15.0,80.0,80.0,MV INDIAN MARINER 31,IMO9001031,AT31,70,0,243,26,10.0,70,A
419001031,2026-09-07 20:05:00,9.937171,79.320175,15.0,80.0,80.0,MV INDIAN MARINER 31,IMO9001031,AT31,70,0,243,26,10.0,70,A
419001031,2026-09-07 20:10:00,9.940775,79.341009,15.0,80.0,80.0,MV INDIAN MARINER 31,IMO9001031,AT31,70,0,243,26,10.0,70,A
419001031,2026-09-07 20:15:00,9.944314,79.361854,15.0,80.0,80.0,MV INDIAN MARINER 31,IMO9001031,AT31,70,0,243,26,10.0,70,A
419001031,2026-09-07 20:20:00,9.948021,79.382632,15.0,80.0,80.0,MV INDIAN MARINER 31,IMO9001031,AT31,70,0,243,26,10.0,70,A
419001031,2026-09-07 20:25:00,9.951609,79.403511,15.0,80.0,80.0,MV INDIAN MARINER 31,IMO9001031,AT31,70,0,243,26,10.0,70,A
419001031,2026-09-07 20:30:00,9.955154,79.424384,15.0,80.0,80.0,MV INDIAN MARINER 31,IMO9001031,AT31,70,0,243,26,10.0,70,A
419001031,2026-09-07 20:35:00,9.958785,79.44511,15.0,80.0,80.0,MV INDIAN MARINER 31,IMO9001031,AT31,70,0,243,26,10.0,70,A
419001031,2026-09-07 20:40:00,9.962474,79.465905,15.0,80.0,80.0,MV INDIAN MARINER 31,IMO9001031,AT31,70,0,243,26,10.0,70,A
419001031,2026-09-07 20:45:00,9.965998,79.486884,15.0,80.0,80.0,MV INDIAN MARINER 31,IMO9001031,AT31,70,0,243,26,10.0,70,A
419001031,2026-09-07 20:50:00,9.969608,79.507648,15.0,80.0,80.0,MV INDIAN MARINER 31,IMO9001031,AT31,70,0,243,26,10.0,70,A
419001031,2026-09-07 20:55:00,9.973188,79.528575,15.0,80.0,80.0,MV INDIAN MARINER 31,IMO9001031,AT31,70,0,243,26,10.0,70,A
419001031,2026-09-07 21:00:00,9.976769,79.54936,15.0,80.0,80.0,MV INDIAN MARINER 31,IMO9001031,AT31,70,0,243,26,10.0,70,A
419001031,2026-09-07 21:05:00,9.98052,79.570125,15.0,80.0,80.0,MV INDIAN MARINER 31,IMO9001031,AT31,70,0,243,26,10.0,70,A
419001031,2026-09-07 21:10:00,9.984171,79.591053,15.0,80.0,80.0,MV INDIAN MARINER 31,IMO9001031,AT31,70,0,243,26,10.0,70,A
419001031,2026-09-07 21:15:00,9.987651,79.611781,15.0,80.0,80.0,MV INDIAN MARINER 31,IMO9001031,AT31,70,0,243,26,10.0,70,A
419001031,2026-09-07 21:20:00,9.991359,79.632699,15.0,80.0,80.0,MV INDIAN MARINER 31,IMO9001031,AT31,70,0,243,26,10.0,70,A
419001031,2026-09-07 21:25:00,9.995028,79.653446,15.0,80.0,80.0,MV INDIAN MARINER 31,IMO9001031,AT31,70,0,243,26,10.0,70,A
419001031,2026-09-07 21:30:00,9.998605,79.674285,15.0,80.0,80.0,MV INDIAN MARINER 31,IMO9001031,AT31,70,0,243,26,10.0,70,A
419001031,2026-09-07 21:35:00,10.002154,79.695203,15.0,80.0,80.0,MV INDIAN MARINER 31,IMO9001031,AT31,70,0,243,26,10.0,70,A
419001031,2026-09-07 21:40:00,10.005732,79.716065,15.0,80.0,80.0,MV INDIAN MARINER 31,IMO9001031,AT31,70,0,243,26,10.0,70,A
419001031,2026-09-07 21:45:00,10.009363,79.736763,15.0,80.0,80.0,MV INDIAN MARINER 31,IMO9001031,AT31,70,0,243,26,10.0,70,A
419001031,2026-09-07 21:50:00,10.013008,79.757554,15.0,80.0,80.0,MV INDIAN MARINER 31,IMO9001031,AT31,70,0,243,26,10.0,70,A
419001031,2026-09-07 21:55:00,10.016707,79.778406,15.0,80.0,80.0,MV INDIAN MARINER 31,IMO9001031,AT31,70,0,243,26,10.0,70,A
419001031,2026-09-07 22:00:00,10.020196,79.79935,15.0,80.0,80.0,MV INDIAN MARINER 31,IMO9001031,AT31,70,0,243,26,10.0,70,A
419001031,2026-09-07 22:05:00,10.023833,79.820193,15.0,80.0,80.0,MV INDIAN MARINER 31,IMO9001031,AT31,70,0,243,26,10.0,70,A
419001031,2026-09-07 22:10:00,10.027484,79.840902,15.0,80.0,80.0,MV INDIAN MARINER 31,IMO9001031,AT31,70,0,243,26,10.0,70,A
419001031,2026-09-07 22:15:00,10.031212,79.861887,15.0,80.0,80.0,MV INDIAN MARINER 31,IMO9001031,AT31,70,0,243,26,10.0,70,A
419001031,2026-09-07 22:20:00,10.034681,79.882661,15.0,80.0,80.0,MV INDIAN MARINER 31,IMO9001031,AT31,70,0,243,26,10.0,70,A
419001031,2026-09-07 22:25:00,10.038357,79.90351,15.0,80.0,80.0,MV INDIAN MARINER 31,IMO9001031,AT31,70,0,243,26,10.0,70,A
419001031,2026-09-07 22:30:00,10.042044,79.924247,15.0,80.0,80.0,MV INDIAN MARINER 31,IMO9001031,AT31,70,0,243,26,10.0,70,A
419001031,2026-09-07 22:35:00,10.045528,79.945212,15.0,80.0,80.0,MV INDIAN MARINER 31,IMO9001031,AT31,70,0,243,26,10.0,70,A
419001031,2026-09-07 22:40:00,10.049133,79.965945,15.0,80.0,80.0,MV INDIAN MARINER 31,IMO9001031,AT31,70,0,243,26,10.0,70,A
419001031,2026-09-07 22:45:00,10.052886,79.986852,15.0,80.0,80.0,MV INDIAN MARINER 31,IMO9001031,AT31,70,0,243,26,10.0,70,A
419001031,2026-09-07 22:50:00,10.056381,80.007683,15.0,80.0,80.0,MV INDIAN MARINER 31,IMO9001031,AT31,70,0,243,26,10.0,70,A
419001031,2026-09-07 22:55:00,10.060091,80.028502,15.0,80.0,80.0,MV INDIAN MARINER 31,IMO9001031,AT31,70,0,243,26,10.0,70,A
419001031,2026-09-07 23:00:00,10.063771,80.049258,15.0,80.0,80.0,MV INDIAN MARINER 31,IMO9001031,AT31,70,0,243,26,10.0,70,A
419001031,2026-09-07 23:05:00,10.067281,80.070109,15.0,80.0,80.0,MV INDIAN MARINER 31,IMO9001031,AT31,70,0,243,26,10.0,70,A
419001031,2026-09-07 23:10:00,10.070889,80.090961,15.0,80.0,80.0,MV INDIAN MARINER 31,IMO9001031,AT31,70,0,243,26,10.0,70,A
419001031,2026-09-07 23:15:00,10.074568,80.111744,15.0,80.0,80.0,MV INDIAN MARINER 31,IMO9001031,AT31,70,0,243,26,10.0,70,A
419001031,2026-09-07 23:20:00,10.078073,80.132621,15.0,80.0,80.0,MV INDIAN MARINER 31,IMO9001031,AT31,70,0,243,26,10.0,70,A
419001031,2026-09-07 23:25:00,10.081843,80.153432,15.0,80.0,80.0,MV INDIAN MARINER 31,IMO9001031,AT31,70,0,243,26,10.0,70,A
419001031,2026-09-07 23:30:00,10.085296,80.174297,15.0,80.0,80.0,MV INDIAN MARINER 31,IMO9001031,AT31,70,0,243,26,10.0,70,A
419001031,2026-09-07 23:35:00,10.088915,80.195127,15.0,80.0,80.0,MV INDIAN MARINER 31,IMO9001031,AT31,70,0,243,26,10.0,70,A
419001031,2026-09-07 23:40:00,10.09253,80.215897,15.0,80.0,80.0,MV INDIAN MARINER 31,IMO9001031,AT31,70,0,243,26,10.0,70,A
419001031,2026-09-07 23:45:00,10.096296,80.236783,15.0,80.0,80.0,MV INDIAN MARINER 31,IMO9001031,AT31,70,0,243,26,10.0,70,A
419001031,2026-09-07 23:50:00,10.099754,80.257642,15.0,80.0,80.0,MV INDIAN MARINER 31,IMO9001031,AT31,70,0,243,26,10.0,70,A
419001031,2026-09-07 23:55:00,10.103465,80.278463,15.0,80.0,80.0,MV INDIAN MARINER 31,IMO9001031,AT31,70,0,243,26,10.0,70,A
419001031,2026-09-08 00:00:00,10.107141,80.299222,15.0,80.0,80.0,MV INDIAN MARINER 31,IMO9001031,AT31,70,0,243,26,10.0,70,A
419001031,2026-09-08 00:05:00,10.110691,80.320182,15.0,80.0,80.0,MV INDIAN MARINER 31,IMO9001031,AT31,70,0,243,26,10.0,70,A
419001031,2026-09-08 00:10:00,10.11432,80.340847,15.0,80.0,80.0,MV INDIAN MARINER 31,IMO9001031,AT31,70,0,243,26,10.0,70,A
419001031,2026-09-08 00:15:00,10.117897,80.361855,15.0,80.0,80.0,MV INDIAN MARINER 31,IMO9001031,AT31,70,0,243,26,10.0,70,A
419001031,2026-09-08 00:20:00,10.121476,80.382626,15.0,80.0,80.0,MV INDIAN MARINER 31,IMO9001031,AT31,70,0,243,26,10.0,70,A
419001031,2026-09-08 00:25:00,10.125109,80.403469,15.0,80.0,80.0,MV INDIAN MARINER 31,IMO9001031,AT31,70,0,243,26,10.0,70,A
419001031,2026-09-08 00:30:00,10.128739,80.424357,15.0,80.0,80.0,MV INDIAN MARINER 31,IMO9001031,AT31,70,0,243,26,10.0,70,A
419001031,2026-09-08 00:35:00,10.13234,80.445163,15.0,80.0,80.0,MV INDIAN MARINER 31,IMO9001031,AT31,70,0,243,26,10.0,70,A
419001031,2026-09-08 00:40:00,10.135975,80.465991,15.0,80.0,80.0,MV INDIAN MARINER 31,IMO9001031,AT31,70,0,243,26,10.0,70,A
419001031,2026-09-08 00:45:00,10.139704,80.486721,15.0,80.0,80.0,MV INDIAN MARINER 31,IMO9001031,AT31,70,0,243,26,10.0,70,A
419001031,2026-09-08 00:50:00,10.143205,80.50751,15.0,80.0,80.0,MV INDIAN MARINER 31,IMO9001031,AT31,70,0,243,26,10.0,70,A
419001031,2026-09-08 00:55:00,10.146862,80.528508,15.0,80.0,80.0,MV INDIAN MARINER 31,IMO9001031,AT31,70,0,243,26,10.0,70,A
419001031,2026-09-08 01:00:00,10.150514,80.549169,15.0,80.0,80.0,MV INDIAN MARINER 31,IMO9001031,AT31,70,0,243,26,10.0,70,A
419001031,2026-09-08 01:05:00,10.154201,80.57008,15.0,80.0,80.0,MV INDIAN MARINER 31,IMO9001031,AT31,70,0,243,26,10.0,70,A
419001031,2026-09-08 01:10:00,10.157629,80.590853,15.0,80.0,80.0,MV INDIAN MARINER 31,IMO9001031,AT31,70,0,243,26,10.0,70,A
419001031,2026-09-08 01:15:00,10.161278,80.611851,15.0,80.0,80.0,MV INDIAN MARINER 31,IMO9001031,AT31,70,0,243,26,10.0,70,A
419001031,2026-09-08 01:20:00,10.16503,80.632599,15.0,80.0,80.0,MV INDIAN MARINER 31,IMO9001031,AT31,70,0,243,26,10.0,70,A
419001031,2026-09-08 01:25:00,10.168639,80.653339,15.0,80.0,80.0,MV INDIAN MARINER 31,IMO9001031,AT31,70,0,243,26,10.0,70,A
419001031,2026-09-08 01:30:00,10.172157,80.674191,15.0,80.0,80.0,MV INDIAN MARINER 31,IMO9001031,AT31,70,0,243,26,10.0,70,A
419001031,2026-09-08 01:35:00,10.175851,80.69505,15.0,80.0,80.0,MV INDIAN MARINER 31,IMO9001031,AT31,70,0,243,26,10.0,70,A
419001031,2026-09-08 01:40:00,10.179419,80.716007,15.0,80.0,80.0,MV INDIAN MARINER 31,IMO9001031,AT31,70,0,243,26,10.0,70,A
419001031,2026-09-08 01:45:00,10.183055,80.736847,15.0,80.0,80.0,MV INDIAN MARINER 31,IMO9001031,AT31,70,0,243,26,10.0,70,A
419001031,2026-09-08 01:50:00,10.186743,80.757675,15.0,80.0,80.0,MV INDIAN MARINER 31,IMO9001031,AT31,70,0,243,26,10.0,70,A
419001031,2026-09-08 01:55:00,10.190295,80.778355,15.0,80.0,80.0,MV INDIAN MARINER 31,IMO9001031,AT31,70,0,243,26,10.0,70,A
419001031,2026-09-08 02:00:00,10.193942,80.799344,15.0,80.0,80.0,MV INDIAN MARINER 31,IMO9001031,AT31,70,0,243,26,10.0,70,A
419001031,2026-09-08 02:05:00,10.197546,80.820122,15.0,80.0,80.0,MV INDIAN MARINER 31,IMO9001031,AT31,70,0,243,26,10.0,70,A
419001031,2026-09-08 02:10:00,10.201217,80.841004,15.0,80.0,80.0,MV INDIAN MARINER 31,IMO9001031,AT31,70,0,243,26,10.0,70,A
419001031,2026-09-08 02:15:00,10.204671,80.861699,15.0,80.0,80.0,MV INDIAN MARINER 31,IMO9001031,AT31,70,0,243,26,10.0,70,A
419001031,2026-09-08 02:20:00,10.208282,80.882549,15.0,80.0,80.0,MV INDIAN MARINER 31,IMO9001031,AT31,70,0,243,26,10.0,70,A
419001031,2026-09-08 02:25:00,10.212061,80.903366,15.0,80.0,80.0,MV INDIAN MARINER 31,IMO9001031,AT31,70,0,243,26,10.0,70,A
419001031,2026-09-08 02:30:00,10.215637,80.924296,15.0,80.0,80.0,MV INDIAN MARINER 31,IMO9001031,AT31,70,0,243,26,10.0,70,A
419001031,2026-09-08 02:35:00,10.219238,80.945041,15.0,80.0,80.0,MV INDIAN MARINER 31,IMO9001031,AT31,70,0,243,26,10.0,70,A
419001031,2026-09-08 02:40:00,10.222833,80.965963,15.0,80.0,80.0,MV INDIAN MARINER 31,IMO9001031,AT31,70,0,243,26,10.0,70,A
419001031,2026-09-08 02:45:00,10.226432,80.986762,15.0,80.0,80.0,MV INDIAN MARINER 31,IMO9001031,AT31,70,0,243,26,10.0,70,A
419001031,2026-09-08 02:50:00,10.229963,81.007632,15.0,80.0,80.0,MV INDIAN MARINER 31,IMO9001031,AT31,70,0,243,26,10.0,70,A
419001031,2026-09-08 02:55:00,10.233688,81.028449,15.0,80.0,80.0,MV INDIAN MARINER 31,IMO9001031,AT31,70,0,243,26,10.0,70,A
419001031,2026-09-08 03:00:00,10.237202,81.049244,15.0,80.0,80.0,MV INDIAN MARINER 31,IMO9001031,AT31,70,0,243,26,10.0,70,A
419001031,2026-09-08 03:05:00,10.240878,81.070142,15.0,80.0,80.0,MV INDIAN MARINER 31,IMO9001031,AT31,70,0,243,26,10.0,70,A
419001031,2026-09-08 03:10:00,10.244466,81.090879,15.0,80.0,80.0,MV INDIAN MARINER 31,IMO9001031,AT31,70,0,243,26,10.0,70,A
419001031,2026-09-08 03:15:00,10.248091,81.111792,15.0,80.0,80.0,MV INDIAN MARINER 31,IMO9001031,AT31,70,0,243,26,10.0,70,A
419001031,2026-09-08 03:20:00,10.251852,81.132475,15.0,80.0,80.0,MV INDIAN MARINER 31,IMO9001031,AT31,70,0,243,26,10.0,70,A
419001031,2026-09-08 03:25:00,10.255362,81.153412,15.0,80.0,80.0,MV INDIAN MARINER 31,IMO9001031,AT31,70,0,243,26,10.0,70,A
419001032,2026-09-07 17:30:00,19.909344,70.634436,16.0,142.0,142.0,MV INDIAN MARINER 32,IMO9001032,AT32,30,0,246,27,11.0,30,B
419001032,2026-09-07 17:35:00,19.891898,70.648921,16.0,142.0,142.0,MV INDIAN MARINER 32,IMO9001032,AT32,30,0,246,27,11.0,30,B
419001032,2026-09-07 17:40:00,19.874418,70.663442,16.0,142.0,142.0,MV INDIAN MARINER 32,IMO9001032,AT32,30,0,246,27,11.0,30,B
419001032,2026-09-07 17:45:00,19.856827,70.677903,16.0,142.0,142.0,MV INDIAN MARINER 32,IMO9001032,AT32,30,0,246,27,11.0,30,B
419001032,2026-09-07 17:50:00,19.839314,70.69229,16.0,142.0,142.0,MV INDIAN MARINER 32,IMO9001032,AT32,30,0,246,27,11.0,30,B
419001032,2026-09-07 17:55:00,19.821885,70.706783,16.0,142.0,142.0,MV INDIAN MARINER 32,IMO9001032,AT32,30,0,246,27,11.0,30,B
419001032,2026-09-07 18:00:00,19.804299,70.721295,16.0,142.0,142.0,MV INDIAN MARINER 32,IMO9001032,AT32,30,0,246,27,11.0,30,B
419001032,2026-09-07 18:05:00,19.786822,70.73575,16.0,142.0,142.0,MV INDIAN MARINER 32,IMO9001032,AT32,30,0,246,27,11.0,30,B
419001032,2026-09-07 18:10:00,19.76942,70.750162,16.0,142.0,142.0,MV INDIAN MARINER 32,IMO9001032,AT32,30,0,246,27,11.0,30,B
419001032,2026-09-07 18:15:00,19.751739,70.764571,16.0,142.0,142.0,MV INDIAN MARINER 32,IMO9001032,AT32,30,0,246,27,11.0,30,B
419001032,2026-09-07 18:20:00,19.73436,70.779088,16.0,142.0,142.0,MV INDIAN MARINER 32,IMO9001032,AT32,30,0,246,27,11.0,30,B
419001032,2026-09-07 18:25:00,19.716731,70.793493,16.0,142.0,142.0,MV INDIAN MARINER 32,IMO9001032,AT32,30,0,246,27,11.0,30,B
419001032,2026-09-07 18:30:00,19.699387,70.807982,16.0,142.0,142.0,MV INDIAN MARINER 32,IMO9001032,AT32,30,0,246,27,11.0,30,B
419001032,2026-09-07 18:35:00,19.68176,70.822425,16.0,142.0,142.0,MV INDIAN MARINER 32,IMO9001032,AT32,30,0,246,27,11.0,30,B
419001032,2026-09-07 18:40:00,19.6643,70.836799,16.0,142.0,142.0,MV INDIAN MARINER 32,IMO9001032,AT32,30,0,246,27,11.0,30,B
419001032,2026-09-07 18:45:00,19.646811,70.851272,16.0,142.0,142.0,MV INDIAN MARINER 32,IMO9001032,AT32,30,0,246,27,11.0,30,B
419001032,2026-09-07 18:50:00,19.629202,70.865813,16.0,142.0,142.0,MV INDIAN MARINER 32,IMO9001032,AT32,30,0,246,27,11.0,30,B
419001032,2026-09-07 18:55:00,19.611669,70.880328,16.0,142.0,142.0,MV INDIAN MARINER 32,IMO9001032,AT32,30,0,246,27,11.0,30,B
419001032,2026-09-07 19:00:00,19.594152,70.894752,16.0,142.0,142.0,MV INDIAN MARINER 32,IMO9001032,AT32,30,0,246,27,11.0,30,B
419001032,2026-09-07 19:05:00,19.576814,70.909148,16.0,142.0,142.0,MV INDIAN MARINER 32,IMO9001032,AT32,30,0,246,27,11.0,30,B
419001032,2026-09-07 19:10:00,19.559325,70.923533,16.0,142.0,142.0,MV INDIAN MARINER 32,IMO9001032,AT32,30,0,246,27,11.0,30,B
419001032,2026-09-07 19:15:00,19.541633,70.938106,16.0,142.0,142.0,MV INDIAN MARINER 32,IMO9001032,AT32,30,0,246,27,11.0,30,B
419001032,2026-09-07 19:20:00,19.524281,70.952543,16.0,142.0,142.0,MV INDIAN MARINER 32,IMO9001032,AT32,30,0,246,27,11.0,30,B
419001032,2026-09-07 19:25:00,19.506625,70.966972,16.0,142.0,142.0,MV INDIAN MARINER 32,IMO9001032,AT32,30,0,246,27,11.0,30,B
419001032,2026-09-07 19:30:00,19.489111,70.98136,16.0,142.0,142.0,MV INDIAN MARINER 32,IMO9001032,AT32,30,0,246,27,11.0,30,B
419001032,2026-09-07 19:35:00,19.4716,70.995827,16.0,142.0,142.0,MV INDIAN MARINER 32,IMO9001032,AT32,30,0,246,27,11.0,30,B
419001032,2026-09-07 19:40:00,19.4541,71.010281,16.0,142.0,142.0,MV INDIAN MARINER 32,IMO9001032,AT32,30,0,246,27,11.0,30,B
419001032,2026-09-07 19:45:00,19.436747,71.024775,16.0,142.0,142.0,MV INDIAN MARINER 32,IMO9001032,AT32,30,0,246,27,11.0,30,B
419001032,2026-09-07 19:50:00,19.419262,71.039149,16.0,142.0,142.0,MV INDIAN MARINER 32,IMO9001032,AT32,30,0,246,27,11.0,30,B
419001032,2026-09-07 19:55:00,19.401678,71.0536,16.0,142.0,142.0,MV INDIAN MARINER 32,IMO9001032,AT32,30,0,246,27,11.0,30,B
419001032,2026-09-07 20:00:00,19.384199,71.068114,16.0,142.0,142.0,MV INDIAN MARINER 32,IMO9001032,AT32,30,0,246,27,11.0,30,B
419001032,2026-09-07 20:05:00,19.366621,71.082599,16.0,142.0,142.0,MV INDIAN MARINER 32,IMO9001032,AT32,30,0,246,27,11.0,30,B
419001032,2026-09-07 20:10:00,19.349222,71.097087,16.0,142.0,142.0,MV INDIAN MARINER 32,IMO9001032,AT32,30,0,246,27,11.0,30,B
419001032,2026-09-07 20:15:00,19.331715,71.111584,16.0,142.0,142.0,MV INDIAN MARINER 32,IMO9001032,AT32,30,0,246,27,11.0,30,B
419001032,2026-09-07 20:20:00,19.314127,71.126004,16.0,142.0,142.0,MV INDIAN MARINER 32,IMO9001032,AT32,30,0,246,27,11.0,30,B
419001032,2026-09-07 20:25:00,19.296555,71.140337,16.0,142.0,142.0,MV INDIAN MARINER 32,IMO9001032,AT32,30,0,246,27,11.0,30,B
419001032,2026-09-07 20:30:00,19.279161,71.154966,16.0,142.0,142.0,MV INDIAN MARINER 32,IMO9001032,AT32,30,0,246,27,11.0,30,B
419001032,2026-09-07 20:35:00,19.261597,71.169298,16.0,142.0,142.0,MV INDIAN MARINER 32,IMO9001032,AT32,30,0,246,27,11.0,30,B
419001032,2026-09-07 20:40:00,19.244081,71.183821,16.0,142.0,142.0,MV INDIAN MARINER 32,IMO9001032,AT32,30,0,246,27,11.0,30,B
419001032,2026-09-07 20:45:00,19.226673,71.198203,16.0,142.0,142.0,MV INDIAN MARINER 32,IMO9001032,AT32,30,0,246,27,11.0,30,B
419001032,2026-09-07 20:50:00,19.209015,71.212684,16.0,142.0,142.0,MV INDIAN MARINER 32,IMO9001032,AT32,30,0,246,27,11.0,30,B
419001032,2026-09-07 20:55:00,19.191612,71.22709,16.0,142.0,142.0,MV INDIAN MARINER 32,IMO9001032,AT32,30,0,246,27,11.0,30,B
419001032,2026-09-07 21:00:00,19.174113,71.241609,16.0,142.0,142.0,MV INDIAN MARINER 32,IMO9001032,AT32,30,0,246,27,11.0,30,B
419001032,2026-09-07 21:05:00,19.156622,71.256139,16.0,142.0,142.0,MV INDIAN MARINER 32,IMO9001032,AT32,30,0,246,27,11.0,30,B
419001032,2026-09-07 21:10:00,19.138998,71.270436,16.0,142.0,142.0,MV INDIAN MARINER 32,IMO9001032,AT32,30,0,246,27,11.0,30,B
419001032,2026-09-07 21:15:00,19.121436,71.284893,16.0,142.0,142.0,MV INDIAN MARINER 32,IMO9001032,AT32,30,0,246,27,11.0,30,B
419001032,2026-09-07 21:20:00,19.104101,71.299385,16.0,142.0,142.0,MV INDIAN MARINER 32,IMO9001032,AT32,30,0,246,27,11.0,30,B
419001032,2026-09-07 21:25:00,19.086477,71.313841,16.0,142.0,142.0,MV INDIAN MARINER 32,IMO9001032,AT32,30,0,246,27,11.0,30,B
419001032,2026-09-07 21:30:00,19.069012,71.328319,16.0,142.0,142.0,MV INDIAN MARINER 32,IMO9001032,AT32,30,0,246,27,11.0,30,B
419001032,2026-09-07 21:35:00,19.051409,71.342726,16.0,142.0,142.0,MV INDIAN MARINER 32,IMO9001032,AT32,30,0,246,27,11.0,30,B
419001032,2026-09-07 21:40:00,19.033968,71.357274,16.0,142.0,142.0,MV INDIAN MARINER 32,IMO9001032,AT32,30,0,246,27,11.0,30,B
419001032,2026-09-07 21:45:00,19.016568,71.371681,16.0,142.0,142.0,MV INDIAN MARINER 32,IMO9001032,AT32,30,0,246,27,11.0,30,B
419001032,2026-09-07 21:50:00,18.998988,71.386137,16.0,142.0,142.0,MV INDIAN MARINER 32,IMO9001032,AT32,30,0,246,27,11.0,30,B
419001032,2026-09-07 21:55:00,18.981497,71.400679,16.0,142.0,142.0,MV INDIAN MARINER 32,IMO9001032,AT32,30,0,246,27,11.0,30,B
419001032,2026-09-07 22:00:00,18.963968,71.415032,16.0,142.0,142.0,MV INDIAN MARINER 32,IMO9001032,AT32,30,0,246,27,11.0,30,B
419001032,2026-09-07 22:05:00,18.946526,71.429499,16.0,142.0,142.0,MV INDIAN MARINER 32,IMO9001032,AT32,30,0,246,27,11.0,30,B
419001032,2026-09-07 22:10:00,18.928918,71.444006,16.0,142.0,142.0,MV INDIAN MARINER 32,IMO9001032,AT32,30,0,246,27,11.0,30,B
419001032,2026-09-07 22:15:00,18.911349,71.458422,16.0,142.0,142.0,MV INDIAN MARINER 32,IMO9001032,AT32,30,0,246,27,11.0,30,B
419001032,2026-09-07 22:20:00,18.893917,71.472842,16.0,142.0,142.0,MV INDIAN MARINER 32,IMO9001032,AT32,30,0,246,27,11.0,30,B
419001032,2026-09-07 22:25:00,18.876469,71.487293,16.0,142.0,142.0,MV INDIAN MARINER 32,IMO9001032,AT32,30,0,246,27,11.0,30,B
419001032,2026-09-07 22:30:00,18.858852,71.501719,16.0,142.0,142.0,MV INDIAN MARINER 32,IMO9001032,AT32,30,0,246,27,11.0,30,B
419001032,2026-09-07 22:35:00,18.84141,71.516237,16.0,142.0,142.0,MV INDIAN MARINER 32,IMO9001032,AT32,30,0,246,27,11.0,30,B
419001032,2026-09-07 22:40:00,18.823958,71.530643,16.0,142.0,142.0,MV INDIAN MARINER 32,IMO9001032,AT32,30,0,246,27,11.0,30,B
419001032,2026-09-07 22:45:00,18.806464,71.545201,16.0,142.0,142.0,MV INDIAN MARINER 32,IMO9001032,AT32,30,0,246,27,11.0,30,B
419001032,2026-09-07 22:50:00,18.78892,71.559603,16.0,142.0,142.0,MV INDIAN MARINER 32,IMO9001032,AT32,30,0,246,27,11.0,30,B
419001032,2026-09-07 22:55:00,18.771429,71.574109,16.0,142.0,142.0,MV INDIAN MARINER 32,IMO9001032,AT32,30,0,246,27,11.0,30,B
419001032,2026-09-07 23:00:00,18.753917,71.588429,16.0,142.0,142.0,MV INDIAN MARINER 32,IMO9001032,AT32,30,0,246,27,11.0,30,B
419001032,2026-09-07 23:05:00,18.73634,71.603042,16.0,142.0,142.0,MV INDIAN MARINER 32,IMO9001032,AT32,30,0,246,27,11.0,30,B
419001032,2026-09-07 23:10:00,18.718904,71.617516,16.0,142.0,142.0,MV INDIAN MARINER 32,IMO9001032,AT32,30,0,246,27,11.0,30,B
419001032,2026-09-07 23:15:00,18.701401,71.631959,16.0,142.0,142.0,MV INDIAN MARINER 32,IMO9001032,AT32,30,0,246,27,11.0,30,B
419001032,2026-09-07 23:20:00,18.683729,71.646259,16.0,142.0,142.0,MV INDIAN MARINER 32,IMO9001032,AT32,30,0,246,27,11.0,30,B
419001032,2026-09-07 23:25:00,18.666267,71.660757,16.0,142.0,142.0,MV INDIAN MARINER 32,IMO9001032,AT32,30,0,246,27,11.0,30,B
419001032,2026-09-07 23:30:00,18.64886,71.675301,16.0,142.0,142.0,MV INDIAN MARINER 32,IMO9001032,AT32,30,0,246,27,11.0,30,B
419001032,2026-09-07 23:35:00,18.631197,71.689775,16.0,142.0,142.0,MV INDIAN MARINER 32,IMO9001032,AT32,30,0,246,27,11.0,30,B
419001032,2026-09-07 23:40:00,18.613805,71.704211,16.0,142.0,142.0,MV INDIAN MARINER 32,IMO9001032,AT32,30,0,246,27,11.0,30,B
419001032,2026-09-07 23:45:00,18.596366,71.718578,16.0,142.0,142.0,MV INDIAN MARINER 32,IMO9001032,AT32,30,0,246,27,11.0,30,B
419001032,2026-09-07 23:50:00,18.578803,71.733016,16.0,142.0,142.0,MV INDIAN MARINER 32,IMO9001032,AT32,30,0,246,27,11.0,30,B
419001032,2026-09-07 23:55:00,18.561169,71.747576,16.0,142.0,142.0,MV INDIAN MARINER 32,IMO9001032,AT32,30,0,246,27,11.0,30,B
419001032,2026-09-08 00:00:00,18.543735,71.761984,16.0,142.0,142.0,MV INDIAN MARINER 32,IMO9001032,AT32,30,0,246,27,11.0,30,B
419001032,2026-09-08 00:05:00,18.526261,71.776534,16.0,142.0,142.0,MV INDIAN MARINER 32,IMO9001032,AT32,30,0,246,27,11.0,30,B
419001032,2026-09-08 00:10:00,18.508666,71.790987,16.0,142.0,142.0,MV INDIAN MARINER 32,IMO9001032,AT32,30,0,246,27,11.0,30,B
419001032,2026-09-08 00:15:00,18.49116,71.805364,16.0,142.0,142.0,MV INDIAN MARINER 32,IMO9001032,AT32,30,0,246,27,11.0,30,B
419001032,2026-09-08 00:20:00,18.473672,71.819733,16.0,142.0,142.0,MV INDIAN MARINER 32,IMO9001032,AT32,30,0,246,27,11.0,30,B
419001032,2026-09-08 00:25:00,18.45625,71.834299,16.0,142.0,142.0,MV INDIAN MARINER 32,IMO9001032,AT32,30,0,246,27,11.0,30,B
419001032,2026-09-08 00:30:00,18.438726,71.848713,16.0,142.0,142.0,MV INDIAN MARINER 32,IMO9001032,AT32,30,0,246,27,11.0,30,B
419001032,2026-09-08 00:35:00,18.421111,71.863256,16.0,142.0,142.0,MV INDIAN MARINER 32,IMO9001032,AT32,30,0,246,27,11.0,30,B
419001032,2026-09-08 00:40:00,18.403655,71.877713,16.0,142.0,142.0,MV INDIAN MARINER 32,IMO9001032,AT32,30,0,246,27,11.0,30,B
419001032,2026-09-08 00:45:00,18.386153,71.892032,16.0,142.0,142.0,MV INDIAN MARINER 32,IMO9001032,AT32,30,0,246,27,11.0,30,B
419001032,2026-09-08 00:50:00,18.368757,71.906624,16.0,142.0,142.0,MV INDIAN MARINER 32,IMO9001032,AT32,30,0,246,27,11.0,30,B
419001032,2026-09-08 00:55:00,18.351072,71.921049,16.0,142.0,142.0,MV INDIAN MARINER 32,IMO9001032,AT32,30,0,246,27,11.0,30,B
419001032,2026-09-08 01:00:00,18.333638,71.93552,16.0,142.0,142.0,MV INDIAN MARINER 32,IMO9001032,AT32,30,0,246,27,11.0,30,B
419001032,2026-09-08 01:05:00,18.316158,71.949801,16.0,142.0,142.0,MV INDIAN MARINER 32,IMO9001032,AT32,30,0,246,27,11.0,30,B
419001032,2026-09-08 01:10:00,18.298712,71.964392,16.0,142.0,142.0,MV INDIAN MARINER 32,IMO9001032,AT32,30,0,246,27,11.0,30,B
419001032,2026-09-08 01:15:00,18.28107,71.978735,16.0,142.0,142.0,MV INDIAN MARINER 32,IMO9001032,AT32,30,0,246,27,11.0,30,B
419001032,2026-09-08 01:20:00,18.263682,71.99322,16.0,142.0,142.0,MV INDIAN MARINER 32,IMO9001032,AT32,30,0,246,27,11.0,30,B
419001032,2026-09-08 01:25:00,18.24613,72.007639,16.0,142.0,142.0,MV INDIAN MARINER 32,IMO9001032,AT32,30,0,246,27,11.0,30,B
419001032,2026-09-08 01:30:00,18.228701,72.022085,16.0,142.0,142.0,MV INDIAN MARINER 32,IMO9001032,AT32,30,0,246,27,11.0,30,B
419001032,2026-09-08 01:35:00,18.211177,72.036667,16.0,142.0,142.0,MV INDIAN MARINER 32,IMO9001032,AT32,30,0,246,27,11.0,30,B
419001032,2026-09-08 01:40:00,18.193521,72.051023,16.0,142.0,142.0,MV INDIAN MARINER 32,IMO9001032,AT32,30,0,246,27,11.0,30,B
419001032,2026-09-08 01:45:00,18.176068,72.065554,16.0,142.0,142.0,MV INDIAN MARINER 32,IMO9001032,AT32,30,0,246,27,11.0,30,B
419001032,2026-09-08 01:50:00,18.158561,72.079985,16.0,142.0,142.0,MV INDIAN MARINER 32,IMO9001032,AT32,30,0,246,27,11.0,30,B
419001032,2026-09-08 01:55:00,18.141019,72.09443,16.0,142.0,142.0,MV INDIAN MARINER 32,IMO9001032,AT32,30,0,246,27,11.0,30,B
419001032,2026-09-08 02:00:00,18.123603,72.10895,16.0,142.0,142.0,MV INDIAN MARINER 32,IMO9001032,AT32,30,0,246,27,11.0,30,B
419001032,2026-09-08 02:05:00,18.106077,72.123353,16.0,142.0,142.0,MV INDIAN MARINER 32,IMO9001032,AT32,30,0,246,27,11.0,30,B
419001032,2026-09-08 02:10:00,18.088533,72.137804,16.0,142.0,142.0,MV INDIAN MARINER 32,IMO9001032,AT32,30,0,246,27,11.0,30,B
419001032,2026-09-08 02:15:00,18.071,72.152171,16.0,142.0,142.0,MV INDIAN MARINER 32,IMO9001032,AT32,30,0,246,27,11.0,30,B
419001032,2026-09-08 02:20:00,18.053603,72.16679,16.0,142.0,142.0,MV INDIAN MARINER 32,IMO9001032,AT32,30,0,246,27,11.0,30,B
419001032,2026-09-08 02:25:00,18.035983,72.181088,16.0,142.0,142.0,MV INDIAN MARINER 32,IMO9001032,AT32,30,0,246,27,11.0,30,B
419001032,2026-09-08 02:30:00,18.018471,72.195568,16.0,142.0,142.0,MV INDIAN MARINER 32,IMO9001032,AT32,30,0,246,27,11.0,30,B
419001032,2026-09-08 02:35:00,18.001001,72.210075,16.0,142.0,142.0,MV INDIAN MARINER 32,IMO9001032,AT32,30,0,246,27,11.0,30,B
419001032,2026-09-08 02:40:00,17.98343,72.224599,16.0,142.0,142.0,MV INDIAN MARINER 32,IMO9001032,AT32,30,0,246,27,11.0,30,B
419001032,2026-09-08 02:45:00,17.96593,72.239027,16.0,142.0,142.0,MV INDIAN MARINER 32,IMO9001032,AT32,30,0,246,27,11.0,30,B
419001032,2026-09-08 02:50:00,17.948573,72.253543,16.0,142.0,142.0,MV INDIAN MARINER 32,IMO9001032,AT32,30,0,246,27,11.0,30,B
419001032,2026-09-08 02:55:00,17.930937,72.267974,16.0,142.0,142.0,MV INDIAN MARINER 32,IMO9001032,AT32,30,0,246,27,11.0,30,B
419001032,2026-09-08 03:00:00,17.913451,72.282343,16.0,142.0,142.0,MV INDIAN MARINER 32,IMO9001032,AT32,30,0,246,27,11.0,30,B
419001032,2026-09-08 03:05:00,17.896,72.296843,16.0,142.0,142.0,MV INDIAN MARINER 32,IMO9001032,AT32,30,0,246,27,11.0,30,B
419001032,2026-09-08 03:10:00,17.878389,72.311244,16.0,142.0,142.0,MV INDIAN MARINER 32,IMO9001032,AT32,30,0,246,27,11.0,30,B
419001032,2026-09-08 03:15:00,17.861015,72.325686,16.0,142.0,142.0,MV INDIAN MARINER 32,IMO9001032,AT32,30,0,246,27,11.0,30,B
419001032,2026-09-08 03:20:00,17.843441,72.340149,16.0,142.0,142.0,MV INDIAN MARINER 32,IMO9001032,AT32,30,0,246,27,11.0,30,B
419001032,2026-09-08 03:25:00,17.825845,72.354671,16.0,142.0,142.0,MV INDIAN MARINER 32,IMO9001032,AT32,30,0,246,27,11.0,30,B
419001033,2026-09-07 17:30:00,22.73455,67.846497,17.0,115.0,115.0,MV INDIAN MARINER 33,IMO9001033,AT33,80,0,249,28,12.0,80,A
419001033,2026-09-07 17:35:00,22.724424,67.86948,17.0,115.0,115.0,MV INDIAN MARINER 33,IMO9001033,AT33,80,0,249,28,12.0,80,A
419001033,2026-09-07 17:40:00,22.714462,67.892674,17.0,115.0,115.0,MV INDIAN MARINER 33,IMO9001033,AT33,80,0,249,28,12.0,80,A
419001033,2026-09-07 17:45:00,22.704577,67.915711,17.0,115.0,115.0,MV INDIAN MARINER 33,IMO9001033,AT33,80,0,249,28,12.0,80,A
419001033,2026-09-07 17:50:00,22.694675,67.938904,17.0,115.0,115.0,MV INDIAN MARINER 33,IMO9001033,AT33,80,0,249,28,12.0,80,A
419001033,2026-09-07 17:55:00,22.684644,67.961991,17.0,115.0,115.0,MV INDIAN MARINER 33,IMO9001033,AT33,80,0,249,28,12.0,80,A
419001033,2026-09-07 18:00:00,22.674632,67.985109,17.0,115.0,115.0,MV INDIAN MARINER 33,IMO9001033,AT33,80,0,249,28,12.0,80,A
419001033,2026-09-07 18:05:00,22.664737,68.008197,17.0,115.0,115.0,MV INDIAN MARINER 33,IMO9001033,AT33,80,0,249,28,12.0,80,A
419001033,2026-09-07 18:10:00,22.65464,68.031201,17.0,115.0,115.0,MV INDIAN MARINER 33,IMO9001033,AT33,80,0,249,28,12.0,80,A
419001033,2026-09-07 18:15:00,22.644762,68.054406,17.0,115.0,115.0,MV INDIAN MARINER 33,IMO9001033,AT33,80,0,249,28,12.0,80,A
419001033,2026-09-07 18:20:00,22.63465,68.077443,17.0,115.0,115.0,MV INDIAN MARINER 33,IMO9001033,AT33,80,0,249,28,12.0,80,A
419001033,2026-09-07 18:25:00,22.624801,68.100646,17.0,115.0,115.0,MV INDIAN MARINER 33,IMO9001033,AT33,80,0,249,28,12.0,80,A
419001033,2026-09-07 18:30:00,22.614703,68.123676,17.0,115.0,115.0,MV INDIAN MARINER 33,IMO9001033,AT33,80,0,249,28,12.0,80,A
419001033,2026-09-07 18:35:00,22.604738,68.146777,17.0,115.0,115.0,MV INDIAN MARINER 33,IMO9001033,AT33,80,0,249,28,12.0,80,A
419001033,2026-09-07 18:40:00,22.594773,68.169939,17.0,115.0,115.0,MV INDIAN MARINER 33,IMO9001033,AT33,80,0,249,28,12.0,80,A
419001033,2026-09-07 18:45:00,22.584883,68.192857,17.0,115.0,115.0,MV INDIAN MARINER 33,IMO9001033,AT33,80,0,249,28,12.0,80,A
419001033,2026-09-07 18:50:00,22.574933,68.216111,17.0,115.0,115.0,MV INDIAN MARINER 33,IMO9001033,AT33,80,0,249,28,12.0,80,A
419001033,2026-09-07 18:55:00,22.56481,68.239172,17.0,115.0,115.0,MV INDIAN MARINER 33,IMO9001033,AT33,80,0,249,28,12.0,80,A
419001033,2026-09-07 19:00:00,22.554918,68.26225,17.0,115.0,115.0,MV INDIAN MARINER 33,IMO9001033,AT33,80,0,249,28,12.0,80,A
419001033,2026-09-07 19:05:00,22.545032,68.285385,17.0,115.0,115.0,MV INDIAN MARINER 33,IMO9001033,AT33,80,0,249,28,12.0,80,A
419001033,2026-09-07 19:10:00,22.53489,68.308369,17.0,115.0,115.0,MV INDIAN MARINER 33,IMO9001033,AT33,80,0,249,28,12.0,80,A
419001033,2026-09-07 19:15:00,22.525056,68.331498,17.0,115.0,115.0,MV INDIAN MARINER 33,IMO9001033,AT33,80,0,249,28,12.0,80,A
419001033,2026-09-07 19:20:00,22.515015,68.354608,17.0,115.0,115.0,MV INDIAN MARINER 33,IMO9001033,AT33,80,0,249,28,12.0,80,A
419001033,2026-09-07 19:25:00,22.505083,68.377755,17.0,115.0,115.0,MV INDIAN MARINER 33,IMO9001033,AT33,80,0,249,28,12.0,80,A
419001033,2026-09-07 19:30:00,22.495068,68.400899,17.0,115.0,115.0,MV INDIAN MARINER 33,IMO9001033,AT33,80,0,249,28,12.0,80,A
419001033,2026-09-07 19:35:00,22.485157,68.423976,17.0,115.0,115.0,MV INDIAN MARINER 33,IMO9001033,AT33,80,0,249,28,12.0,80,A
419001033,2026-09-07 19:40:00,22.475022,68.44696,17.0,115.0,115.0,MV INDIAN MARINER 33,IMO9001033,AT33,80,0,249,28,12.0,80,A
419001033,2026-09-07 19:45:00,22.465181,68.470106,17.0,115.0,115.0,MV INDIAN MARINER 33,IMO9001033,AT33,80,0,249,28,12.0,80,A
419001033,2026-09-07 19:50:00,22.455082,68.493254,17.0,115.0,115.0,MV INDIAN MARINER 33,IMO9001033,AT33,80,0,249,28,12.0,80,A
419001033,2026-09-07 19:55:00,22.445111,68.516278,17.0,115.0,115.0,MV INDIAN MARINER 33,IMO9001033,AT33,80,0,249,28,12.0,80,A
419001033,2026-09-07 20:00:00,22.435149,68.539326,17.0,115.0,115.0,MV INDIAN MARINER 33,IMO9001033,AT33,80,0,249,28,12.0,80,A
419001033,2026-09-07 20:05:00,22.425155,68.562419,17.0,115.0,115.0,MV INDIAN MARINER 33,IMO9001033,AT33,80,0,249,28,12.0,80,A
419001033,2026-09-07 20:10:00,22.415185,68.585623,17.0,115.0,115.0,MV INDIAN MARINER 33,IMO9001033,AT33,80,0,249,28,12.0,80,A
419001033,2026-09-07 20:15:00,22.405307,68.608625,17.0,115.0,115.0,MV INDIAN MARINER 33,IMO9001033,AT33,80,0,249,28,12.0,80,A
419001033,2026-09-07 20:20:00,22.395361,68.63175,17.0,115.0,115.0,MV INDIAN MARINER 33,IMO9001033,AT33,80,0,249,28,12.0,80,A
419001033,2026-09-07 20:25:00,22.385342,68.654842,17.0,115.0,115.0,MV INDIAN MARINER 33,IMO9001033,AT33,80,0,249,28,12.0,80,A
419001033,2026-09-07 20:30:00,22.375382,68.677918,17.0,115.0,115.0,MV INDIAN MARINER 33,IMO9001033,AT33,80,0,249,28,12.0,80,A
419001033,2026-09-07 20:35:00,22.365263,68.701088,17.0,115.0,115.0,MV INDIAN MARINER 33,IMO9001033,AT33,80,0,249,28,12.0,80,A
419001033,2026-09-07 20:40:00,22.355455,68.724152,17.0,115.0,115.0,MV INDIAN MARINER 33,IMO9001033,AT33,80,0,249,28,12.0,80,A
419001033,2026-09-07 20:45:00,22.345436,68.74726,17.0,115.0,115.0,MV INDIAN MARINER 33,IMO9001033,AT33,80,0,249,28,12.0,80,A
419001033,2026-09-07 20:50:00,22.335445,68.770477,17.0,115.0,115.0,MV INDIAN MARINER 33,IMO9001033,AT33,80,0,249,28,12.0,80,A
419001033,2026-09-07 20:55:00,22.325367,68.793395,17.0,115.0,115.0,MV INDIAN MARINER 33,IMO9001033,AT33,80,0,249,28,12.0,80,A
419001033,2026-09-07 21:00:00,22.315418,68.81665,17.0,115.0,115.0,MV INDIAN MARINER 33,IMO9001033,AT33,80,0,249,28,12.0,80,A
419001033,2026-09-07 21:05:00,22.305506,68.839769,17.0,115.0,115.0,MV INDIAN MARINER 33,IMO9001033,AT33,80,0,249,28,12.0,80,A
419001033,2026-09-07 21:10:00,22.295487,68.862701,17.0,115.0,115.0,MV INDIAN MARINER 33,IMO9001033,AT33,80,0,249,28,12.0,80,A
419001033,2026-09-07 21:15:00,22.285531,68.885962,17.0,115.0,115.0,MV INDIAN MARINER 33,IMO9001033,AT33,80,0,249,28,12.0,80,A
419001033,2026-09-07 21:20:00,22.275657,68.908927,17.0,115.0,115.0,MV INDIAN MARINER 33,IMO9001033,AT33,80,0,249,28,12.0,80,A
419001033,2026-09-07 21:25:00,22.265594,68.932068,17.0,115.0,115.0,MV INDIAN MARINER 33,IMO9001033,AT33,80,0,249,28,12.0,80,A
419001033,2026-09-07 21:30:00,22.25557,68.955203,17.0,115.0,115.0,MV INDIAN MARINER 33,IMO9001033,AT33,80,0,249,28,12.0,80,A
419001033,2026-09-07 21:35:00,22.245562,68.978219,17.0,115.0,115.0,MV INDIAN MARINER 33,IMO9001033,AT33,80,0,249,28,12.0,80,A
419001033,2026-09-07 21:40:00,22.235716,69.001434,17.0,115.0,115.0,MV INDIAN MARINER 33,IMO9001033,AT33,80,0,249,28,12.0,80,A
419001033,2026-09-07 21:45:00,22.22563,69.02452,17.0,115.0,115.0,MV INDIAN MARINER 33,IMO9001033,AT33,80,0,249,28,12.0,80,A
419001033,2026-09-07 21:50:00,22.215781,69.047599,17.0,115.0,115.0,MV INDIAN MARINER 33,IMO9001033,AT33,80,0,249,28,12.0,80,A
419001033,2026-09-07 21:55:00,22.205763,69.070668,17.0,115.0,115.0,MV INDIAN MARINER 33,IMO9001033,AT33,80,0,249,28,12.0,80,A
419001033,2026-09-07 22:00:00,22.1957,69.093766,17.0,115.0,115.0,MV INDIAN MARINER 33,IMO9001033,AT33,80,0,249,28,12.0,80,A
419001033,2026-09-07 22:05:00,22.185811,69.116884,17.0,115.0,115.0,MV INDIAN MARINER 33,IMO9001033,AT33,80,0,249,28,12.0,80,A
419001033,2026-09-07 22:10:00,22.175718,69.139901,17.0,115.0,115.0,MV INDIAN MARINER 33,IMO9001033,AT33,80,0,249,28,12.0,80,A
419001033,2026-09-07 22:15:00,22.165799,69.163133,17.0,115.0,115.0,MV INDIAN MARINER 33,IMO9001033,AT33,80,0,249,28,12.0,80,A
419001033,2026-09-07 22:20:00,22.155763,69.18614,17.0,115.0,115.0,MV INDIAN MARINER 33,IMO9001033,AT33,80,0,249,28,12.0,80,A
419001033,2026-09-07 22:25:00,22.14593,69.209247,17.0,115.0,115.0,MV INDIAN MARINER 33,IMO9001033,AT33,80,0,249,28,12.0,80,A
419001033,2026-09-07 22:30:00,22.135943,69.232278,17.0,115.0,115.0,MV INDIAN MARINER 33,IMO9001033,AT33,80,0,249,28,12.0,80,A
419001033,2026-09-07 22:35:00,22.125922,69.255472,17.0,115.0,115.0,MV INDIAN MARINER 33,IMO9001033,AT33,80,0,249,28,12.0,80,A
419001033,2026-09-07 22:40:00,22.115916,69.278598,17.0,115.0,115.0,MV INDIAN MARINER 33,IMO9001033,AT33,80,0,249,28,12.0,80,A
419001033,2026-09-07 22:45:00,22.105892,69.301617,17.0,115.0,115.0,MV INDIAN MARINER 33,IMO9001033,AT33,80,0,249,28,12.0,80,A
419001033,2026-09-07 22:50:00,22.096014,69.324676,17.0,115.0,115.0,MV INDIAN MARINER 33,IMO9001033,AT33,80,0,249,28,12.0,80,A
419001033,2026-09-07 22:55:00,22.086018,69.34778,17.0,115.0,115.0,MV INDIAN MARINER 33,IMO9001033,AT33,80,0,249,28,12.0,80,A
419001033,2026-09-07 23:00:00,22.076064,69.370901,17.0,115.0,115.0,MV INDIAN MARINER 33,IMO9001033,AT33,80,0,249,28,12.0,80,A
419001033,2026-09-07 23:05:00,22.065996,69.394087,17.0,115.0,115.0,MV INDIAN MARINER 33,IMO9001033,AT33,80,0,249,28,12.0,80,A
419001033,2026-09-07 23:10:00,22.056168,69.417014,17.0,115.0,115.0,MV INDIAN MARINER 33,IMO9001033,AT33,80,0,249,28,12.0,80,A
419001033,2026-09-07 23:15:00,22.046193,69.440164,17.0,115.0,115.0,MV INDIAN MARINER 33,IMO9001033,AT33,80,0,249,28,12.0,80,A
419001033,2026-09-07 23:20:00,22.036108,69.463296,17.0,115.0,115.0,MV INDIAN MARINER 33,IMO9001033,AT33,80,0,249,28,12.0,80,A
419001033,2026-09-07 23:25:00,22.026254,69.486369,17.0,115.0,115.0,MV INDIAN MARINER 33,IMO9001033,AT33,80,0,249,28,12.0,80,A
419001033,2026-09-07 23:30:00,22.016137,69.509554,17.0,115.0,115.0,MV INDIAN MARINER 33,IMO9001033,AT33,80,0,249,28,12.0,80,A
419001033,2026-09-07 23:35:00,22.006285,69.532664,17.0,115.0,115.0,MV INDIAN MARINER 33,IMO9001033,AT33,80,0,249,28,12.0,80,A
419001033,2026-09-07 23:40:00,21.996321,69.55579,17.0,115.0,115.0,MV INDIAN MARINER 33,IMO9001033,AT33,80,0,249,28,12.0,80,A
419001033,2026-09-07 23:45:00,21.986265,69.578698,17.0,115.0,115.0,MV INDIAN MARINER 33,IMO9001033,AT33,80,0,249,28,12.0,80,A
419001033,2026-09-07 23:50:00,21.976351,69.601964,17.0,115.0,115.0,MV INDIAN MARINER 33,IMO9001033,AT33,80,0,249,28,12.0,80,A
419001033,2026-09-07 23:55:00,21.966311,69.625034,17.0,115.0,115.0,MV INDIAN MARINER 33,IMO9001033,AT33,80,0,249,28,12.0,80,A
419001033,2026-09-08 00:00:00,21.956393,69.648088,17.0,115.0,115.0,MV INDIAN MARINER 33,IMO9001033,AT33,80,0,249,28,12.0,80,A
419001033,2026-09-08 00:05:00,21.946288,69.671157,17.0,115.0,115.0,MV INDIAN MARINER 33,IMO9001033,AT33,80,0,249,28,12.0,80,A
419001033,2026-09-08 00:10:00,21.936456,69.694354,17.0,115.0,115.0,MV INDIAN MARINER 33,IMO9001033,AT33,80,0,249,28,12.0,80,A
419001033,2026-09-08 00:15:00,21.926361,69.717417,17.0,115.0,115.0,MV INDIAN MARINER 33,IMO9001033,AT33,80,0,249,28,12.0,80,A
419001033,2026-09-08 00:20:00,21.916467,69.740529,17.0,115.0,115.0,MV INDIAN MARINER 33,IMO9001033,AT33,80,0,249,28,12.0,80,A
419001033,2026-09-08 00:25:00,21.906421,69.763534,17.0,115.0,115.0,MV INDIAN MARINER 33,IMO9001033,AT33,80,0,249,28,12.0,80,A
419001033,2026-09-08 00:30:00,21.896436,69.78673,17.0,115.0,115.0,MV INDIAN MARINER 33,IMO9001033,AT33,80,0,249,28,12.0,80,A
419001033,2026-09-08 00:35:00,21.886499,69.809762,17.0,115.0,115.0,MV INDIAN MARINER 33,IMO9001033,AT33,80,0,249,28,12.0,80,A
419001033,2026-09-08 00:40:00,21.876444,69.832828,17.0,115.0,115.0,MV INDIAN MARINER 33,IMO9001033,AT33,80,0,249,28,12.0,80,A
419001033,2026-09-08 00:45:00,21.866587,69.855952,17.0,115.0,115.0,MV INDIAN MARINER 33,IMO9001033,AT33,80,0,249,28,12.0,80,A
419001033,2026-09-08 00:50:00,21.8566,69.879058,17.0,115.0,115.0,MV INDIAN MARINER 33,IMO9001033,AT33,80,0,249,28,12.0,80,A
419001033,2026-09-08 00:55:00,21.846499,69.902137,17.0,115.0,115.0,MV INDIAN MARINER 33,IMO9001033,AT33,80,0,249,28,12.0,80,A
419001033,2026-09-08 01:00:00,21.836648,69.925334,17.0,115.0,115.0,MV INDIAN MARINER 33,IMO9001033,AT33,80,0,249,28,12.0,80,A
419001033,2026-09-08 01:05:00,21.826662,69.948442,17.0,115.0,115.0,MV INDIAN MARINER 33,IMO9001033,AT33,80,0,249,28,12.0,80,A
419001033,2026-09-08 01:10:00,21.816552,69.971428,17.0,115.0,115.0,MV INDIAN MARINER 33,IMO9001033,AT33,80,0,249,28,12.0,80,A
419001033,2026-09-08 01:15:00,21.806719,69.994554,17.0,115.0,115.0,MV INDIAN MARINER 33,IMO9001033,AT33,80,0,249,28,12.0,80,A
419001033,2026-09-08 01:20:00,21.79673,70.017719,17.0,115.0,115.0,MV INDIAN MARINER 33,IMO9001033,AT33,80,0,249,28,12.0,80,A
419001033,2026-09-08 01:25:00,21.786625,70.040822,17.0,115.0,115.0,MV INDIAN MARINER 33,IMO9001033,AT33,80,0,249,28,12.0,80,A
419001033,2026-09-08 01:30:00,21.776681,70.063795,17.0,115.0,115.0,MV INDIAN MARINER 33,IMO9001033,AT33,80,0,249,28,12.0,80,A
419001033,2026-09-08 01:35:00,21.766671,70.086957,17.0,115.0,115.0,MV INDIAN MARINER 33,IMO9001033,AT33,80,0,249,28,12.0,80,A
419001033,2026-09-08 01:40:00,21.756755,70.109953,17.0,115.0,115.0,MV INDIAN MARINER 33,IMO9001033,AT33,80,0,249,28,12.0,80,A
419001033,2026-09-08 01:45:00,21.746859,70.133182,17.0,115.0,115.0,MV INDIAN MARINER 33,IMO9001033,AT33,80,0,249,28,12.0,80,A
419001033,2026-09-08 01:50:00,21.736831,70.156154,17.0,115.0,115.0,MV INDIAN MARINER 33,IMO9001033,AT33,80,0,249,28,12.0,80,A
419001033,2026-09-08 01:55:00,21.726882,70.179241,17.0,115.0,115.0,MV INDIAN MARINER 33,IMO9001033,AT33,80,0,249,28,12.0,80,A
419001033,2026-09-08 02:00:00,21.716822,70.202421,17.0,115.0,115.0,MV INDIAN MARINER 33,IMO9001033,AT33,80,0,249,28,12.0,80,A
419001033,2026-09-08 02:05:00,21.706838,70.22552,17.0,115.0,115.0,MV INDIAN MARINER 33,IMO9001033,AT33,80,0,249,28,12.0,80,A
419001033,2026-09-08 02:10:00,21.696862,70.248616,17.0,115.0,115.0,MV INDIAN MARINER 33,IMO9001033,AT33,80,0,249,28,12.0,80,A
419001033,2026-09-08 02:15:00,21.686928,70.27167,17.0,115.0,115.0,MV INDIAN MARINER 33,IMO9001033,AT33,80,0,249,28,12.0,80,A
419001033,2026-09-08 02:20:00,21.677031,70.294882,17.0,115.0,115.0,MV INDIAN MARINER 33,IMO9001033,AT33,80,0,249,28,12.0,80,A
419001033,2026-09-08 02:25:00,21.667031,70.317928,17.0,115.0,115.0,MV INDIAN MARINER 33,IMO9001033,AT33,80,0,249,28,12.0,80,A
419001033,2026-09-08 02:30:00,21.656989,70.341065,17.0,115.0,115.0,MV INDIAN MARINER 33,IMO9001033,AT33,80,0,249,28,12.0,80,A
419001033,2026-09-08 02:35:00,21.646991,70.364041,17.0,115.0,115.0,MV INDIAN MARINER 33,IMO9001033,AT33,80,0,249,28,12.0,80,A
419001033,2026-09-08 02:40:00,21.636963,70.387245,17.0,115.0,115.0,MV INDIAN MARINER 33,IMO9001033,AT33,80,0,249,28,12.0,80,A
419001033,2026-09-08 02:45:00,21.627106,70.410289,17.0,115.0,115.0,MV INDIAN MARINER 33,IMO9001033,AT33,80,0,249,28,12.0,80,A
419001033,2026-09-08 02:50:00,21.617071,70.43336,17.0,115.0,115.0,MV INDIAN MARINER 33,IMO9001033,AT33,80,0,249,28,12.0,80,A
419001033,2026-09-08 02:55:00,21.607139,70.45644,17.0,115.0,115.0,MV INDIAN MARINER 33,IMO9001033,AT33,80,0,249,28,12.0,80,A
419001033,2026-09-08 03:00:00,21.597171,70.479603,17.0,115.0,115.0,MV INDIAN MARINER 33,IMO9001033,AT33,80,0,249,28,12.0,80,A
419001033,2026-09-08 03:05:00,21.587217,70.502757,17.0,115.0,115.0,MV INDIAN MARINER 33,IMO9001033,AT33,80,0,249,28,12.0,80,A
419001033,2026-09-08 03:10:00,21.577188,70.525822,17.0,115.0,115.0,MV INDIAN MARINER 33,IMO9001033,AT33,80,0,249,28,12.0,80,A
419001033,2026-09-08 03:15:00,21.567219,70.548912,17.0,115.0,115.0,MV INDIAN MARINER 33,IMO9001033,AT33,80,0,249,28,12.0,80,A
419001033,2026-09-08 03:20:00,21.557223,70.572055,17.0,115.0,115.0,MV INDIAN MARINER 33,IMO9001033,AT33,80,0,249,28,12.0,80,A
419001033,2026-09-08 03:25:00,21.547184,70.595082,17.0,115.0,115.0,MV INDIAN MARINER 33,IMO9001033,AT33,80,0,249,28,12.0,80,A
419001034,2026-09-07 17:30:00,10.711166,74.951334,18.0,135.0,135.0,MV INDIAN MARINER 34,IMO9001034,AT34,70,0,252,29,13.0,70,A
419001034,2026-09-07 17:35:00,10.69347,74.969306,18.0,135.0,135.0,MV INDIAN MARINER 34,IMO9001034,AT34,70,0,252,29,13.0,70,A
419001034,2026-09-07 17:40:00,10.675856,74.987089,18.0,135.0,135.0,MV INDIAN MARINER 34,IMO9001034,AT34,70,0,252,29,13.0,70,A
419001034,2026-09-07 17:45:00,10.658057,75.005085,18.0,135.0,135.0,MV INDIAN MARINER 34,IMO9001034,AT34,70,0,252,29,13.0,70,A
419001034,2026-09-07 17:50:00,10.64039,75.022972,18.0,135.0,135.0,MV INDIAN MARINER 34,IMO9001034,AT34,70,0,252,29,13.0,70,A
419001034,2026-09-07 17:55:00,10.622795,75.040985,18.0,135.0,135.0,MV INDIAN MARINER 34,IMO9001034,AT34,70,0,252,29,13.0,70,A
419001034,2026-09-07 18:00:00,10.605134,75.058944,18.0,135.0,135.0,MV INDIAN MARINER 34,IMO9001034,AT34,70,0,252,29,13.0,70,A
419001034,2026-09-07 18:05:00,10.587372,75.076869,18.0,135.0,135.0,MV INDIAN MARINER 34,IMO9001034,AT34,70,0,252,29,13.0,70,A
419001034,2026-09-07 18:10:00,10.569659,75.094709,18.0,135.0,135.0,MV INDIAN MARINER 34,IMO9001034,AT34,70,0,252,29,13.0,70,A
419001034,2026-09-07 18:15:00,10.552139,75.112721,18.0,135.0,135.0,MV INDIAN MARINER 34,IMO9001034,AT34,70,0,252,29,13.0,70,A
419001034,2026-09-07 18:20:00,10.534317,75.130673,18.0,135.0,135.0,MV INDIAN MARINER 34,IMO9001034,AT34,70,0,252,29,13.0,70,A
419001034,2026-09-07 18:25:00,10.516715,75.148561,18.0,135.0,135.0,MV INDIAN MARINER 34,IMO9001034,AT34,70,0,252,29,13.0,70,A
419001034,2026-09-07 18:30:00,10.499009,75.166421,18.0,135.0,135.0,MV INDIAN MARINER 34,IMO9001034,AT34,70,0,252,29,13.0,70,A
419001034,2026-09-07 18:35:00,10.481459,75.184336,18.0,135.0,135.0,MV INDIAN MARINER 34,IMO9001034,AT34,70,0,252,29,13.0,70,A
419001034,2026-09-07 18:40:00,10.463808,75.202335,18.0,135.0,135.0,MV INDIAN MARINER 34,IMO9001034,AT34,70,0,252,29,13.0,70,A
419001034,2026-09-07 18:45:00,10.445988,75.220234,18.0,135.0,135.0,MV INDIAN MARINER 34,IMO9001034,AT34,70,0,252,29,13.0,70,A
419001034,2026-09-07 18:50:00,10.428337,75.238121,18.0,135.0,135.0,MV INDIAN MARINER 34,IMO9001034,AT34,70,0,252,29,13.0,70,A
419001034,2026-09-07 18:55:00,10.410751,75.256121,18.0,135.0,135.0,MV INDIAN MARINER 34,IMO9001034,AT34,70,0,252,29,13.0,70,A
419001034,2026-09-07 19:00:00,10.393102,75.274038,18.0,135.0,135.0,MV INDIAN MARINER 34,IMO9001034,AT34,70,0,252,29,13.0,70,A
419001034,2026-09-07 19:05:00,10.375293,75.292006,18.0,135.0,135.0,MV INDIAN MARINER 34,IMO9001034,AT34,70,0,252,29,13.0,70,A
419001034,2026-09-07 19:10:00,10.357565,75.309827,18.0,135.0,135.0,MV INDIAN MARINER 34,IMO9001034,AT34,70,0,252,29,13.0,70,A
419001034,2026-09-07 19:15:00,10.339947,75.327787,18.0,135.0,135.0,MV INDIAN MARINER 34,IMO9001034,AT34,70,0,252,29,13.0,70,A
419001034,2026-09-07 19:20:00,10.322368,75.345786,18.0,135.0,135.0,MV INDIAN MARINER 34,IMO9001034,AT34,70,0,252,29,13.0,70,A
419001034,2026-09-07 19:25:00,10.304705,75.363749,18.0,135.0,135.0,MV INDIAN MARINER 34,IMO9001034,AT34,70,0,252,29,13.0,70,A
419001034,2026-09-07 19:30:00,10.286961,75.381522,18.0,135.0,135.0,MV INDIAN MARINER 34,IMO9001034,AT34,70,0,252,29,13.0,70,A
419001034,2026-09-07 19:35:00,10.269278,75.399607,18.0,135.0,135.0,MV INDIAN MARINER 34,IMO9001034,AT34,70,0,252,29,13.0,70,A
419001034,2026-09-07 19:40:00,10.251562,75.417486,18.0,135.0,135.0,MV INDIAN MARINER 34,IMO9001034,AT34,70,0,252,29,13.0,70,A
419001034,2026-09-07 19:45:00,10.233985,75.435436,18.0,135.0,135.0,MV INDIAN MARINER 34,IMO9001034,AT34,70,0,252,29,13.0,70,A
419001034,2026-09-07 19:50:00,10.216234,75.453274,18.0,135.0,135.0,MV INDIAN MARINER 34,IMO9001034,AT34,70,0,252,29,13.0,70,A
419001034,2026-09-07 19:55:00,10.198614,75.471297,18.0,135.0,135.0,MV INDIAN MARINER 34,IMO9001034,AT34,70,0,252,29,13.0,70,A
419001034,2026-09-07 20:00:00,10.180892,75.489255,18.0,135.0,135.0,MV INDIAN MARINER 34,IMO9001034,AT34,70,0,252,29,13.0,70,A
419001034,2026-09-07 20:05:00,10.163254,75.507159,18.0,135.0,135.0,MV INDIAN MARINER 34,IMO9001034,AT34,70,0,252,29,13.0,70,A
419001034,2026-09-07 20:10:00,10.14554,75.524967,18.0,135.0,135.0,MV INDIAN MARINER 34,IMO9001034,AT34,70,0,252,29,13.0,70,A
419001034,2026-09-07 20:15:00,10.12782,75.543045,18.0,135.0,135.0,MV INDIAN MARINER 34,IMO9001034,AT34,70,0,252,29,13.0,70,A
419001034,2026-09-07 20:20:00,10.110188,75.560841,18.0,135.0,135.0,MV INDIAN MARINER 34,IMO9001034,AT34,70,0,252,29,13.0,70,A
419001034,2026-09-07 20:25:00,10.092516,75.578808,18.0,135.0,135.0,MV INDIAN MARINER 34,IMO9001034,AT34,70,0,252,29,13.0,70,A
419001034,2026-09-07 20:30:00,10.074926,75.596653,18.0,135.0,135.0,MV INDIAN MARINER 34,IMO9001034,AT34,70,0,252,29,13.0,70,A
419001034,2026-09-07 20:35:00,10.057141,75.614566,18.0,135.0,135.0,MV INDIAN MARINER 34,IMO9001034,AT34,70,0,252,29,13.0,70,A
419001034,2026-09-07 20:40:00,10.039563,75.632528,18.0,135.0,135.0,MV INDIAN MARINER 34,IMO9001034,AT34,70,0,252,29,13.0,70,A
419001034,2026-09-07 20:45:00,10.021855,75.650588,18.0,135.0,135.0,MV INDIAN MARINER 34,IMO9001034,AT34,70,0,252,29,13.0,70,A
419001034,2026-09-07 20:50:00,10.004136,75.668476,18.0,135.0,135.0,MV INDIAN MARINER 34,IMO9001034,AT34,70,0,252,29,13.0,70,A
419001034,2026-09-07 20:55:00,9.986469,75.686345,18.0,135.0,135.0,MV INDIAN MARINER 34,IMO9001034,AT34,70,0,252,29,13.0,70,A
419001034,2026-09-07 21:00:00,9.968853,75.704229,18.0,135.0,135.0,MV INDIAN MARINER 34,IMO9001034,AT34,70,0,252,29,13.0,70,A
419001034,2026-09-07 21:05:00,9.951219,75.722268,18.0,135.0,135.0,MV INDIAN MARINER 34,IMO9001034,AT34,70,0,252,29,13.0,70,A
419001034,2026-09-07 21:10:00,9.933569,75.740222,18.0,135.0,135.0,MV INDIAN MARINER 34,IMO9001034,AT34,70,0,252,29,13.0,70,A
419001034,2026-09-07 21:15:00,9.915826,75.758136,18.0,135.0,135.0,MV INDIAN MARINER 34,IMO9001034,AT34,70,0,252,29,13.0,70,A
419001034,2026-09-07 21:20:00,9.898166,75.775954,18.0,135.0,135.0,MV INDIAN MARINER 34,IMO9001034,AT34,70,0,252,29,13.0,70,A
419001034,2026-09-07 21:25:00,9.880379,75.793889,18.0,135.0,135.0,MV INDIAN MARINER 34,IMO9001034,AT34,70,0,252,29,13.0,70,A
419001034,2026-09-07 21:30:00,9.862706,75.81179,18.0,135.0,135.0,MV INDIAN MARINER 34,IMO9001034,AT34,70,0,252,29,13.0,70,A
419001034,2026-09-07 21:35:00,9.845006,75.829751,18.0,135.0,135.0,MV INDIAN MARINER 34,IMO9001034,AT34,70,0,252,29,13.0,70,A
419001034,2026-09-07 21:40:00,9.827518,75.847653,18.0,135.0,135.0,MV INDIAN MARINER 34,IMO9001034,AT34,70,0,252,29,13.0,70,A
419001034,2026-09-07 21:45:00,9.809741,75.865719,18.0,135.0,135.0,MV INDIAN MARINER 34,IMO9001034,AT34,70,0,252,29,13.0,70,A
419001034,2026-09-07 21:50:00,9.792121,75.88356,18.0,135.0,135.0,MV INDIAN MARINER 34,IMO9001034,AT34,70,0,252,29,13.0,70,A
419001034,2026-09-07 21:55:00,9.774336,75.901515,18.0,135.0,135.0,MV INDIAN MARINER 34,IMO9001034,AT34,70,0,252,29,13.0,70,A
419001034,2026-09-07 22:00:00,9.756638,75.919355,18.0,135.0,135.0,MV INDIAN MARINER 34,IMO9001034,AT34,70,0,252,29,13.0,70,A
419001034,2026-09-07 22:05:00,9.739089,75.937465,18.0,135.0,135.0,MV INDIAN MARINER 34,IMO9001034,AT34,70,0,252,29,13.0,70,A
419001034,2026-09-07 22:10:00,9.721311,75.95534,18.0,135.0,135.0,MV INDIAN MARINER 34,IMO9001034,AT34,70,0,252,29,13.0,70,A
419001034,2026-09-07 22:15:00,9.703624,75.973172,18.0,135.0,135.0,MV INDIAN MARINER 34,IMO9001034,AT34,70,0,252,29,13.0,70,A
419001034,2026-09-07 22:20:00,9.686015,75.991065,18.0,135.0,135.0,MV INDIAN MARINER 34,IMO9001034,AT34,70,0,252,29,13.0,70,A
419001034,2026-09-07 22:25:00,9.668411,76.009118,18.0,135.0,135.0,MV INDIAN MARINER 34,IMO9001034,AT34,70,0,252,29,13.0,70,A
419001034,2026-09-07 22:30:00,9.65073,76.026931,18.0,135.0,135.0,MV INDIAN MARINER 34,IMO9001034,AT34,70,0,252,29,13.0,70,A
419001034,2026-09-07 22:35:00,9.632961,76.044923,18.0,135.0,135.0,MV INDIAN MARINER 34,IMO9001034,AT34,70,0,252,29,13.0,70,A
419001034,2026-09-07 22:40:00,9.615356,76.062941,18.0,135.0,135.0,MV INDIAN MARINER 34,IMO9001034,AT34,70,0,252,29,13.0,70,A
419001034,2026-09-07 22:45:00,9.597669,76.080848,18.0,135.0,135.0,MV INDIAN MARINER 34,IMO9001034,AT34,70,0,252,29,13.0,70,A
419001034,2026-09-07 22:50:00,9.58004,76.098751,18.0,135.0,135.0,MV INDIAN MARINER 34,IMO9001034,AT34,70,0,252,29,13.0,70,A
419001034,2026-09-07 22:55:00,9.562243,76.116626,18.0,135.0,135.0,MV INDIAN MARINER 34,IMO9001034,AT34,70,0,252,29,13.0,70,A
419001034,2026-09-07 23:00:00,9.544546,76.134636,18.0,135.0,135.0,MV INDIAN MARINER 34,IMO9001034,AT34,70,0,252,29,13.0,70,A
419001034,2026-09-07 23:05:00,9.526881,76.152463,18.0,135.0,135.0,MV INDIAN MARINER 34,IMO9001034,AT34,70,0,252,29,13.0,70,A
419001034,2026-09-07 23:10:00,9.509229,76.170342,18.0,135.0,135.0,MV INDIAN MARINER 34,IMO9001034,AT34,70,0,252,29,13.0,70,A
419001034,2026-09-07 23:15:00,9.491672,76.188435,18.0,135.0,135.0,MV INDIAN MARINER 34,IMO9001034,AT34,70,0,252,29,13.0,70,A
419001034,2026-09-07 23:20:00,9.47391,76.206207,18.0,135.0,135.0,MV INDIAN MARINER 34,IMO9001034,AT34,70,0,252,29,13.0,70,A
419001034,2026-09-07 23:25:00,9.456289,76.224277,18.0,135.0,135.0,MV INDIAN MARINER 34,IMO9001034,AT34,70,0,252,29,13.0,70,A
419001034,2026-09-07 23:30:00,9.438494,76.242133,18.0,135.0,135.0,MV INDIAN MARINER 34,IMO9001034,AT34,70,0,252,29,13.0,70,A
419001034,2026-09-07 23:35:00,9.420853,76.260109,18.0,135.0,135.0,MV INDIAN MARINER 34,IMO9001034,AT34,70,0,252,29,13.0,70,A
419001034,2026-09-07 23:40:00,9.403198,76.277987,18.0,135.0,135.0,MV INDIAN MARINER 34,IMO9001034,AT34,70,0,252,29,13.0,70,A
419001034,2026-09-07 23:45:00,9.385591,76.295917,18.0,135.0,135.0,MV INDIAN MARINER 34,IMO9001034,AT34,70,0,252,29,13.0,70,A
419001034,2026-09-07 23:50:00,9.367883,76.313919,18.0,135.0,135.0,MV INDIAN MARINER 34,IMO9001034,AT34,70,0,252,29,13.0,70,A
419001034,2026-09-07 23:55:00,9.350307,76.33175,18.0,135.0,135.0,MV INDIAN MARINER 34,IMO9001034,AT34,70,0,252,29,13.0,70,A
419001034,2026-09-08 00:00:00,9.332632,76.349674,18.0,135.0,135.0,MV INDIAN MARINER 34,IMO9001034,AT34,70,0,252,29,13.0,70,A
419001034,2026-09-08 00:05:00,9.314862,76.367702,18.0,135.0,135.0,MV INDIAN MARINER 34,IMO9001034,AT34,70,0,252,29,13.0,70,A
419001034,2026-09-08 00:10:00,9.297229,76.385641,18.0,135.0,135.0,MV INDIAN MARINER 34,IMO9001034,AT34,70,0,252,29,13.0,70,A
419001034,2026-09-08 00:15:00,9.279454,76.403452,18.0,135.0,135.0,MV INDIAN MARINER 34,IMO9001034,AT34,70,0,252,29,13.0,70,A
419001034,2026-09-08 00:20:00,9.261902,76.421435,18.0,135.0,135.0,MV INDIAN MARINER 34,IMO9001034,AT34,70,0,252,29,13.0,70,A
419001034,2026-09-08 00:25:00,9.244184,76.439291,18.0,135.0,135.0,MV INDIAN MARINER 34,IMO9001034,AT34,70,0,252,29,13.0,70,A
419001034,2026-09-08 00:30:00,9.226494,76.457357,18.0,135.0,135.0,MV INDIAN MARINER 34,IMO9001034,AT34,70,0,252,29,13.0,70,A
419001034,2026-09-08 00:35:00,9.208874,76.475289,18.0,135.0,135.0,MV INDIAN MARINER 34,IMO9001034,AT34,70,0,252,29,13.0,70,A
419001034,2026-09-08 00:40:00,9.19107,76.493085,18.0,135.0,135.0,MV INDIAN MARINER 34,IMO9001034,AT34,70,0,252,29,13.0,70,A
419001034,2026-09-08 00:45:00,9.173442,76.511025,18.0,135.0,135.0,MV INDIAN MARINER 34,IMO9001034,AT34,70,0,252,29,13.0,70,A
419001034,2026-09-08 00:50:00,9.155872,76.529016,18.0,135.0,135.0,MV INDIAN MARINER 34,IMO9001034,AT34,70,0,252,29,13.0,70,A
419001034,2026-09-08 00:55:00,9.138085,76.54697,18.0,135.0,135.0,MV INDIAN MARINER 34,IMO9001034,AT34,70,0,252,29,13.0,70,A
419001034,2026-09-08 01:00:00,9.120461,76.564854,18.0,135.0,135.0,MV INDIAN MARINER 34,IMO9001034,AT34,70,0,252,29,13.0,70,A
419001034,2026-09-08 01:05:00,9.102871,76.582726,18.0,135.0,135.0,MV INDIAN MARINER 34,IMO9001034,AT34,70,0,252,29,13.0,70,A
419001034,2026-09-08 01:10:00,9.085198,76.600781,18.0,135.0,135.0,MV INDIAN MARINER 34,IMO9001034,AT34,70,0,252,29,13.0,70,A
419001034,2026-09-08 01:15:00,9.067521,76.618592,18.0,135.0,135.0,MV INDIAN MARINER 34,IMO9001034,AT34,70,0,252,29,13.0,70,A
419001034,2026-09-08 01:20:00,9.049785,76.636564,18.0,135.0,135.0,MV INDIAN MARINER 34,IMO9001034,AT34,70,0,252,29,13.0,70,A
419001034,2026-09-08 01:25:00,9.032151,76.654528,18.0,135.0,135.0,MV INDIAN MARINER 34,IMO9001034,AT34,70,0,252,29,13.0,70,A
419001034,2026-09-08 01:30:00,9.014493,76.67239,18.0,135.0,135.0,MV INDIAN MARINER 34,IMO9001034,AT34,70,0,252,29,13.0,70,A
419001034,2026-09-08 01:35:00,8.99665,76.690349,18.0,135.0,135.0,MV INDIAN MARINER 34,IMO9001034,AT34,70,0,252,29,13.0,70,A
419001034,2026-09-08 01:40:00,8.979125,76.708302,18.0,135.0,135.0,MV INDIAN MARINER 34,IMO9001034,AT34,70,0,252,29,13.0,70,A
419001034,2026-09-08 01:45:00,8.961408,76.726246,18.0,135.0,135.0,MV INDIAN MARINER 34,IMO9001034,AT34,70,0,252,29,13.0,70,A
419001034,2026-09-08 01:50:00,8.943687,76.744049,18.0,135.0,135.0,MV INDIAN MARINER 34,IMO9001034,AT34,70,0,252,29,13.0,70,A
419001034,2026-09-08 01:55:00,8.92597,76.761987,18.0,135.0,135.0,MV INDIAN MARINER 34,IMO9001034,AT34,70,0,252,29,13.0,70,A
419001034,2026-09-08 02:00:00,8.908449,76.779997,18.0,135.0,135.0,MV INDIAN MARINER 34,IMO9001034,AT34,70,0,252,29,13.0,70,A
419001034,2026-09-08 02:05:00,8.890638,76.79798,18.0,135.0,135.0,MV INDIAN MARINER 34,IMO9001034,AT34,70,0,252,29,13.0,70,A
419001034,2026-09-08 02:10:00,8.872989,76.815941,18.0,135.0,135.0,MV INDIAN MARINER 34,IMO9001034,AT34,70,0,252,29,13.0,70,A
419001034,2026-09-08 02:15:00,8.855411,76.833742,18.0,135.0,135.0,MV INDIAN MARINER 34,IMO9001034,AT34,70,0,252,29,13.0,70,A
419001034,2026-09-08 02:20:00,8.837753,76.851639,18.0,135.0,135.0,MV INDIAN MARINER 34,IMO9001034,AT34,70,0,252,29,13.0,70,A
419001034,2026-09-08 02:25:00,8.819904,76.86966,18.0,135.0,135.0,MV INDIAN MARINER 34,IMO9001034,AT34,70,0,252,29,13.0,70,A
419001034,2026-09-08 02:30:00,8.802292,76.88748,18.0,135.0,135.0,MV INDIAN MARINER 34,IMO9001034,AT34,70,0,252,29,13.0,70,A
419001034,2026-09-08 02:35:00,8.784728,76.905476,18.0,135.0,135.0,MV INDIAN MARINER 34,IMO9001034,AT34,70,0,252,29,13.0,70,A
419001034,2026-09-08 02:40:00,8.766864,76.923463,18.0,135.0,135.0,MV INDIAN MARINER 34,IMO9001034,AT34,70,0,252,29,13.0,70,A
419001034,2026-09-08 02:45:00,8.749291,76.941396,18.0,135.0,135.0,MV INDIAN MARINER 34,IMO9001034,AT34,70,0,252,29,13.0,70,A
419001034,2026-09-08 02:50:00,8.731556,76.959181,18.0,135.0,135.0,MV INDIAN MARINER 34,IMO9001034,AT34,70,0,252,29,13.0,70,A
419001034,2026-09-08 02:55:00,8.713975,76.977238,18.0,135.0,135.0,MV INDIAN MARINER 34,IMO9001034,AT34,70,0,252,29,13.0,70,A
419001034,2026-09-08 03:00:00,8.696358,76.995143,18.0,135.0,135.0,MV INDIAN MARINER 34,IMO9001034,AT34,70,0,252,29,13.0,70,A
419001034,2026-09-08 03:05:00,8.678497,77.013032,18.0,135.0,135.0,MV INDIAN MARINER 34,IMO9001034,AT34,70,0,252,29,13.0,70,A
419001034,2026-09-08 03:10:00,8.660894,77.031042,18.0,135.0,135.0,MV INDIAN MARINER 34,IMO9001034,AT34,70,0,252,29,13.0,70,A
419001034,2026-09-08 03:15:00,8.643213,77.048896,18.0,135.0,135.0,MV INDIAN MARINER 34,IMO9001034,AT34,70,0,252,29,13.0,70,A
419001034,2026-09-08 03:20:00,8.625521,77.066854,18.0,135.0,135.0,MV INDIAN MARINER 34,IMO9001034,AT34,70,0,252,29,13.0,70,A
419001034,2026-09-08 03:25:00,8.60792,77.08471,18.0,135.0,135.0,MV INDIAN MARINER 34,IMO9001034,AT34,70,0,252,29,13.0,70,A
419001035,2026-09-07 17:30:00,16.366899,73.344731,12.0,160.0,160.0,MV INDIAN MARINER 35,IMO9001035,AT35,30,0,255,30,9.0,30,B
419001035,2026-09-07 17:35:00,16.351385,73.35057,12.0,160.0,160.0,MV INDIAN MARINER 35,IMO9001035,AT35,30,0,255,30,9.0,30,B
419001035,2026-09-07 17:40:00,16.335691,73.35651,12.0,160.0,160.0,MV INDIAN MARINER 35,IMO9001035,AT35,30,0,255,30,9.0,30,B
419001035,2026-09-07 17:45:00,16.319978,73.362457,12.0,160.0,160.0,MV INDIAN MARINER 35,IMO9001035,AT35,30,0,255,30,9.0,30,B
419001035,2026-09-07 17:50:00,16.304293,73.368384,12.0,160.0,160.0,MV INDIAN MARINER 35,IMO9001035,AT35,30,0,255,30,9.0,30,B
419001035,2026-09-07 17:55:00,16.288676,73.374276,12.0,160.0,160.0,MV INDIAN MARINER 35,IMO9001035,AT35,30,0,255,30,9.0,30,B
419001035,2026-09-07 18:00:00,16.273018,73.380191,12.0,160.0,160.0,MV INDIAN MARINER 35,IMO9001035,AT35,30,0,255,30,9.0,30,B
419001035,2026-09-07 18:05:00,16.257361,73.386038,12.0,160.0,160.0,MV INDIAN MARINER 35,IMO9001035,AT35,30,0,255,30,9.0,30,B
419001035,2026-09-07 18:10:00,16.241668,73.391973,12.0,160.0,160.0,MV INDIAN MARINER 35,IMO9001035,AT35,30,0,255,30,9.0,30,B
419001035,2026-09-07 18:15:00,16.226121,73.397883,12.0,160.0,160.0,MV INDIAN MARINER 35,IMO9001035,AT35,30,0,255,30,9.0,30,B
419001035,2026-09-07 18:20:00,16.210489,73.40381,12.0,160.0,160.0,MV INDIAN MARINER 35,IMO9001035,AT35,30,0,255,30,9.0,30,B
419001035,2026-09-07 18:25:00,16.194686,73.409814,12.0,160.0,160.0,MV INDIAN MARINER 35,IMO9001035,AT35,30,0,255,30,9.0,30,B
419001035,2026-09-07 18:30:00,16.179102,73.415596,12.0,160.0,160.0,MV INDIAN MARINER 35,IMO9001035,AT35,30,0,255,30,9.0,30,B
419001035,2026-09-07 18:35:00,16.163418,73.421698,12.0,160.0,160.0,MV INDIAN MARINER 35,IMO9001035,AT35,30,0,255,30,9.0,30,B
419001035,2026-09-07 18:40:00,16.147711,73.427607,12.0,160.0,160.0,MV INDIAN MARINER 35,IMO9001035,AT35,30,0,255,30,9.0,30,B
419001035,2026-09-07 18:45:00,16.132084,73.433409,12.0,160.0,160.0,MV INDIAN MARINER 35,IMO9001035,AT35,30,0,255,30,9.0,30,B
419001035,2026-09-07 18:50:00,16.116363,73.43929,12.0,160.0,160.0,MV INDIAN MARINER 35,IMO9001035,AT35,30,0,255,30,9.0,30,B
419001035,2026-09-07 18:55:00,16.100853,73.445222,12.0,160.0,160.0,MV INDIAN MARINER 35,IMO9001035,AT35,30,0,255,30,9.0,30,B
419001035,2026-09-07 19:00:00,16.08519,73.45117,12.0,160.0,160.0,MV INDIAN MARINER 35,IMO9001035,AT35,30,0,255,30,9.0,30,B
419001035,2026-09-07 19:05:00,16.069557,73.457176,12.0,160.0,160.0,MV INDIAN MARINER 35,IMO9001035,AT35,30,0,255,30,9.0,30,B
419001035,2026-09-07 19:10:00,16.053826,73.462954,12.0,160.0,160.0,MV INDIAN MARINER 35,IMO9001035,AT35,30,0,255,30,9.0,30,B
419001035,2026-09-07 19:15:00,16.038082,73.468946,12.0,160.0,160.0,MV INDIAN MARINER 35,IMO9001035,AT35,30,0,255,30,9.0,30,B
419001035,2026-09-07 19:20:00,16.022505,73.47476,12.0,160.0,160.0,MV INDIAN MARINER 35,IMO9001035,AT35,30,0,255,30,9.0,30,B
419001035,2026-09-07 19:25:00,16.006915,73.48077,12.0,160.0,160.0,MV INDIAN MARINER 35,IMO9001035,AT35,30,0,255,30,9.0,30,B
419001035,2026-09-07 19:30:00,15.991102,73.486685,12.0,160.0,160.0,MV INDIAN MARINER 35,IMO9001035,AT35,30,0,255,30,9.0,30,B
419001035,2026-09-07 19:35:00,15.975435,73.492593,12.0,160.0,160.0,MV INDIAN MARINER 35,IMO9001035,AT35,30,0,255,30,9.0,30,B
419001035,2026-09-07 19:40:00,15.959955,73.498496,12.0,160.0,160.0,MV INDIAN MARINER 35,IMO9001035,AT35,30,0,255,30,9.0,30,B
419001035,2026-09-07 19:45:00,15.944134,73.504332,12.0,160.0,160.0,MV INDIAN MARINER 35,IMO9001035,AT35,30,0,255,30,9.0,30,B
419001035,2026-09-07 19:50:00,15.92855,73.51036,12.0,160.0,160.0,MV INDIAN MARINER 35,IMO9001035,AT35,30,0,255,30,9.0,30,B
419001035,2026-09-07 19:55:00,15.912798,73.516213,12.0,160.0,160.0,MV INDIAN MARINER 35,IMO9001035,AT35,30,0,255,30,9.0,30,B
419001035,2026-09-07 20:00:00,15.897235,73.522177,12.0,160.0,160.0,MV INDIAN MARINER 35,IMO9001035,AT35,30,0,255,30,9.0,30,B
419001035,2026-09-07 20:05:00,15.881632,73.527964,12.0,160.0,160.0,MV INDIAN MARINER 35,IMO9001035,AT35,30,0,255,30,9.0,30,B
419001035,2026-09-07 20:10:00,15.86589,73.533858,12.0,160.0,160.0,MV INDIAN MARINER 35,IMO9001035,AT35,30,0,255,30,9.0,30,B
419001035,2026-09-07 20:15:00,15.850291,73.539783,12.0,160.0,160.0,MV INDIAN MARINER 35,IMO9001035,AT35,30,0,255,30,9.0,30,B
419001035,2026-09-07 20:20:00,15.834583,73.545797,12.0,160.0,160.0,MV INDIAN MARINER 35,IMO9001035,AT35,30,0,255,30,9.0,30,B
419001035,2026-09-07 20:25:00,15.818868,73.551642,12.0,160.0,160.0,MV INDIAN MARINER 35,IMO9001035,AT35,30,0,255,30,9.0,30,B
419001035,2026-09-07 20:30:00,15.803238,73.557581,12.0,160.0,160.0,MV INDIAN MARINER 35,IMO9001035,AT35,30,0,255,30,9.0,30,B
419001035,2026-09-07 20:35:00,15.787585,73.563577,12.0,160.0,160.0,MV INDIAN MARINER 35,IMO9001035,AT35,30,0,255,30,9.0,30,B
419001035,2026-09-07 20:40:00,15.771937,73.569489,12.0,160.0,160.0,MV INDIAN MARINER 35,IMO9001035,AT35,30,0,255,30,9.0,30,B
419001035,2026-09-07 20:45:00,15.756367,73.575305,12.0,160.0,160.0,MV INDIAN MARINER 35,IMO9001035,AT35,30,0,255,30,9.0,30,B
419001035,2026-09-07 20:50:00,15.7406,73.581166,12.0,160.0,160.0,MV INDIAN MARINER 35,IMO9001035,AT35,30,0,255,30,9.0,30,B
419001035,2026-09-07 20:55:00,15.724899,73.587127,12.0,160.0,160.0,MV INDIAN MARINER 35,IMO9001035,AT35,30,0,255,30,9.0,30,B
419001035,2026-09-07 21:00:00,15.709271,73.592993,12.0,160.0,160.0,MV INDIAN MARINER 35,IMO9001035,AT35,30,0,255,30,9.0,30,B
419001035,2026-09-07 21:05:00,15.693681,73.598995,12.0,160.0,160.0,MV INDIAN MARINER 35,IMO9001035,AT35,30,0,255,30,9.0,30,B
419001035,2026-09-07 21:10:00,15.678025,73.604959,12.0,160.0,160.0,MV INDIAN MARINER 35,IMO9001035,AT35,30,0,255,30,9.0,30,B
419001035,2026-09-07 21:15:00,15.66228,73.610747,12.0,160.0,160.0,MV INDIAN MARINER 35,IMO9001035,AT35,30,0,255,30,9.0,30,B
419001035,2026-09-07 21:20:00,15.646774,73.616649,12.0,160.0,160.0,MV INDIAN MARINER 35,IMO9001035,AT35,30,0,255,30,9.0,30,B
419001035,2026-09-07 21:25:00,15.630977,73.622723,12.0,160.0,160.0,MV INDIAN MARINER 35,IMO9001035,AT35,30,0,255,30,9.0,30,B
419001035,2026-09-07 21:30:00,15.615342,73.628633,12.0,160.0,160.0,MV INDIAN MARINER 35,IMO9001035,AT35,30,0,255,30,9.0,30,B
419001035,2026-09-07 21:35:00,15.599622,73.634364,12.0,160.0,160.0,MV INDIAN MARINER 35,IMO9001035,AT35,30,0,255,30,9.0,30,B
419001035,2026-09-07 21:40:00,15.584154,73.640373,12.0,160.0,160.0,MV INDIAN MARINER 35,IMO9001035,AT35,30,0,255,30,9.0,30,B
419001035,2026-09-07 21:45:00,15.568355,73.646357,12.0,160.0,160.0,MV INDIAN MARINER 35,IMO9001035,AT35,30,0,255,30,9.0,30,B
419001035,2026-09-07 21:50:00,15.55273,73.652157,12.0,160.0,160.0,MV INDIAN MARINER 35,IMO9001035,AT35,30,0,255,30,9.0,30,B
419001035,2026-09-07 21:55:00,15.537127,73.658145,12.0,160.0,160.0,MV INDIAN MARINER 35,IMO9001035,AT35,30,0,255,30,9.0,30,B
419001035,2026-09-07 22:00:00,15.521406,73.66407,12.0,160.0,160.0,MV INDIAN MARINER 35,IMO9001035,AT35,30,0,255,30,9.0,30,B
419001035,2026-09-07 22:05:00,15.505707,73.669997,12.0,160.0,160.0,MV INDIAN MARINER 35,IMO9001035,AT35,30,0,255,30,9.0,30,B
419001035,2026-09-07 22:10:00,15.490131,73.675905,12.0,160.0,160.0,MV INDIAN MARINER 35,IMO9001035,AT35,30,0,255,30,9.0,30,B
419001035,2026-09-07 22:15:00,15.474474,73.681737,12.0,160.0,160.0,MV INDIAN MARINER 35,IMO9001035,AT35,30,0,255,30,9.0,30,B
419001035,2026-09-07 22:20:00,15.458777,73.687692,12.0,160.0,160.0,MV INDIAN MARINER 35,IMO9001035,AT35,30,0,255,30,9.0,30,B
419001035,2026-09-07 22:25:00,15.443129,73.693485,12.0,160.0,160.0,MV INDIAN MARINER 35,IMO9001035,AT35,30,0,255,30,9.0,30,B
419001035,2026-09-07 22:30:00,15.427403,73.699559,12.0,160.0,160.0,MV INDIAN MARINER 35,IMO9001035,AT35,30,0,255,30,9.0,30,B
419001035,2026-09-07 22:35:00,15.411853,73.705386,12.0,160.0,160.0,MV INDIAN MARINER 35,IMO9001035,AT35,30,0,255,30,9.0,30,B
419001035,2026-09-07 22:40:00,15.396191,73.711278,12.0,160.0,160.0,MV INDIAN MARINER 35,IMO9001035,AT35,30,0,255,30,9.0,30,B
419001035,2026-09-07 22:45:00,15.380432,73.71723,12.0,160.0,160.0,MV INDIAN MARINER 35,IMO9001035,AT35,30,0,255,30,9.0,30,B
419001035,2026-09-07 22:50:00,15.364905,73.723154,12.0,160.0,160.0,MV INDIAN MARINER 35,IMO9001035,AT35,30,0,255,30,9.0,30,B
419001035,2026-09-07 22:55:00,15.349202,73.729014,12.0,160.0,160.0,MV INDIAN MARINER 35,IMO9001035,AT35,30,0,255,30,9.0,30,B
419001035,2026-09-07 23:00:00,15.333603,73.734983,12.0,160.0,160.0,MV INDIAN MARINER 35,IMO9001035,AT35,30,0,255,30,9.0,30,B
419001035,2026-09-07 23:05:00,15.317794,73.740798,12.0,160.0,160.0,MV INDIAN MARINER 35,IMO9001035,AT35,30,0,255,30,9.0,30,B
419001035,2026-09-07 23:10:00,15.302211,73.746707,12.0,160.0,160.0,MV INDIAN MARINER 35,IMO9001035,AT35,30,0,255,30,9.0,30,B
419001035,2026-09-07 23:15:00,15.286457,73.752737,12.0,160.0,160.0,MV INDIAN MARINER 35,IMO9001035,AT35,30,0,255,30,9.0,30,B
419001035,2026-09-07 23:20:00,15.270865,73.758692,12.0,160.0,160.0,MV INDIAN MARINER 35,IMO9001035,AT35,30,0,255,30,9.0,30,B
419001035,2026-09-07 23:25:00,15.255183,73.764574,12.0,160.0,160.0,MV INDIAN MARINER 35,IMO9001035,AT35,30,0,255,30,9.0,30,B
419001035,2026-09-07 23:30:00,15.239506,73.770381,12.0,160.0,160.0,MV INDIAN MARINER 35,IMO9001035,AT35,30,0,255,30,9.0,30,B
419001035,2026-09-07 23:35:00,15.223964,73.776308,12.0,160.0,160.0,MV INDIAN MARINER 35,IMO9001035,AT35,30,0,255,30,9.0,30,B
419001035,2026-09-07 23:40:00,15.208186,73.782218,12.0,160.0,160.0,MV INDIAN MARINER 35,IMO9001035,AT35,30,0,255,30,9.0,30,B
419001035,2026-09-07 23:45:00,15.192665,73.788128,12.0,160.0,160.0,MV INDIAN MARINER 35,IMO9001035,AT35,30,0,255,30,9.0,30,B
419001035,2026-09-07 23:50:00,15.176993,73.794081,12.0,160.0,160.0,MV INDIAN MARINER 35,IMO9001035,AT35,30,0,255,30,9.0,30,B
419001035,2026-09-07 23:55:00,15.161232,73.800044,12.0,160.0,160.0,MV INDIAN MARINER 35,IMO9001035,AT35,30,0,255,30,9.0,30,B
419001035,2026-09-08 00:00:00,15.145629,73.805942,12.0,160.0,160.0,MV INDIAN MARINER 35,IMO9001035,AT35,30,0,255,30,9.0,30,B
419001035,2026-09-08 00:05:00,15.12994,73.811896,12.0,160.0,160.0,MV INDIAN MARINER 35,IMO9001035,AT35,30,0,255,30,9.0,30,B
419001035,2026-09-08 00:10:00,15.114324,73.81776,12.0,160.0,160.0,MV INDIAN MARINER 35,IMO9001035,AT35,30,0,255,30,9.0,30,B
419001035,2026-09-08 00:15:00,15.098685,73.82361,12.0,160.0,160.0,MV INDIAN MARINER 35,IMO9001035,AT35,30,0,255,30,9.0,30,B
419001035,2026-09-08 00:20:00,15.083063,73.829497,12.0,160.0,160.0,MV INDIAN MARINER 35,IMO9001035,AT35,30,0,255,30,9.0,30,B
419001035,2026-09-08 00:25:00,15.067383,73.835539,12.0,160.0,160.0,MV INDIAN MARINER 35,IMO9001035,AT35,30,0,255,30,9.0,30,B
419001035,2026-09-08 00:30:00,15.051736,73.841479,12.0,160.0,160.0,MV INDIAN MARINER 35,IMO9001035,AT35,30,0,255,30,9.0,30,B
419001035,2026-09-08 00:35:00,15.035943,73.847349,12.0,160.0,160.0,MV INDIAN MARINER 35,IMO9001035,AT35,30,0,255,30,9.0,30,B
419001035,2026-09-08 00:40:00,15.020258,73.853121,12.0,160.0,160.0,MV INDIAN MARINER 35,IMO9001035,AT35,30,0,255,30,9.0,30,B
419001035,2026-09-08 00:45:00,15.004765,73.85907,12.0,160.0,160.0,MV INDIAN MARINER 35,IMO9001035,AT35,30,0,255,30,9.0,30,B
419001035,2026-09-08 00:50:00,14.989015,73.865056,12.0,160.0,160.0,MV INDIAN MARINER 35,IMO9001035,AT35,30,0,255,30,9.0,30,B
419001035,2026-09-08 00:55:00,14.973345,73.87094,12.0,160.0,160.0,MV INDIAN MARINER 35,IMO9001035,AT35,30,0,255,30,9.0,30,B
419001035,2026-09-08 01:00:00,14.957673,73.876798,12.0,160.0,160.0,MV INDIAN MARINER 35,IMO9001035,AT35,30,0,255,30,9.0,30,B
419001035,2026-09-08 01:05:00,14.941952,73.882701,12.0,160.0,160.0,MV INDIAN MARINER 35,IMO9001035,AT35,30,0,255,30,9.0,30,B
419001035,2026-09-08 01:10:00,14.926395,73.888644,12.0,160.0,160.0,MV INDIAN MARINER 35,IMO9001035,AT35,30,0,255,30,9.0,30,B
419001035,2026-09-08 01:15:00,14.910715,73.894582,12.0,160.0,160.0,MV INDIAN MARINER 35,IMO9001035,AT35,30,0,255,30,9.0,30,B
419001035,2026-09-08 01:20:00,14.89514,73.900428,12.0,160.0,160.0,MV INDIAN MARINER 35,IMO9001035,AT35,30,0,255,30,9.0,30,B
419001035,2026-09-08 01:25:00,14.87941,73.906437,12.0,160.0,160.0,MV INDIAN MARINER 35,IMO9001035,AT35,30,0,255,30,9.0,30,B
419001035,2026-09-08 01:30:00,14.863771,73.912303,12.0,160.0,160.0,MV INDIAN MARINER 35,IMO9001035,AT35,30,0,255,30,9.0,30,B
419001035,2026-09-08 01:35:00,14.848196,73.918162,12.0,160.0,160.0,MV INDIAN MARINER 35,IMO9001035,AT35,30,0,255,30,9.0,30,B
419001035,2026-09-08 01:40:00,14.832515,73.924064,12.0,160.0,160.0,MV INDIAN MARINER 35,IMO9001035,AT35,30,0,255,30,9.0,30,B
419001035,2026-09-08 01:45:00,14.816783,73.93014,12.0,160.0,160.0,MV INDIAN MARINER 35,IMO9001035,AT35,30,0,255,30,9.0,30,B
419001035,2026-09-08 01:50:00,14.801047,73.935982,12.0,160.0,160.0,MV INDIAN MARINER 35,IMO9001035,AT35,30,0,255,30,9.0,30,B
419001035,2026-09-08 01:55:00,14.785533,73.941913,12.0,160.0,160.0,MV INDIAN MARINER 35,IMO9001035,AT35,30,0,255,30,9.0,30,B
419001035,2026-09-08 02:00:00,14.769835,73.947815,12.0,160.0,160.0,MV INDIAN MARINER 35,IMO9001035,AT35,30,0,255,30,9.0,30,B
419001035,2026-09-08 02:05:00,14.75422,73.953752,12.0,160.0,160.0,MV INDIAN MARINER 35,IMO9001035,AT35,30,0,255,30,9.0,30,B
419001035,2026-09-08 02:10:00,14.738464,73.959642,12.0,160.0,160.0,MV INDIAN MARINER 35,IMO9001035,AT35,30,0,255,30,9.0,30,B
419001035,2026-09-08 02:15:00,14.722838,73.965487,12.0,160.0,160.0,MV INDIAN MARINER 35,IMO9001035,AT35,30,0,255,30,9.0,30,B
419001035,2026-09-08 02:20:00,14.707071,73.971401,12.0,160.0,160.0,MV INDIAN MARINER 35,IMO9001035,AT35,30,0,255,30,9.0,30,B
419001035,2026-09-08 02:25:00,14.691462,73.97739,12.0,160.0,160.0,MV INDIAN MARINER 35,IMO9001035,AT35,30,0,255,30,9.0,30,B
419001035,2026-09-08 02:30:00,14.67591,73.983359,12.0,160.0,160.0,MV INDIAN MARINER 35,IMO9001035,AT35,30,0,255,30,9.0,30,B
419001035,2026-09-08 02:35:00,14.660235,73.989283,12.0,160.0,160.0,MV INDIAN MARINER 35,IMO9001035,AT35,30,0,255,30,9.0,30,B
419001035,2026-09-08 02:40:00,14.644542,73.995181,12.0,160.0,160.0,MV INDIAN MARINER 35,IMO9001035,AT35,30,0,255,30,9.0,30,B
419001035,2026-09-08 02:45:00,14.628887,74.001066,12.0,160.0,160.0,MV INDIAN MARINER 35,IMO9001035,AT35,30,0,255,30,9.0,30,B
419001035,2026-09-08 02:50:00,14.61321,74.006889,12.0,160.0,160.0,MV INDIAN MARINER 35,IMO9001035,AT35,30,0,255,30,9.0,30,B
419001035,2026-09-08 02:55:00,14.59748,74.012756,12.0,160.0,160.0,MV INDIAN MARINER 35,IMO9001035,AT35,30,0,255,30,9.0,30,B
419001035,2026-09-08 03:00:00,14.581888,74.018803,12.0,160.0,160.0,MV INDIAN MARINER 35,IMO9001035,AT35,30,0,255,30,9.0,30,B
419001035,2026-09-08 03:05:00,14.566144,74.024649,12.0,160.0,160.0,MV INDIAN MARINER 35,IMO9001035,AT35,30,0,255,30,9.0,30,B
419001035,2026-09-08 03:10:00,14.55056,74.030603,12.0,160.0,160.0,MV INDIAN MARINER 35,IMO9001035,AT35,30,0,255,30,9.0,30,B
419001035,2026-09-08 03:15:00,14.534997,74.036485,12.0,160.0,160.0,MV INDIAN MARINER 35,IMO9001035,AT35,30,0,255,30,9.0,30,B
419001035,2026-09-08 03:20:00,14.519342,74.042385,12.0,160.0,160.0,MV INDIAN MARINER 35,IMO9001035,AT35,30,0,255,30,9.0,30,B
419001035,2026-09-08 03:25:00,14.503665,74.048295,12.0,160.0,160.0,MV INDIAN MARINER 35,IMO9001035,AT35,30,0,255,30,9.0,30,B
419001036,2026-09-07 17:30:00,21.03263,87.163106,13.0,210.0,210.0,MV INDIAN MARINER 36,IMO9001036,AT36,80,0,258,31,10.0,80,A
419001036,2026-09-07 17:35:00,21.016995,87.15353,13.0,210.0,210.0,MV INDIAN MARINER 36,IMO9001036,AT36,80,0,258,31,10.0,80,A
419001036,2026-09-07 17:40:00,21.001312,87.14392,13.0,210.0,210.0,MV INDIAN MARINER 36,IMO9001036,AT36,80,0,258,31,10.0,80,A
419001036,2026-09-07 17:45:00,20.985599,87.134388,13.0,210.0,210.0,MV INDIAN MARINER 36,IMO9001036,AT36,80,0,258,31,10.0,80,A
419001036,2026-09-07 17:50:00,20.970057,87.124769,13.0,210.0,210.0,MV INDIAN MARINER 36,IMO9001036,AT36,80,0,258,31,10.0,80,A
419001036,2026-09-07 17:55:00,20.954388,87.115173,13.0,210.0,210.0,MV INDIAN MARINER 36,IMO9001036,AT36,80,0,258,31,10.0,80,A
419001036,2026-09-07 18:00:00,20.938729,87.105532,13.0,210.0,210.0,MV INDIAN MARINER 36,IMO9001036,AT36,80,0,258,31,10.0,80,A
419001036,2026-09-07 18:05:00,20.923124,87.095852,13.0,210.0,210.0,MV INDIAN MARINER 36,IMO9001036,AT36,80,0,258,31,10.0,80,A
419001036,2026-09-07 18:10:00,20.907492,87.086373,13.0,210.0,210.0,MV INDIAN MARINER 36,IMO9001036,AT36,80,0,258,31,10.0,80,A
419001036,2026-09-07 18:15:00,20.891801,87.076776,13.0,210.0,210.0,MV INDIAN MARINER 36,IMO9001036,AT36,80,0,258,31,10.0,80,A
419001036,2026-09-07 18:20:00,20.876282,87.067156,13.0,210.0,210.0,MV INDIAN MARINER 36,IMO9001036,AT36,80,0,258,31,10.0,80,A
419001036,2026-09-07 18:25:00,20.860645,87.057557,13.0,210.0,210.0,MV INDIAN MARINER 36,IMO9001036,AT36,80,0,258,31,10.0,80,A
419001036,2026-09-07 18:30:00,20.8449,87.04778,13.0,210.0,210.0,MV INDIAN MARINER 36,IMO9001036,AT36,80,0,258,31,10.0,80,A
419001036,2026-09-07 18:35:00,20.829403,87.038324,13.0,210.0,210.0,MV INDIAN MARINER 36,IMO9001036,AT36,80,0,258,31,10.0,80,A
419001036,2026-09-07 18:40:00,20.813603,87.02859,13.0,210.0,210.0,MV INDIAN MARINER 36,IMO9001036,AT36,80,0,258,31,10.0,80,A
419001036,2026-09-07 18:45:00,20.797982,87.01896,13.0,210.0,210.0,MV INDIAN MARINER 36,IMO9001036,AT36,80,0,258,31,10.0,80,A
419001036,2026-09-07 18:50:00,20.782514,87.009384,13.0,210.0,210.0,MV INDIAN MARINER 36,IMO9001036,AT36,80,0,258,31,10.0,80,A
419001036,2026-09-07 18:55:00,20.766739,86.999876,13.0,210.0,210.0,MV INDIAN MARINER 36,IMO9001036,AT36,80,0,258,31,10.0,80,A
419001036,2026-09-07 19:00:00,20.751249,86.990105,13.0,210.0,210.0,MV INDIAN MARINER 36,IMO9001036,AT36,80,0,258,31,10.0,80,A
419001036,2026-09-07 19:05:00,20.735552,86.980547,13.0,210.0,210.0,MV INDIAN MARINER 36,IMO9001036,AT36,80,0,258,31,10.0,80,A
419001036,2026-09-07 19:10:00,20.719812,86.970904,13.0,210.0,210.0,MV INDIAN MARINER 36,IMO9001036,AT36,80,0,258,31,10.0,80,A
419001036,2026-09-07 19:15:00,20.704242,86.961289,13.0,210.0,210.0,MV INDIAN MARINER 36,IMO9001036,AT36,80,0,258,31,10.0,80,A
419001036,2026-09-07 19:20:00,20.688532,86.951795,13.0,210.0,210.0,MV INDIAN MARINER 36,IMO9001036,AT36,80,0,258,31,10.0,80,A
419001036,2026-09-07 19:25:00,20.673008,86.942035,13.0,210.0,210.0,MV INDIAN MARINER 36,IMO9001036,AT36,80,0,258,31,10.0,80,A
419001036,2026-09-07 19:30:00,20.657406,86.932595,13.0,210.0,210.0,MV INDIAN MARINER 36,IMO9001036,AT36,80,0,258,31,10.0,80,A
419001036,2026-09-07 19:35:00,20.641726,86.922904,13.0,210.0,210.0,MV INDIAN MARINER 36,IMO9001036,AT36,80,0,258,31,10.0,80,A
419001036,2026-09-07 19:40:00,20.626169,86.91322,13.0,210.0,210.0,MV INDIAN MARINER 36,IMO9001036,AT36,80,0,258,31,10.0,80,A
419001036,2026-09-07 19:45:00,20.610435,86.903746,13.0,210.0,210.0,MV INDIAN MARINER 36,IMO9001036,AT36,80,0,258,31,10.0,80,A
419001036,2026-09-07 19:50:00,20.594733,86.894011,13.0,210.0,210.0,MV INDIAN MARINER 36,IMO9001036,AT36,80,0,258,31,10.0,80,A
419001036,2026-09-07 19:55:00,20.579223,86.884472,13.0,210.0,210.0,MV INDIAN MARINER 36,IMO9001036,AT36,80,0,258,31,10.0,80,A
419001036,2026-09-07 20:00:00,20.563522,86.874824,13.0,210.0,210.0,MV INDIAN MARINER 36,IMO9001036,AT36,80,0,258,31,10.0,80,A
419001036,2026-09-07 20:05:00,20.547862,86.865182,13.0,210.0,210.0,MV INDIAN MARINER 36,IMO9001036,AT36,80,0,258,31,10.0,80,A
419001036,2026-09-07 20:10:00,20.532364,86.855672,13.0,210.0,210.0,MV INDIAN MARINER 36,IMO9001036,AT36,80,0,258,31,10.0,80,A
419001036,2026-09-07 20:15:00,20.516742,86.84605,13.0,210.0,210.0,MV INDIAN MARINER 36,IMO9001036,AT36,80,0,258,31,10.0,80,A
419001036,2026-09-07 20:20:00,20.501057,86.836476,13.0,210.0,210.0,MV INDIAN MARINER 36,IMO9001036,AT36,80,0,258,31,10.0,80,A
419001036,2026-09-07 20:25:00,20.485362,86.826774,13.0,210.0,210.0,MV INDIAN MARINER 36,IMO9001036,AT36,80,0,258,31,10.0,80,A
419001036,2026-09-07 20:30:00,20.46974,86.817143,13.0,210.0,210.0,MV INDIAN MARINER 36,IMO9001036,AT36,80,0,258,31,10.0,80,A
419001036,2026-09-07 20:35:00,20.454126,86.807665,13.0,210.0,210.0,MV INDIAN MARINER 36,IMO9001036,AT36,80,0,258,31,10.0,80,A
419001036,2026-09-07 20:40:00,20.438576,86.797933,13.0,210.0,210.0,MV INDIAN MARINER 36,IMO9001036,AT36,80,0,258,31,10.0,80,A
419001036,2026-09-07 20:45:00,20.422826,86.78828,13.0,210.0,210.0,MV INDIAN MARINER 36,IMO9001036,AT36,80,0,258,31,10.0,80,A
419001036,2026-09-07 20:50:00,20.407317,86.778673,13.0,210.0,210.0,MV INDIAN MARINER 36,IMO9001036,AT36,80,0,258,31,10.0,80,A
419001036,2026-09-07 20:55:00,20.391667,86.769185,13.0,210.0,210.0,MV INDIAN MARINER 36,IMO9001036,AT36,80,0,258,31,10.0,80,A
419001036,2026-09-07 21:00:00,20.375883,86.759597,13.0,210.0,210.0,MV INDIAN MARINER 36,IMO9001036,AT36,80,0,258,31,10.0,80,A
419001036,2026-09-07 21:05:00,20.360381,86.749934,13.0,210.0,210.0,MV INDIAN MARINER 36,IMO9001036,AT36,80,0,258,31,10.0,80,A
419001036,2026-09-07 21:10:00,20.344665,86.740293,13.0,210.0,210.0,MV INDIAN MARINER 36,IMO9001036,AT36,80,0,258,31,10.0,80,A
419001036,2026-09-07 21:15:00,20.328953,86.730781,13.0,210.0,210.0,MV INDIAN MARINER 36,IMO9001036,AT36,80,0,258,31,10.0,80,A
419001036,2026-09-07 21:20:00,20.31343,86.721083,13.0,210.0,210.0,MV INDIAN MARINER 36,IMO9001036,AT36,80,0,258,31,10.0,80,A
419001036,2026-09-07 21:25:00,20.29782,86.711386,13.0,210.0,210.0,MV INDIAN MARINER 36,IMO9001036,AT36,80,0,258,31,10.0,80,A
419001036,2026-09-07 21:30:00,20.282185,86.701839,13.0,210.0,210.0,MV INDIAN MARINER 36,IMO9001036,AT36,80,0,258,31,10.0,80,A
419001036,2026-09-07 21:35:00,20.266526,86.692217,13.0,210.0,210.0,MV INDIAN MARINER 36,IMO9001036,AT36,80,0,258,31,10.0,80,A
419001036,2026-09-07 21:40:00,20.250974,86.682678,13.0,210.0,210.0,MV INDIAN MARINER 36,IMO9001036,AT36,80,0,258,31,10.0,80,A
419001036,2026-09-07 21:45:00,20.2353,86.673077,13.0,210.0,210.0,MV INDIAN MARINER 36,IMO9001036,AT36,80,0,258,31,10.0,80,A
419001036,2026-09-07 21:50:00,20.219679,86.66348,13.0,210.0,210.0,MV INDIAN MARINER 36,IMO9001036,AT36,80,0,258,31,10.0,80,A
419001036,2026-09-07 21:55:00,20.203985,86.653777,13.0,210.0,210.0,MV INDIAN MARINER 36,IMO9001036,AT36,80,0,258,31,10.0,80,A
419001036,2026-09-07 22:00:00,20.188419,86.644235,13.0,210.0,210.0,MV INDIAN MARINER 36,IMO9001036,AT36,80,0,258,31,10.0,80,A
419001036,2026-09-07 22:05:00,20.172701,86.634615,13.0,210.0,210.0,MV INDIAN MARINER 36,IMO9001036,AT36,80,0,258,31,10.0,80,A
419001036,2026-09-07 22:10:00,20.157128,86.624904,13.0,210.0,210.0,MV INDIAN MARINER 36,IMO9001036,AT36,80,0,258,31,10.0,80,A
419001036,2026-09-07 22:15:00,20.141482,86.615403,13.0,210.0,210.0,MV INDIAN MARINER 36,IMO9001036,AT36,80,0,258,31,10.0,80,A
419001036,2026-09-07 22:20:00,20.125766,86.605767,13.0,210.0,210.0,MV INDIAN MARINER 36,IMO9001036,AT36,80,0,258,31,10.0,80,A
419001036,2026-09-07 22:25:00,20.110184,86.596154,13.0,210.0,210.0,MV INDIAN MARINER 36,IMO9001036,AT36,80,0,258,31,10.0,80,A
419001036,2026-09-07 22:30:00,20.094504,86.586523,13.0,210.0,210.0,MV INDIAN MARINER 36,IMO9001036,AT36,80,0,258,31,10.0,80,A
419001036,2026-09-07 22:35:00,20.078929,86.576968,13.0,210.0,210.0,MV INDIAN MARINER 36,IMO9001036,AT36,80,0,258,31,10.0,80,A
419001036,2026-09-07 22:40:00,20.063301,86.567343,13.0,210.0,210.0,MV INDIAN MARINER 36,IMO9001036,AT36,80,0,258,31,10.0,80,A
419001036,2026-09-07 22:45:00,20.047592,86.557763,13.0,210.0,210.0,MV INDIAN MARINER 36,IMO9001036,AT36,80,0,258,31,10.0,80,A
419001036,2026-09-07 22:50:00,20.031923,86.547988,13.0,210.0,210.0,MV INDIAN MARINER 36,IMO9001036,AT36,80,0,258,31,10.0,80,A
419001036,2026-09-07 22:55:00,20.016313,86.53843,13.0,210.0,210.0,MV INDIAN MARINER 36,IMO9001036,AT36,80,0,258,31,10.0,80,A
419001036,2026-09-07 23:00:00,20.00083,86.528835,13.0,210.0,210.0,MV INDIAN MARINER 36,IMO9001036,AT36,80,0,258,31,10.0,80,A
419001036,2026-09-07 23:05:00,19.985167,86.519186,13.0,210.0,210.0,MV INDIAN MARINER 36,IMO9001036,AT36,80,0,258,31,10.0,80,A
419001036,2026-09-07 23:10:00,19.969471,86.509569,13.0,210.0,210.0,MV INDIAN MARINER 36,IMO9001036,AT36,80,0,258,31,10.0,80,A
419001036,2026-09-07 23:15:00,19.95384,86.499973,13.0,210.0,210.0,MV INDIAN MARINER 36,IMO9001036,AT36,80,0,258,31,10.0,80,A
419001036,2026-09-07 23:20:00,19.93818,86.490486,13.0,210.0,210.0,MV INDIAN MARINER 36,IMO9001036,AT36,80,0,258,31,10.0,80,A
419001036,2026-09-07 23:25:00,19.922671,86.480785,13.0,210.0,210.0,MV INDIAN MARINER 36,IMO9001036,AT36,80,0,258,31,10.0,80,A
419001036,2026-09-07 23:30:00,19.906988,86.471273,13.0,210.0,210.0,MV INDIAN MARINER 36,IMO9001036,AT36,80,0,258,31,10.0,80,A
419001036,2026-09-07 23:35:00,19.891269,86.461654,13.0,210.0,210.0,MV INDIAN MARINER 36,IMO9001036,AT36,80,0,258,31,10.0,80,A
419001036,2026-09-07 23:40:00,19.875702,86.452004,13.0,210.0,210.0,MV INDIAN MARINER 36,IMO9001036,AT36,80,0,258,31,10.0,80,A
419001036,2026-09-07 23:45:00,19.860027,86.442339,13.0,210.0,210.0,MV INDIAN MARINER 36,IMO9001036,AT36,80,0,258,31,10.0,80,A
419001036,2026-09-07 23:50:00,19.844436,86.432825,13.0,210.0,210.0,MV INDIAN MARINER 36,IMO9001036,AT36,80,0,258,31,10.0,80,A
419001036,2026-09-07 23:55:00,19.828713,86.42314,13.0,210.0,210.0,MV INDIAN MARINER 36,IMO9001036,AT36,80,0,258,31,10.0,80,A
419001036,2026-09-08 00:00:00,19.813157,86.413444,13.0,210.0,210.0,MV INDIAN MARINER 36,IMO9001036,AT36,80,0,258,31,10.0,80,A
419001036,2026-09-08 00:05:00,19.797548,86.403953,13.0,210.0,210.0,MV INDIAN MARINER 36,IMO9001036,AT36,80,0,258,31,10.0,80,A
419001036,2026-09-08 00:10:00,19.781865,86.39428,13.0,210.0,210.0,MV INDIAN MARINER 36,IMO9001036,AT36,80,0,258,31,10.0,80,A
419001036,2026-09-08 00:15:00,19.766159,86.384654,13.0,210.0,210.0,MV INDIAN MARINER 36,IMO9001036,AT36,80,0,258,31,10.0,80,A
419001036,2026-09-08 00:20:00,19.750512,86.375108,13.0,210.0,210.0,MV INDIAN MARINER 36,IMO9001036,AT36,80,0,258,31,10.0,80,A
419001036,2026-09-08 00:25:00,19.735001,86.365371,13.0,210.0,210.0,MV INDIAN MARINER 36,IMO9001036,AT36,80,0,258,31,10.0,80,A
419001036,2026-09-08 00:30:00,19.719429,86.355806,13.0,210.0,210.0,MV INDIAN MARINER 36,IMO9001036,AT36,80,0,258,31,10.0,80,A
419001036,2026-09-08 00:35:00,19.703751,86.346186,13.0,210.0,210.0,MV INDIAN MARINER 36,IMO9001036,AT36,80,0,258,31,10.0,80,A
419001036,2026-09-08 00:40:00,19.688101,86.336543,13.0,210.0,210.0,MV INDIAN MARINER 36,IMO9001036,AT36,80,0,258,31,10.0,80,A
419001036,2026-09-08 00:45:00,19.672436,86.327033,13.0,210.0,210.0,MV INDIAN MARINER 36,IMO9001036,AT36,80,0,258,31,10.0,80,A
419001036,2026-09-08 00:50:00,19.656826,86.317432,13.0,210.0,210.0,MV INDIAN MARINER 36,IMO9001036,AT36,80,0,258,31,10.0,80,A
419001036,2026-09-08 00:55:00,19.641206,86.307788,13.0,210.0,210.0,MV INDIAN MARINER 36,IMO9001036,AT36,80,0,258,31,10.0,80,A
419001036,2026-09-08 01:00:00,19.625624,86.298233,13.0,210.0,210.0,MV INDIAN MARINER 36,IMO9001036,AT36,80,0,258,31,10.0,80,A
419001036,2026-09-08 01:05:00,19.609868,86.288606,13.0,210.0,210.0,MV INDIAN MARINER 36,IMO9001036,AT36,80,0,258,31,10.0,80,A
419001036,2026-09-08 01:10:00,19.594323,86.279031,13.0,210.0,210.0,MV INDIAN MARINER 36,IMO9001036,AT36,80,0,258,31,10.0,80,A
419001036,2026-09-08 01:15:00,19.578564,86.269367,13.0,210.0,210.0,MV INDIAN MARINER 36,IMO9001036,AT36,80,0,258,31,10.0,80,A
419001036,2026-09-08 01:20:00,19.562944,86.259731,13.0,210.0,210.0,MV INDIAN MARINER 36,IMO9001036,AT36,80,0,258,31,10.0,80,A
419001036,2026-09-08 01:25:00,19.547319,86.25016,13.0,210.0,210.0,MV INDIAN MARINER 36,IMO9001036,AT36,80,0,258,31,10.0,80,A
419001036,2026-09-08 01:30:00,19.531748,86.240489,13.0,210.0,210.0,MV INDIAN MARINER 36,IMO9001036,AT36,80,0,258,31,10.0,80,A
419001036,2026-09-08 01:35:00,19.516158,86.230915,13.0,210.0,210.0,MV INDIAN MARINER 36,IMO9001036,AT36,80,0,258,31,10.0,80,A
419001036,2026-09-08 01:40:00,19.500417,86.221313,13.0,210.0,210.0,MV INDIAN MARINER 36,IMO9001036,AT36,80,0,258,31,10.0,80,A
419001036,2026-09-08 01:45:00,19.48483,86.211693,13.0,210.0,210.0,MV INDIAN MARINER 36,IMO9001036,AT36,80,0,258,31,10.0,80,A
419001036,2026-09-08 01:50:00,19.469242,86.202126,13.0,210.0,210.0,MV INDIAN MARINER 36,IMO9001036,AT36,80,0,258,31,10.0,80,A
419001036,2026-09-08 01:55:00,19.453471,86.192536,13.0,210.0,210.0,MV INDIAN MARINER 36,IMO9001036,AT36,80,0,258,31,10.0,80,A
419001036,2026-09-08 02:00:00,19.437962,86.182813,13.0,210.0,210.0,MV INDIAN MARINER 36,IMO9001036,AT36,80,0,258,31,10.0,80,A
419001036,2026-09-08 02:05:00,19.422287,86.173252,13.0,210.0,210.0,MV INDIAN MARINER 36,IMO9001036,AT36,80,0,258,31,10.0,80,A
419001036,2026-09-08 02:10:00,19.406741,86.163592,13.0,210.0,210.0,MV INDIAN MARINER 36,IMO9001036,AT36,80,0,258,31,10.0,80,A
419001036,2026-09-08 02:15:00,19.391014,86.154097,13.0,210.0,210.0,MV INDIAN MARINER 36,IMO9001036,AT36,80,0,258,31,10.0,80,A
419001036,2026-09-08 02:20:00,19.375411,86.144317,13.0,210.0,210.0,MV INDIAN MARINER 36,IMO9001036,AT36,80,0,258,31,10.0,80,A
419001036,2026-09-08 02:25:00,19.359784,86.134698,13.0,210.0,210.0,MV INDIAN MARINER 36,IMO9001036,AT36,80,0,258,31,10.0,80,A
419001036,2026-09-08 02:30:00,19.344198,86.125201,13.0,210.0,210.0,MV INDIAN MARINER 36,IMO9001036,AT36,80,0,258,31,10.0,80,A
419001036,2026-09-08 02:35:00,19.328431,86.115489,13.0,210.0,210.0,MV INDIAN MARINER 36,IMO9001036,AT36,80,0,258,31,10.0,80,A
419001036,2026-09-08 02:40:00,19.31282,86.106045,13.0,210.0,210.0,MV INDIAN MARINER 36,IMO9001036,AT36,80,0,258,31,10.0,80,A
419001036,2026-09-08 02:45:00,19.297137,86.096308,13.0,210.0,210.0,MV INDIAN MARINER 36,IMO9001036,AT36,80,0,258,31,10.0,80,A
419001036,2026-09-08 02:50:00,19.281673,86.086706,13.0,210.0,210.0,MV INDIAN MARINER 36,IMO9001036,AT36,80,0,258,31,10.0,80,A
419001036,2026-09-08 02:55:00,19.265919,86.077156,13.0,210.0,210.0,MV INDIAN MARINER 36,IMO9001036,AT36,80,0,258,31,10.0,80,A
419001036,2026-09-08 03:00:00,19.250406,86.067473,13.0,210.0,210.0,MV INDIAN MARINER 36,IMO9001036,AT36,80,0,258,31,10.0,80,A
419001036,2026-09-08 03:05:00,19.23478,86.057883,13.0,210.0,210.0,MV INDIAN MARINER 36,IMO9001036,AT36,80,0,258,31,10.0,80,A
419001036,2026-09-08 03:10:00,19.219006,86.048257,13.0,210.0,210.0,MV INDIAN MARINER 36,IMO9001036,AT36,80,0,258,31,10.0,80,A
419001036,2026-09-08 03:15:00,19.203477,86.038581,13.0,210.0,210.0,MV INDIAN MARINER 36,IMO9001036,AT36,80,0,258,31,10.0,80,A
419001036,2026-09-08 03:20:00,19.187832,86.028976,13.0,210.0,210.0,MV INDIAN MARINER 36,IMO9001036,AT36,80,0,258,31,10.0,80,A
419001036,2026-09-08 03:25:00,19.172233,86.019425,13.0,210.0,210.0,MV INDIAN MARINER 36,IMO9001036,AT36,80,0,258,31,10.0,80,A
419001037,2026-09-07 17:30:00,14.045587,80.915964,14.0,195.0,195.0,MV INDIAN MARINER 37,IMO9001037,AT37,70,0,261,32,11.0,70,A
419001037,2026-09-07 17:35:00,14.026848,80.910728,14.0,195.0,195.0,MV INDIAN MARINER 37,IMO9001037,AT37,70,0,261,32,11.0,70,A
419001037,2026-09-07 17:40:00,14.008069,80.905678,14.0,195.0,195.0,MV INDIAN MARINER 37,IMO9001037,AT37,70,0,261,32,11.0,70,A
419001037,2026-09-07 17:45:00,13.989192,80.900373,14.0,195.0,195.0,MV INDIAN MARINER 37,IMO9001037,AT37,70,0,261,32,11.0,70,A
419001037,2026-09-07 17:50:00,13.970501,80.895354,14.0,195.0,195.0,MV INDIAN MARINER 37,IMO9001037,AT37,70,0,261,32,11.0,70,A
419001037,2026-09-07 17:55:00,13.951709,80.890179,14.0,195.0,195.0,MV INDIAN MARINER 37,IMO9001037,AT37,70,0,261,32,11.0,70,A
419001037,2026-09-07 18:00:00,13.932914,80.884931,14.0,195.0,195.0,MV INDIAN MARINER 37,IMO9001037,AT37,70,0,261,32,11.0,70,A
419001037,2026-09-07 18:05:00,13.914155,80.879788,14.0,195.0,195.0,MV INDIAN MARINER 37,IMO9001037,AT37,70,0,261,32,11.0,70,A
419001037,2026-09-07 18:10:00,13.895264,80.874657,14.0,195.0,195.0,MV INDIAN MARINER 37,IMO9001037,AT37,70,0,261,32,11.0,70,A
419001037,2026-09-07 18:15:00,13.876627,80.869409,14.0,195.0,195.0,MV INDIAN MARINER 37,IMO9001037,AT37,70,0,261,32,11.0,70,A
419001037,2026-09-07 18:20:00,13.857817,80.864205,14.0,195.0,195.0,MV INDIAN MARINER 37,IMO9001037,AT37,70,0,261,32,11.0,70,A
419001037,2026-09-07 18:25:00,13.838971,80.859117,14.0,195.0,195.0,MV INDIAN MARINER 37,IMO9001037,AT37,70,0,261,32,11.0,70,A
419001037,2026-09-07 18:30:00,13.820183,80.854019,14.0,195.0,195.0,MV INDIAN MARINER 37,IMO9001037,AT37,70,0,261,32,11.0,70,A
419001037,2026-09-07 18:35:00,13.801529,80.848736,14.0,195.0,195.0,MV INDIAN MARINER 37,IMO9001037,AT37,70,0,261,32,11.0,70,A
419001037,2026-09-07 18:40:00,13.78264,80.843666,14.0,195.0,195.0,MV INDIAN MARINER 37,IMO9001037,AT37,70,0,261,32,11.0,70,A
419001037,2026-09-07 18:45:00,13.763947,80.838485,14.0,195.0,195.0,MV INDIAN MARINER 37,IMO9001037,AT37,70,0,261,32,11.0,70,A
419001037,2026-09-07 18:50:00,13.74502,80.833316,14.0,195.0,195.0,MV INDIAN MARINER 37,IMO9001037,AT37,70,0,261,32,11.0,70,A
419001037,2026-09-07 18:55:00,13.726356,80.828259,14.0,195.0,195.0,MV INDIAN MARINER 37,IMO9001037,AT37,70,0,261,32,11.0,70,A
419001037,2026-09-07 19:00:00,13.7075,80.82296,14.0,195.0,195.0,MV INDIAN MARINER 37,IMO9001037,AT37,70,0,261,32,11.0,70,A
419001037,2026-09-07 19:05:00,13.688868,80.817939,14.0,195.0,195.0,MV INDIAN MARINER 37,IMO9001037,AT37,70,0,261,32,11.0,70,A
419001037,2026-09-07 19:10:00,13.669982,80.812593,14.0,195.0,195.0,MV INDIAN MARINER 37,IMO9001037,AT37,70,0,261,32,11.0,70,A
419001037,2026-09-07 19:15:00,13.651136,80.807432,14.0,195.0,195.0,MV INDIAN MARINER 37,IMO9001037,AT37,70,0,261,32,11.0,70,A
419001037,2026-09-07 19:20:00,13.632498,80.80234,14.0,195.0,195.0,MV INDIAN MARINER 37,IMO9001037,AT37,70,0,261,32,11.0,70,A
419001037,2026-09-07 19:25:00,13.613565,80.797142,14.0,195.0,195.0,MV INDIAN MARINER 37,IMO9001037,AT37,70,0,261,32,11.0,70,A
419001037,2026-09-07 19:30:00,13.594978,80.791969,14.0,195.0,195.0,MV INDIAN MARINER 37,IMO9001037,AT37,70,0,261,32,11.0,70,A
419001037,2026-09-07 19:35:00,13.576075,80.786851,14.0,195.0,195.0,MV INDIAN MARINER 37,IMO9001037,AT37,70,0,261,32,11.0,70,A
419001037,2026-09-07 19:40:00,13.55727,80.781677,14.0,195.0,195.0,MV INDIAN MARINER 37,IMO9001037,AT37,70,0,261,32,11.0,70,A
419001037,2026-09-07 19:45:00,13.538546,80.776594,14.0,195.0,195.0,MV INDIAN MARINER 37,IMO9001037,AT37,70,0,261,32,11.0,70,A
419001037,2026-09-07 19:50:00,13.519673,80.771362,14.0,195.0,195.0,MV INDIAN MARINER 37,IMO9001037,AT37,70,0,261,32,11.0,70,A
419001037,2026-09-07 19:55:00,13.50108,80.766298,14.0,195.0,195.0,MV INDIAN MARINER 37,IMO9001037,AT37,70,0,261,32,11.0,70,A
419001037,2026-09-07 20:00:00,13.482139,80.760979,14.0,195.0,195.0,MV INDIAN MARINER 37,IMO9001037,AT37,70,0,261,32,11.0,70,A
419001037,2026-09-07 20:05:00,13.46345,80.755828,14.0,195.0,195.0,MV INDIAN MARINER 37,IMO9001037,AT37,70,0,261,32,11.0,70,A
419001037,2026-09-07 20:10:00,13.444686,80.750632,14.0,195.0,195.0,MV INDIAN MARINER 37,IMO9001037,AT37,70,0,261,32,11.0,70,A
419001037,2026-09-07 20:15:00,13.425954,80.745544,14.0,195.0,195.0,MV INDIAN MARINER 37,IMO9001037,AT37,70,0,261,32,11.0,70,A
419001037,2026-09-07 20:20:00,13.407064,80.740395,14.0,195.0,195.0,MV INDIAN MARINER 37,IMO9001037,AT37,70,0,261,32,11.0,70,A
419001037,2026-09-07 20:25:00,13.38833,80.735297,14.0,195.0,195.0,MV INDIAN MARINER 37,IMO9001037,AT37,70,0,261,32,11.0,70,A
419001037,2026-09-07 20:30:00,13.369534,80.730056,14.0,195.0,195.0,MV INDIAN MARINER 37,IMO9001037,AT37,70,0,261,32,11.0,70,A
419001037,2026-09-07 20:35:00,13.350786,80.724983,14.0,195.0,195.0,MV INDIAN MARINER 37,IMO9001037,AT37,70,0,261,32,11.0,70,A
419001037,2026-09-07 20:40:00,13.332058,80.719719,14.0,195.0,195.0,MV INDIAN MARINER 37,IMO9001037,AT37,70,0,261,32,11.0,70,A
419001037,2026-09-07 20:45:00,13.313267,80.714521,14.0,195.0,195.0,MV INDIAN MARINER 37,IMO9001037,AT37,70,0,261,32,11.0,70,A
419001037,2026-09-07 20:50:00,13.294506,80.709367,14.0,195.0,195.0,MV INDIAN MARINER 37,IMO9001037,AT37,70,0,261,32,11.0,70,A
419001037,2026-09-07 20:55:00,13.275563,80.704287,14.0,195.0,195.0,MV INDIAN MARINER 37,IMO9001037,AT37,70,0,261,32,11.0,70,A
419001037,2026-09-07 21:00:00,13.256946,80.699031,14.0,195.0,195.0,MV INDIAN MARINER 37,IMO9001037,AT37,70,0,261,32,11.0,70,A
419001037,2026-09-07 21:05:00,13.238083,80.693914,14.0,195.0,195.0,MV INDIAN MARINER 37,IMO9001037,AT37,70,0,261,32,11.0,70,A
419001037,2026-09-07 21:10:00,13.219341,80.688778,14.0,195.0,195.0,MV INDIAN MARINER 37,IMO9001037,AT37,70,0,261,32,11.0,70,A
419001037,2026-09-07 21:15:00,13.200452,80.683601,14.0,195.0,195.0,MV INDIAN MARINER 37,IMO9001037,AT37,70,0,261,32,11.0,70,A
419001037,2026-09-07 21:20:00,13.181652,80.67854,14.0,195.0,195.0,MV INDIAN MARINER 37,IMO9001037,AT37,70,0,261,32,11.0,70,A
419001037,2026-09-07 21:25:00,13.163009,80.673293,14.0,195.0,195.0,MV INDIAN MARINER 37,IMO9001037,AT37,70,0,261,32,11.0,70,A
419001037,2026-09-07 21:30:00,13.14415,80.668104,14.0,195.0,195.0,MV INDIAN MARINER 37,IMO9001037,AT37,70,0,261,32,11.0,70,A
419001037,2026-09-07 21:35:00,13.125349,80.662981,14.0,195.0,195.0,MV INDIAN MARINER 37,IMO9001037,AT37,70,0,261,32,11.0,70,A
419001037,2026-09-07 21:40:00,13.106622,80.657745,14.0,195.0,195.0,MV INDIAN MARINER 37,IMO9001037,AT37,70,0,261,32,11.0,70,A
419001037,2026-09-07 21:45:00,13.087887,80.652611,14.0,195.0,195.0,MV INDIAN MARINER 37,IMO9001037,AT37,70,0,261,32,11.0,70,A
419001037,2026-09-07 21:50:00,13.069176,80.647528,14.0,195.0,195.0,MV INDIAN MARINER 37,IMO9001037,AT37,70,0,261,32,11.0,70,A
419001037,2026-09-07 21:55:00,13.050269,80.642272,14.0,195.0,195.0,MV INDIAN MARINER 37,IMO9001037,AT37,70,0,261,32,11.0,70,A
419001037,2026-09-07 22:00:00,13.031499,80.63714,14.0,195.0,195.0,MV INDIAN MARINER 37,IMO9001037,AT37,70,0,261,32,11.0,70,A
419001037,2026-09-07 22:05:00,13.012839,80.632076,14.0,195.0,195.0,MV INDIAN MARINER 37,IMO9001037,AT37,70,0,261,32,11.0,70,A
419001037,2026-09-07 22:10:00,12.993969,80.626914,14.0,195.0,195.0,MV INDIAN MARINER 37,IMO9001037,AT37,70,0,261,32,11.0,70,A
419001037,2026-09-07 22:15:00,12.975158,80.621675,14.0,195.0,195.0,MV INDIAN MARINER 37,IMO9001037,AT37,70,0,261,32,11.0,70,A
419001037,2026-09-07 22:20:00,12.956498,80.61654,14.0,195.0,195.0,MV INDIAN MARINER 37,IMO9001037,AT37,70,0,261,32,11.0,70,A
419001037,2026-09-07 22:25:00,12.937716,80.611342,14.0,195.0,195.0,MV INDIAN MARINER 37,IMO9001037,AT37,70,0,261,32,11.0,70,A
419001037,2026-09-07 22:30:00,12.918939,80.60612,14.0,195.0,195.0,MV INDIAN MARINER 37,IMO9001037,AT37,70,0,261,32,11.0,70,A
419001037,2026-09-07 22:35:00,12.900166,80.601055,14.0,195.0,195.0,MV INDIAN MARINER 37,IMO9001037,AT37,70,0,261,32,11.0,70,A
419001037,2026-09-07 22:40:00,12.881385,80.595891,14.0,195.0,195.0,MV INDIAN MARINER 37,IMO9001037,AT37,70,0,261,32,11.0,70,A
419001037,2026-09-07 22:45:00,12.862477,80.590674,14.0,195.0,195.0,MV INDIAN MARINER 37,IMO9001037,AT37,70,0,261,32,11.0,70,A
419001037,2026-09-07 22:50:00,12.843793,80.585434,14.0,195.0,195.0,MV INDIAN MARINER 37,IMO9001037,AT37,70,0,261,32,11.0,70,A
419001037,2026-09-07 22:55:00,12.824902,80.580368,14.0,195.0,195.0,MV INDIAN MARINER 37,IMO9001037,AT37,70,0,261,32,11.0,70,A
419001037,2026-09-07 23:00:00,12.806112,80.575147,14.0,195.0,195.0,MV INDIAN MARINER 37,IMO9001037,AT37,70,0,261,32,11.0,70,A
419001037,2026-09-07 23:05:00,12.787386,80.570073,14.0,195.0,195.0,MV INDIAN MARINER 37,IMO9001037,AT37,70,0,261,32,11.0,70,A
419001037,2026-09-07 23:10:00,12.768594,80.564839,14.0,195.0,195.0,MV INDIAN MARINER 37,IMO9001037,AT37,70,0,261,32,11.0,70,A
419001037,2026-09-07 23:15:00,12.749918,80.559793,14.0,195.0,195.0,MV INDIAN MARINER 37,IMO9001037,AT37,70,0,261,32,11.0,70,A
419001037,2026-09-07 23:20:00,12.731014,80.554465,14.0,195.0,195.0,MV INDIAN MARINER 37,IMO9001037,AT37,70,0,261,32,11.0,70,A
419001037,2026-09-07 23:25:00,12.712345,80.549383,14.0,195.0,195.0,MV INDIAN MARINER 37,IMO9001037,AT37,70,0,261,32,11.0,70,A
419001037,2026-09-07 23:30:00,12.693485,80.544156,14.0,195.0,195.0,MV INDIAN MARINER 37,IMO9001037,AT37,70,0,261,32,11.0,70,A
419001037,2026-09-07 23:35:00,12.674798,80.539119,14.0,195.0,195.0,MV INDIAN MARINER 37,IMO9001037,AT37,70,0,261,32,11.0,70,A
419001037,2026-09-07 23:40:00,12.655885,80.533866,14.0,195.0,195.0,MV INDIAN MARINER 37,IMO9001037,AT37,70,0,261,32,11.0,70,A
419001037,2026-09-07 23:45:00,12.637225,80.528834,14.0,195.0,195.0,MV INDIAN MARINER 37,IMO9001037,AT37,70,0,261,32,11.0,70,A
419001037,2026-09-07 23:50:00,12.618443,80.523585,14.0,195.0,195.0,MV INDIAN MARINER 37,IMO9001037,AT37,70,0,261,32,11.0,70,A
419001037,2026-09-07 23:55:00,12.599572,80.51843,14.0,195.0,195.0,MV INDIAN MARINER 37,IMO9001037,AT37,70,0,261,32,11.0,70,A
419001037,2026-09-08 00:00:00,12.58083,80.513272,14.0,195.0,195.0,MV INDIAN MARINER 37,IMO9001037,AT37,70,0,261,32,11.0,70,A
419001037,2026-09-08 00:05:00,12.56208,80.508159,14.0,195.0,195.0,MV INDIAN MARINER 37,IMO9001037,AT37,70,0,261,32,11.0,70,A
419001037,2026-09-08 00:10:00,12.543222,80.50294,14.0,195.0,195.0,MV INDIAN MARINER 37,IMO9001037,AT37,70,0,261,32,11.0,70,A
419001037,2026-09-08 00:15:00,12.524517,80.497806,14.0,195.0,195.0,MV INDIAN MARINER 37,IMO9001037,AT37,70,0,261,32,11.0,70,A
419001037,2026-09-08 00:20:00,12.505812,80.49271,14.0,195.0,195.0,MV INDIAN MARINER 37,IMO9001037,AT37,70,0,261,32,11.0,70,A
419001037,2026-09-08 00:25:00,12.486944,80.487358,14.0,195.0,195.0,MV INDIAN MARINER 37,IMO9001037,AT37,70,0,261,32,11.0,70,A
419001037,2026-09-08 00:30:00,12.468239,80.482344,14.0,195.0,195.0,MV INDIAN MARINER 37,IMO9001037,AT37,70,0,261,32,11.0,70,A
419001037,2026-09-08 00:35:00,12.449295,80.477042,14.0,195.0,195.0,MV INDIAN MARINER 37,IMO9001037,AT37,70,0,261,32,11.0,70,A
419001037,2026-09-08 00:40:00,12.430668,80.471917,14.0,195.0,195.0,MV INDIAN MARINER 37,IMO9001037,AT37,70,0,261,32,11.0,70,A
419001037,2026-09-08 00:45:00,12.411901,80.466882,14.0,195.0,195.0,MV INDIAN MARINER 37,IMO9001037,AT37,70,0,261,32,11.0,70,A
419001037,2026-09-08 00:50:00,12.393103,80.461665,14.0,195.0,195.0,MV INDIAN MARINER 37,IMO9001037,AT37,70,0,261,32,11.0,70,A
419001037,2026-09-08 00:55:00,12.374332,80.456425,14.0,195.0,195.0,MV INDIAN MARINER 37,IMO9001037,AT37,70,0,261,32,11.0,70,A
419001037,2026-09-08 01:00:00,12.355458,80.451214,14.0,195.0,195.0,MV INDIAN MARINER 37,IMO9001037,AT37,70,0,261,32,11.0,70,A
419001037,2026-09-08 01:05:00,12.336679,80.446232,14.0,195.0,195.0,MV INDIAN MARINER 37,IMO9001037,AT37,70,0,261,32,11.0,70,A
419001037,2026-09-08 01:10:00,12.317867,80.441072,14.0,195.0,195.0,MV INDIAN MARINER 37,IMO9001037,AT37,70,0,261,32,11.0,70,A
419001037,2026-09-08 01:15:00,12.299148,80.435843,14.0,195.0,195.0,MV INDIAN MARINER 37,IMO9001037,AT37,70,0,261,32,11.0,70,A
419001037,2026-09-08 01:20:00,12.280346,80.430708,14.0,195.0,195.0,MV INDIAN MARINER 37,IMO9001037,AT37,70,0,261,32,11.0,70,A
419001037,2026-09-08 01:25:00,12.261585,80.425491,14.0,195.0,195.0,MV INDIAN MARINER 37,IMO9001037,AT37,70,0,261,32,11.0,70,A
419001037,2026-09-08 01:30:00,12.242789,80.420347,14.0,195.0,195.0,MV INDIAN MARINER 37,IMO9001037,AT37,70,0,261,32,11.0,70,A
419001037,2026-09-08 01:35:00,12.224036,80.415263,14.0,195.0,195.0,MV INDIAN MARINER 37,IMO9001037,AT37,70,0,261,32,11.0,70,A
419001037,2026-09-08 01:40:00,12.205348,80.410014,14.0,195.0,195.0,MV INDIAN MARINER 37,IMO9001037,AT37,70,0,261,32,11.0,70,A
419001037,2026-09-08 01:45:00,12.186463,80.404894,14.0,195.0,195.0,MV INDIAN MARINER 37,IMO9001037,AT37,70,0,261,32,11.0,70,A
419001037,2026-09-08 01:50:00,12.167722,80.399611,14.0,195.0,195.0,MV INDIAN MARINER 37,IMO9001037,AT37,70,0,261,32,11.0,70,A
419001037,2026-09-08 01:55:00,12.148924,80.394438,14.0,195.0,195.0,MV INDIAN MARINER 37,IMO9001037,AT37,70,0,261,32,11.0,70,A
419001037,2026-09-08 02:00:00,12.130183,80.389317,14.0,195.0,195.0,MV INDIAN MARINER 37,IMO9001037,AT37,70,0,261,32,11.0,70,A
419001037,2026-09-08 02:05:00,12.111453,80.384157,14.0,195.0,195.0,MV INDIAN MARINER 37,IMO9001037,AT37,70,0,261,32,11.0,70,A
419001037,2026-09-08 02:10:00,12.092638,80.378961,14.0,195.0,195.0,MV INDIAN MARINER 37,IMO9001037,AT37,70,0,261,32,11.0,70,A
419001037,2026-09-08 02:15:00,12.073788,80.373821,14.0,195.0,195.0,MV INDIAN MARINER 37,IMO9001037,AT37,70,0,261,32,11.0,70,A
419001037,2026-09-08 02:20:00,12.055117,80.368812,14.0,195.0,195.0,MV INDIAN MARINER 37,IMO9001037,AT37,70,0,261,32,11.0,70,A
419001037,2026-09-08 02:25:00,12.036194,80.363473,14.0,195.0,195.0,MV INDIAN MARINER 37,IMO9001037,AT37,70,0,261,32,11.0,70,A
419001037,2026-09-08 02:30:00,12.01749,80.358319,14.0,195.0,195.0,MV INDIAN MARINER 37,IMO9001037,AT37,70,0,261,32,11.0,70,A
419001037,2026-09-08 02:35:00,11.998794,80.353174,14.0,195.0,195.0,MV INDIAN MARINER 37,IMO9001037,AT37,70,0,261,32,11.0,70,A
419001037,2026-09-08 02:40:00,11.980019,80.348033,14.0,195.0,195.0,MV INDIAN MARINER 37,IMO9001037,AT37,70,0,261,32,11.0,70,A
419001037,2026-09-08 02:45:00,11.961208,80.342954,14.0,195.0,195.0,MV INDIAN MARINER 37,IMO9001037,AT37,70,0,261,32,11.0,70,A
419001037,2026-09-08 02:50:00,11.942349,80.337816,14.0,195.0,195.0,MV INDIAN MARINER 37,IMO9001037,AT37,70,0,261,32,11.0,70,A
419001037,2026-09-08 02:55:00,11.923566,80.332665,14.0,195.0,195.0,MV INDIAN MARINER 37,IMO9001037,AT37,70,0,261,32,11.0,70,A
419001037,2026-09-08 03:00:00,11.904799,80.327473,14.0,195.0,195.0,MV INDIAN MARINER 37,IMO9001037,AT37,70,0,261,32,11.0,70,A
419001037,2026-09-08 03:05:00,11.886048,80.32235,14.0,195.0,195.0,MV INDIAN MARINER 37,IMO9001037,AT37,70,0,261,32,11.0,70,A
419001037,2026-09-08 03:10:00,11.867272,80.317078,14.0,195.0,195.0,MV INDIAN MARINER 37,IMO9001037,AT37,70,0,261,32,11.0,70,A
419001037,2026-09-08 03:15:00,11.848557,80.311996,14.0,195.0,195.0,MV INDIAN MARINER 37,IMO9001037,AT37,70,0,261,32,11.0,70,A
419001037,2026-09-08 03:20:00,11.829674,80.306859,14.0,195.0,195.0,MV INDIAN MARINER 37,IMO9001037,AT37,70,0,261,32,11.0,70,A
419001037,2026-09-08 03:25:00,11.810856,80.301619,14.0,195.0,195.0,MV INDIAN MARINER 37,IMO9001037,AT37,70,0,261,32,11.0,70,A
419001038,2026-09-07 17:30:00,18.388506,84.046465,15.0,225.0,225.0,MV INDIAN MARINER 38,IMO9001038,AT38,30,0,264,33,12.0,30,B
419001038,2026-09-07 17:35:00,18.373826,84.030991,15.0,225.0,225.0,MV INDIAN MARINER 38,IMO9001038,AT38,30,0,264,33,12.0,30,B
419001038,2026-09-07 17:40:00,18.359139,84.015516,15.0,225.0,225.0,MV INDIAN MARINER 38,IMO9001038,AT38,30,0,264,33,12.0,30,B
419001038,2026-09-07 17:45:00,18.344468,84.000254,15.0,225.0,225.0,MV INDIAN MARINER 38,IMO9001038,AT38,30,0,264,33,12.0,30,B
419001038,2026-09-07 17:50:00,18.32968,83.984677,15.0,225.0,225.0,MV INDIAN MARINER 38,IMO9001038,AT38,30,0,264,33,12.0,30,B
419001038,2026-09-07 17:55:00,18.31485,83.969352,15.0,225.0,225.0,MV INDIAN MARINER 38,IMO9001038,AT38,30,0,264,33,12.0,30,B
419001038,2026-09-07 18:00:00,18.300151,83.953821,15.0,225.0,225.0,MV INDIAN MARINER 38,IMO9001038,AT38,30,0,264,33,12.0,30,B
419001038,2026-09-07 18:05:00,18.28539,83.938392,15.0,225.0,225.0,MV INDIAN MARINER 38,IMO9001038,AT38,30,0,264,33,12.0,30,B
419001038,2026-09-07 18:10:00,18.270796,83.922928,15.0,225.0,225.0,MV INDIAN MARINER 38,IMO9001038,AT38,30,0,264,33,12.0,30,B
419001038,2026-09-07 18:15:00,18.256042,83.907456,15.0,225.0,225.0,MV INDIAN MARINER 38,IMO9001038,AT38,30,0,264,33,12.0,30,B
419001038,2026-09-07 18:20:00,18.241194,83.892126,15.0,225.0,225.0,MV INDIAN MARINER 38,IMO9001038,AT38,30,0,264,33,12.0,30,B
419001038,2026-09-07 18:25:00,18.22645,83.876542,15.0,225.0,225.0,MV INDIAN MARINER 38,IMO9001038,AT38,30,0,264,33,12.0,30,B
419001038,2026-09-07 18:30:00,18.211911,83.861219,15.0,225.0,225.0,MV INDIAN MARINER 38,IMO9001038,AT38,30,0,264,33,12.0,30,B
419001038,2026-09-07 18:35:00,18.197011,83.845827,15.0,225.0,225.0,MV INDIAN MARINER 38,IMO9001038,AT38,30,0,264,33,12.0,30,B
419001038,2026-09-07 18:40:00,18.182269,83.830236,15.0,225.0,225.0,MV INDIAN MARINER 38,IMO9001038,AT38,30,0,264,33,12.0,30,B
419001038,2026-09-07 18:45:00,18.167612,83.814914,15.0,225.0,225.0,MV INDIAN MARINER 38,IMO9001038,AT38,30,0,264,33,12.0,30,B
419001038,2026-09-07 18:50:00,18.152963,83.799334,15.0,225.0,225.0,MV INDIAN MARINER 38,IMO9001038,AT38,30,0,264,33,12.0,30,B
419001038,2026-09-07 18:55:00,18.138138,83.783913,15.0,225.0,225.0,MV INDIAN MARINER 38,IMO9001038,AT38,30,0,264,33,12.0,30,B
419001038,2026-09-07 19:00:00,18.123414,83.768574,15.0,225.0,225.0,MV INDIAN MARINER 38,IMO9001038,AT38,30,0,264,33,12.0,30,B
419001038,2026-09-07 19:05:00,18.108689,83.753005,15.0,225.0,225.0,MV INDIAN MARINER 38,IMO9001038,AT38,30,0,264,33,12.0,30,B
419001038,2026-09-07 19:10:00,18.093984,83.737637,15.0,225.0,225.0,MV INDIAN MARINER 38,IMO9001038,AT38,30,0,264,33,12.0,30,B
419001038,2026-09-07 19:15:00,18.079206,83.722096,15.0,225.0,225.0,MV INDIAN MARINER 38,IMO9001038,AT38,30,0,264,33,12.0,30,B
419001038,2026-09-07 19:20:00,18.064616,83.706646,15.0,225.0,225.0,MV INDIAN MARINER 38,IMO9001038,AT38,30,0,264,33,12.0,30,B
419001038,2026-09-07 19:25:00,18.049733,83.691259,15.0,225.0,225.0,MV INDIAN MARINER 38,IMO9001038,AT38,30,0,264,33,12.0,30,B
419001038,2026-09-07 19:30:00,18.035028,83.675898,15.0,225.0,225.0,MV INDIAN MARINER 38,IMO9001038,AT38,30,0,264,33,12.0,30,B
419001038,2026-09-07 19:35:00,18.020391,83.660345,15.0,225.0,225.0,MV INDIAN MARINER 38,IMO9001038,AT38,30,0,264,33,12.0,30,B
419001038,2026-09-07 19:40:00,18.005704,83.644995,15.0,225.0,225.0,MV INDIAN MARINER 38,IMO9001038,AT38,30,0,264,33,12.0,30,B
419001038,2026-09-07 19:45:00,17.990838,83.629425,15.0,225.0,225.0,MV INDIAN MARINER 38,IMO9001038,AT38,30,0,264,33,12.0,30,B
419001038,2026-09-07 19:50:00,17.976258,83.614129,15.0,225.0,225.0,MV INDIAN MARINER 38,IMO9001038,AT38,30,0,264,33,12.0,30,B
419001038,2026-09-07 19:55:00,17.96143,83.598678,15.0,225.0,225.0,MV INDIAN MARINER 38,IMO9001038,AT38,30,0,264,33,12.0,30,B
419001038,2026-09-07 20:00:00,17.946709,83.583172,15.0,225.0,225.0,MV INDIAN MARINER 38,IMO9001038,AT38,30,0,264,33,12.0,30,B
419001038,2026-09-07 20:05:00,17.932012,83.567734,15.0,225.0,225.0,MV INDIAN MARINER 38,IMO9001038,AT38,30,0,264,33,12.0,30,B
419001038,2026-09-07 20:10:00,17.917288,83.552262,15.0,225.0,225.0,MV INDIAN MARINER 38,IMO9001038,AT38,30,0,264,33,12.0,30,B
419001038,2026-09-07 20:15:00,17.902436,83.536837,15.0,225.0,225.0,MV INDIAN MARINER 38,IMO9001038,AT38,30,0,264,33,12.0,30,B
419001038,2026-09-07 20:20:00,17.887758,83.521336,15.0,225.0,225.0,MV INDIAN MARINER 38,IMO9001038,AT38,30,0,264,33,12.0,30,B
419001038,2026-09-07 20:25:00,17.873071,83.506036,15.0,225.0,225.0,MV INDIAN MARINER 38,IMO9001038,AT38,30,0,264,33,12.0,30,B
419001038,2026-09-07 20:30:00,17.858237,83.490429,15.0,225.0,225.0,MV INDIAN MARINER 38,IMO9001038,AT38,30,0,264,33,12.0,30,B
419001038,2026-09-07 20:35:00,17.843617,83.475154,15.0,225.0,225.0,MV INDIAN MARINER 38,IMO9001038,AT38,30,0,264,33,12.0,30,B
419001038,2026-09-07 20:40:00,17.82891,83.459726,15.0,225.0,225.0,MV INDIAN MARINER 38,IMO9001038,AT38,30,0,264,33,12.0,30,B
419001038,2026-09-07 20:45:00,17.81419,83.444186,15.0,225.0,225.0,MV INDIAN MARINER 38,IMO9001038,AT38,30,0,264,33,12.0,30,B
419001038,2026-09-07 20:50:00,17.799371,83.428724,15.0,225.0,225.0,MV INDIAN MARINER 38,IMO9001038,AT38,30,0,264,33,12.0,30,B
419001038,2026-09-07 20:55:00,17.784781,83.413295,15.0,225.0,225.0,MV INDIAN MARINER 38,IMO9001038,AT38,30,0,264,33,12.0,30,B
419001038,2026-09-07 21:00:00,17.769958,83.397866,15.0,225.0,225.0,MV INDIAN MARINER 38,IMO9001038,AT38,30,0,264,33,12.0,30,B
419001038,2026-09-07 21:05:00,17.755316,83.382379,15.0,225.0,225.0,MV INDIAN MARINER 38,IMO9001038,AT38,30,0,264,33,12.0,30,B
419001038,2026-09-07 21:10:00,17.740504,83.366994,15.0,225.0,225.0,MV INDIAN MARINER 38,IMO9001038,AT38,30,0,264,33,12.0,30,B
419001038,2026-09-07 21:15:00,17.725756,83.351429,15.0,225.0,225.0,MV INDIAN MARINER 38,IMO9001038,AT38,30,0,264,33,12.0,30,B
419001038,2026-09-07 21:20:00,17.711076,83.336112,15.0,225.0,225.0,MV INDIAN MARINER 38,IMO9001038,AT38,30,0,264,33,12.0,30,B
419001038,2026-09-07 21:25:00,17.69628,83.320688,15.0,225.0,225.0,MV INDIAN MARINER 38,IMO9001038,AT38,30,0,264,33,12.0,30,B
419001038,2026-09-07 21:30:00,17.681574,83.30525,15.0,225.0,225.0,MV INDIAN MARINER 38,IMO9001038,AT38,30,0,264,33,12.0,30,B
419001038,2026-09-07 21:35:00,17.666782,83.289663,15.0,225.0,225.0,MV INDIAN MARINER 38,IMO9001038,AT38,30,0,264,33,12.0,30,B
419001038,2026-09-07 21:40:00,17.652085,83.274404,15.0,225.0,225.0,MV INDIAN MARINER 38,IMO9001038,AT38,30,0,264,33,12.0,30,B
419001038,2026-09-07 21:45:00,17.637319,83.258816,15.0,225.0,225.0,MV INDIAN MARINER 38,IMO9001038,AT38,30,0,264,33,12.0,30,B
419001038,2026-09-07 21:50:00,17.622663,83.243413,15.0,225.0,225.0,MV INDIAN MARINER 38,IMO9001038,AT38,30,0,264,33,12.0,30,B
419001038,2026-09-07 21:55:00,17.607991,83.228004,15.0,225.0,225.0,MV INDIAN MARINER 38,IMO9001038,AT38,30,0,264,33,12.0,30,B
419001038,2026-09-07 22:00:00,17.593287,83.212474,15.0,225.0,225.0,MV INDIAN MARINER 38,IMO9001038,AT38,30,0,264,33,12.0,30,B
419001038,2026-09-07 22:05:00,17.578385,83.197186,15.0,225.0,225.0,MV INDIAN MARINER 38,IMO9001038,AT38,30,0,264,33,12.0,30,B
419001038,2026-09-07 22:10:00,17.563809,83.181566,15.0,225.0,225.0,MV INDIAN MARINER 38,IMO9001038,AT38,30,0,264,33,12.0,30,B
419001038,2026-09-07 22:15:00,17.549119,83.166175,15.0,225.0,225.0,MV INDIAN MARINER 38,IMO9001038,AT38,30,0,264,33,12.0,30,B
419001038,2026-09-07 22:20:00,17.534218,83.150801,15.0,225.0,225.0,MV INDIAN MARINER 38,IMO9001038,AT38,30,0,264,33,12.0,30,B
419001038,2026-09-07 22:25:00,17.519526,83.135351,15.0,225.0,225.0,MV INDIAN MARINER 38,IMO9001038,AT38,30,0,264,33,12.0,30,B
419001038,2026-09-07 22:30:00,17.504918,83.119853,15.0,225.0,225.0,MV INDIAN MARINER 38,IMO9001038,AT38,30,0,264,33,12.0,30,B
419001038,2026-09-07 22:35:00,17.490159,83.104467,15.0,225.0,225.0,MV INDIAN MARINER 38,IMO9001038,AT38,30,0,264,33,12.0,30,B
419001038,2026-09-07 22:40:00,17.475388,83.088981,15.0,225.0,225.0,MV INDIAN MARINER 38,IMO9001038,AT38,30,0,264,33,12.0,30,B
419001038,2026-09-07 22:45:00,17.460614,83.073635,15.0,225.0,225.0,MV INDIAN MARINER 38,IMO9001038,AT38,30,0,264,33,12.0,30,B
419001038,2026-09-07 22:50:00,17.445971,83.058055,15.0,225.0,225.0,MV INDIAN MARINER 38,IMO9001038,AT38,30,0,264,33,12.0,30,B
419001038,2026-09-07 22:55:00,17.43125,83.04266,15.0,225.0,225.0,MV INDIAN MARINER 38,IMO9001038,AT38,30,0,264,33,12.0,30,B
419001038,2026-09-07 23:00:00,17.41656,83.02725,15.0,225.0,225.0,MV INDIAN MARINER 38,IMO9001038,AT38,30,0,264,33,12.0,30,B
419001038,2026-09-07 23:05:00,17.401832,83.011734,15.0,225.0,225.0,MV INDIAN MARINER 38,IMO9001038,AT38,30,0,264,33,12.0,30,B
419001038,2026-09-07 23:10:00,17.387099,82.996285,15.0,225.0,225.0,MV INDIAN MARINER 38,IMO9001038,AT38,30,0,264,33,12.0,30,B
419001038,2026-09-07 23:15:00,17.372379,82.980827,15.0,225.0,225.0,MV INDIAN MARINER 38,IMO9001038,AT38,30,0,264,33,12.0,30,B
419001038,2026-09-07 23:20:00,17.357532,82.965375,15.0,225.0,225.0,MV INDIAN MARINER 38,IMO9001038,AT38,30,0,264,33,12.0,30,B
419001038,2026-09-07 23:25:00,17.342844,82.949977,15.0,225.0,225.0,MV INDIAN MARINER 38,IMO9001038,AT38,30,0,264,33,12.0,30,B
419001038,2026-09-07 23:30:00,17.328157,82.93451,15.0,225.0,225.0,MV INDIAN MARINER 38,IMO9001038,AT38,30,0,264,33,12.0,30,B
419001038,2026-09-07 23:35:00,17.313404,82.919064,15.0,225.0,225.0,MV INDIAN MARINER 38,IMO9001038,AT38,30,0,264,33,12.0,30,B
419001038,2026-09-07 23:40:00,17.298586,82.903693,15.0,225.0,225.0,MV INDIAN MARINER 38,IMO9001038,AT38,30,0,264,33,12.0,30,B
419001038,2026-09-07 23:45:00,17.283883,82.888189,15.0,225.0,225.0,MV INDIAN MARINER 38,IMO9001038,AT38,30,0,264,33,12.0,30,B
419001038,2026-09-07 23:50:00,17.269235,82.872786,15.0,225.0,225.0,MV INDIAN MARINER 38,IMO9001038,AT38,30,0,264,33,12.0,30,B
419001038,2026-09-07 23:55:00,17.254386,82.857326,15.0,225.0,225.0,MV INDIAN MARINER 38,IMO9001038,AT38,30,0,264,33,12.0,30,B
419001038,2026-09-08 00:00:00,17.239691,82.841835,15.0,225.0,225.0,MV INDIAN MARINER 38,IMO9001038,AT38,30,0,264,33,12.0,30,B
419001038,2026-09-08 00:05:00,17.225031,82.826395,15.0,225.0,225.0,MV INDIAN MARINER 38,IMO9001038,AT38,30,0,264,33,12.0,30,B
419001038,2026-09-08 00:10:00,17.210197,82.811073,15.0,225.0,225.0,MV INDIAN MARINER 38,IMO9001038,AT38,30,0,264,33,12.0,30,B
419001038,2026-09-08 00:15:00,17.195501,82.795637,15.0,225.0,225.0,MV INDIAN MARINER 38,IMO9001038,AT38,30,0,264,33,12.0,30,B
419001038,2026-09-08 00:20:00,17.180833,82.780143,15.0,225.0,225.0,MV INDIAN MARINER 38,IMO9001038,AT38,30,0,264,33,12.0,30,B
419001038,2026-09-08 00:25:00,17.166149,82.764698,15.0,225.0,225.0,MV INDIAN MARINER 38,IMO9001038,AT38,30,0,264,33,12.0,30,B
419001038,2026-09-08 00:30:00,17.151357,82.749235,15.0,225.0,225.0,MV INDIAN MARINER 38,IMO9001038,AT38,30,0,264,33,12.0,30,B
419001038,2026-09-08 00:35:00,17.136663,82.733857,15.0,225.0,225.0,MV INDIAN MARINER 38,IMO9001038,AT38,30,0,264,33,12.0,30,B
419001038,2026-09-08 00:40:00,17.121953,82.718391,15.0,225.0,225.0,MV INDIAN MARINER 38,IMO9001038,AT38,30,0,264,33,12.0,30,B
419001038,2026-09-08 00:45:00,17.107181,82.702912,15.0,225.0,225.0,MV INDIAN MARINER 38,IMO9001038,AT38,30,0,264,33,12.0,30,B
419001038,2026-09-08 00:50:00,17.092389,82.687484,15.0,225.0,225.0,MV INDIAN MARINER 38,IMO9001038,AT38,30,0,264,33,12.0,30,B
419001038,2026-09-08 00:55:00,17.077635,82.672039,15.0,225.0,225.0,MV INDIAN MARINER 38,IMO9001038,AT38,30,0,264,33,12.0,30,B
419001038,2026-09-08 01:00:00,17.062975,82.656518,15.0,225.0,225.0,MV INDIAN MARINER 38,IMO9001038,AT38,30,0,264,33,12.0,30,B
419001038,2026-09-08 01:05:00,17.048278,82.641035,15.0,225.0,225.0,MV INDIAN MARINER 38,IMO9001038,AT38,30,0,264,33,12.0,30,B
419001038,2026-09-08 01:10:00,17.033597,82.62562,15.0,225.0,225.0,MV INDIAN MARINER 38,IMO9001038,AT38,30,0,264,33,12.0,30,B
419001038,2026-09-08 01:15:00,17.018846,82.610285,15.0,225.0,225.0,MV INDIAN MARINER 38,IMO9001038,AT38,30,0,264,33,12.0,30,B
419001038,2026-09-08 01:20:00,17.00404,82.594824,15.0,225.0,225.0,MV INDIAN MARINER 38,IMO9001038,AT38,30,0,264,33,12.0,30,B
419001038,2026-09-08 01:25:00,16.989421,82.579379,15.0,225.0,225.0,MV INDIAN MARINER 38,IMO9001038,AT38,30,0,264,33,12.0,30,B
419001038,2026-09-08 01:30:00,16.974572,82.563799,15.0,225.0,225.0,MV INDIAN MARINER 38,IMO9001038,AT38,30,0,264,33,12.0,30,B
419001038,2026-09-08 01:35:00,16.959776,82.548388,15.0,225.0,225.0,MV INDIAN MARINER 38,IMO9001038,AT38,30,0,264,33,12.0,30,B
419001038,2026-09-08 01:40:00,16.94509,82.53298,15.0,225.0,225.0,MV INDIAN MARINER 38,IMO9001038,AT38,30,0,264,33,12.0,30,B
419001038,2026-09-08 01:45:00,16.930396,82.517511,15.0,225.0,225.0,MV INDIAN MARINER 38,IMO9001038,AT38,30,0,264,33,12.0,30,B
419001038,2026-09-08 01:50:00,16.915737,82.502105,15.0,225.0,225.0,MV INDIAN MARINER 38,IMO9001038,AT38,30,0,264,33,12.0,30,B
419001038,2026-09-08 01:55:00,16.901042,82.48661,15.0,225.0,225.0,MV INDIAN MARINER 38,IMO9001038,AT38,30,0,264,33,12.0,30,B
419001038,2026-09-08 02:00:00,16.886292,82.471248,15.0,225.0,225.0,MV INDIAN MARINER 38,IMO9001038,AT38,30,0,264,33,12.0,30,B
419001038,2026-09-08 02:05:00,16.871521,82.455725,15.0,225.0,225.0,MV INDIAN MARINER 38,IMO9001038,AT38,30,0,264,33,12.0,30,B
419001038,2026-09-08 02:10:00,16.856744,82.440413,15.0,225.0,225.0,MV INDIAN MARINER 38,IMO9001038,AT38,30,0,264,33,12.0,30,B
419001038,2026-09-08 02:15:00,16.842141,82.424808,15.0,225.0,225.0,MV INDIAN MARINER 38,IMO9001038,AT38,30,0,264,33,12.0,30,B
419001038,2026-09-08 02:20:00,16.827289,82.40944,15.0,225.0,225.0,MV INDIAN MARINER 38,IMO9001038,AT38,30,0,264,33,12.0,30,B
419001038,2026-09-08 02:25:00,16.812503,82.39407,15.0,225.0,225.0,MV INDIAN MARINER 38,IMO9001038,AT38,30,0,264,33,12.0,30,B
419001038,2026-09-08 02:30:00,16.797776,82.37849,15.0,225.0,225.0,MV INDIAN MARINER 38,IMO9001038,AT38,30,0,264,33,12.0,30,B
419001038,2026-09-08 02:35:00,16.783181,82.363189,15.0,225.0,225.0,MV INDIAN MARINER 38,IMO9001038,AT38,30,0,264,33,12.0,30,B
419001038,2026-09-08 02:40:00,16.768332,82.347755,15.0,225.0,225.0,MV INDIAN MARINER 38,IMO9001038,AT38,30,0,264,33,12.0,30,B
419001038,2026-09-08 02:45:00,16.753751,82.332188,15.0,225.0,225.0,MV INDIAN MARINER 38,IMO9001038,AT38,30,0,264,33,12.0,30,B
419001038,2026-09-08 02:50:00,16.738862,82.316842,15.0,225.0,225.0,MV INDIAN MARINER 38,IMO9001038,AT38,30,0,264,33,12.0,30,B
419001038,2026-09-08 02:55:00,16.724288,82.301291,15.0,225.0,225.0,MV INDIAN MARINER 38,IMO9001038,AT38,30,0,264,33,12.0,30,B
419001038,2026-09-08 03:00:00,16.709389,82.28581,15.0,225.0,225.0,MV INDIAN MARINER 38,IMO9001038,AT38,30,0,264,33,12.0,30,B
419001038,2026-09-08 03:05:00,16.69473,82.270524,15.0,225.0,225.0,MV INDIAN MARINER 38,IMO9001038,AT38,30,0,264,33,12.0,30,B
419001038,2026-09-08 03:10:00,16.68011,82.255086,15.0,225.0,225.0,MV INDIAN MARINER 38,IMO9001038,AT38,30,0,264,33,12.0,30,B
419001038,2026-09-08 03:15:00,16.665305,82.239662,15.0,225.0,225.0,MV INDIAN MARINER 38,IMO9001038,AT38,30,0,264,33,12.0,30,B
419001038,2026-09-08 03:20:00,16.650583,82.224053,15.0,225.0,225.0,MV INDIAN MARINER 38,IMO9001038,AT38,30,0,264,33,12.0,30,B
419001038,2026-09-08 03:25:00,16.635925,82.208656,15.0,225.0,225.0,MV INDIAN MARINER 38,IMO9001038,AT38,30,0,264,33,12.0,30,B
419001039,2026-09-07 17:30:00,9.458402,78.451464,16.0,80.0,80.0,MV INDIAN MARINER 39,IMO9001039,AT39,80,0,267,34,13.0,80,A
419001039,2026-09-07 17:35:00,9.462284,78.473698,16.0,80.0,80.0,MV INDIAN MARINER 39,IMO9001039,AT39,80,0,267,34,13.0,80,A
419001039,2026-09-07 17:40:00,9.466055,78.495965,16.0,80.0,80.0,MV INDIAN MARINER 39,IMO9001039,AT39,80,0,267,34,13.0,80,A
419001039,2026-09-07 17:45:00,9.470006,78.518088,16.0,80.0,80.0,MV INDIAN MARINER 39,IMO9001039,AT39,80,0,267,34,13.0,80,A
419001039,2026-09-07 17:50:00,9.473805,78.540354,16.0,80.0,80.0,MV INDIAN MARINER 39,IMO9001039,AT39,80,0,267,34,13.0,80,A
419001039,2026-09-07 17:55:00,9.477721,78.56243,16.0,80.0,80.0,MV INDIAN MARINER 39,IMO9001039,AT39,80,0,267,34,13.0,80,A
419001039,2026-09-07 18:00:00,9.481517,78.58479,16.0,80.0,80.0,MV INDIAN MARINER 39,IMO9001039,AT39,80,0,267,34,13.0,80,A
419001039,2026-09-07 18:05:00,9.485425,78.60693,16.0,80.0,80.0,MV INDIAN MARINER 39,IMO9001039,AT39,80,0,267,34,13.0,80,A
419001039,2026-09-07 18:10:00,9.489354,78.629114,16.0,80.0,80.0,MV INDIAN MARINER 39,IMO9001039,AT39,80,0,267,34,13.0,80,A
419001039,2026-09-07 18:15:00,9.493177,78.651219,16.0,80.0,80.0,MV INDIAN MARINER 39,IMO9001039,AT39,80,0,267,34,13.0,80,A
419001039,2026-09-07 18:20:00,9.496937,78.673402,16.0,80.0,80.0,MV INDIAN MARINER 39,IMO9001039,AT39,80,0,267,34,13.0,80,A
419001039,2026-09-07 18:25:00,9.500854,78.695684,16.0,80.0,80.0,MV INDIAN MARINER 39,IMO9001039,AT39,80,0,267,34,13.0,80,A
419001039,2026-09-07 18:30:00,9.504664,78.717966,16.0,80.0,80.0,MV INDIAN MARINER 39,IMO9001039,AT39,80,0,267,34,13.0,80,A
419001039,2026-09-07 18:35:00,9.50853,78.740154,16.0,80.0,80.0,MV INDIAN MARINER 39,IMO9001039,AT39,80,0,267,34,13.0,80,A
419001039,2026-09-07 18:40:00,9.512352,78.762359,16.0,80.0,80.0,MV INDIAN MARINER 39,IMO9001039,AT39,80,0,267,34,13.0,80,A
419001039,2026-09-07 18:45:00,9.516362,78.784535,16.0,80.0,80.0,MV INDIAN MARINER 39,IMO9001039,AT39,80,0,267,34,13.0,80,A
419001039,2026-09-07 18:50:00,9.52006,78.806645,16.0,80.0,80.0,MV INDIAN MARINER 39,IMO9001039,AT39,80,0,267,34,13.0,80,A
419001039,2026-09-07 18:55:00,9.524087,78.828932,16.0,80.0,80.0,MV INDIAN MARINER 39,IMO9001039,AT39,80,0,267,34,13.0,80,A
419001039,2026-09-07 19:00:00,9.527782,78.851112,16.0,80.0,80.0,MV INDIAN MARINER 39,IMO9001039,AT39,80,0,267,34,13.0,80,A
419001039,2026-09-07 19:05:00,9.53181,78.873311,16.0,80.0,80.0,MV INDIAN MARINER 39,IMO9001039,AT39,80,0,267,34,13.0,80,A
419001039,2026-09-07 19:10:00,9.535523,78.895503,16.0,80.0,80.0,MV INDIAN MARINER 39,IMO9001039,AT39,80,0,267,34,13.0,80,A
419001039,2026-09-07 19:15:00,9.539488,78.917671,16.0,80.0,80.0,MV INDIAN MARINER 39,IMO9001039,AT39,80,0,267,34,13.0,80,A
419001039,2026-09-07 19:20:00,9.543382,78.939819,16.0,80.0,80.0,MV INDIAN MARINER 39,IMO9001039,AT39,80,0,267,34,13.0,80,A
419001039,2026-09-07 19:25:00,9.547211,78.962027,16.0,80.0,80.0,MV INDIAN MARINER 39,IMO9001039,AT39,80,0,267,34,13.0,80,A
419001039,2026-09-07 19:30:00,9.551012,78.98434,16.0,80.0,80.0,MV INDIAN MARINER 39,IMO9001039,AT39,80,0,267,34,13.0,80,A
419001039,2026-09-07 19:35:00,9.55476,79.006504,16.0,80.0,80.0,MV INDIAN MARINER 39,IMO9001039,AT39,80,0,267,34,13.0,80,A
419001039,2026-09-07 19:40:00,9.558709,79.02863,16.0,80.0,80.0,MV INDIAN MARINER 39,IMO9001039,AT39,80,0,267,34,13.0,80,A
419001039,2026-09-07 19:45:00,9.562635,79.050835,16.0,80.0,80.0,MV INDIAN MARINER 39,IMO9001039,AT39,80,0,267,34,13.0,80,A
419001039,2026-09-07 19:50:00,9.566413,79.073041,16.0,80.0,80.0,MV INDIAN MARINER 39,IMO9001039,AT39,80,0,267,34,13.0,80,A
419001039,2026-09-07 19:55:00,9.570288,79.095158,16.0,80.0,80.0,MV INDIAN MARINER 39,IMO9001039,AT39,80,0,267,34,13.0,80,A
419001039,2026-09-07 20:00:00,9.574163,79.117527,16.0,80.0,80.0,MV INDIAN MARINER 39,IMO9001039,AT39,80,0,267,34,13.0,80,A
419001039,2026-09-07 20:05:00,9.577994,79.13964,16.0,80.0,80.0,MV INDIAN MARINER 39,IMO9001039,AT39,80,0,267,34,13.0,80,A
419001039,2026-09-07 20:10:00,9.581882,79.16176,16.0,80.0,80.0,MV INDIAN MARINER 39,IMO9001039,AT39,80,0,267,34,13.0,80,A
419001039,2026-09-07 20:15:00,9.585807,79.183974,16.0,80.0,80.0,MV INDIAN MARINER 39,IMO9001039,AT39,80,0,267,34,13.0,80,A
419001039,2026-09-07 20:20:00,9.589556,79.206252,16.0,80.0,80.0,MV INDIAN MARINER 39,IMO9001039,AT39,80,0,267,34,13.0,80,A
419001039,2026-09-07 20:25:00,9.593516,79.228415,16.0,80.0,80.0,MV INDIAN MARINER 39,IMO9001039,AT39,80,0,267,34,13.0,80,A
419001039,2026-09-07 20:30:00,9.597377,79.250697,16.0,80.0,80.0,MV INDIAN MARINER 39,IMO9001039,AT39,80,0,267,34,13.0,80,A
419001039,2026-09-07 20:35:00,9.601155,79.272823,16.0,80.0,80.0,MV INDIAN MARINER 39,IMO9001039,AT39,80,0,267,34,13.0,80,A
419001039,2026-09-07 20:40:00,9.604954,79.294969,16.0,80.0,80.0,MV INDIAN MARINER 39,IMO9001039,AT39,80,0,267,34,13.0,80,A
419001039,2026-09-07 20:45:00,9.608899,79.317212,16.0,80.0,80.0,MV INDIAN MARINER 39,IMO9001039,AT39,80,0,267,34,13.0,80,A
419001039,2026-09-07 20:50:00,9.612722,79.339503,16.0,80.0,80.0,MV INDIAN MARINER 39,IMO9001039,AT39,80,0,267,34,13.0,80,A
419001039,2026-09-07 20:55:00,9.616638,79.361687,16.0,80.0,80.0,MV INDIAN MARINER 39,IMO9001039,AT39,80,0,267,34,13.0,80,A
419001039,2026-09-07 21:00:00,9.620399,79.383751,16.0,80.0,80.0,MV INDIAN MARINER 39,IMO9001039,AT39,80,0,267,34,13.0,80,A
419001039,2026-09-07 21:05:00,9.624246,79.406048,16.0,80.0,80.0,MV INDIAN MARINER 39,IMO9001039,AT39,80,0,267,34,13.0,80,A
419001039,2026-09-07 21:10:00,9.628177,79.428094,16.0,80.0,80.0,MV INDIAN MARINER 39,IMO9001039,AT39,80,0,267,34,13.0,80,A
419001039,2026-09-07 21:15:00,9.632091,79.450398,16.0,80.0,80.0,MV INDIAN MARINER 39,IMO9001039,AT39,80,0,267,34,13.0,80,A
419001039,2026-09-07 21:20:00,9.635867,79.472526,16.0,80.0,80.0,MV INDIAN MARINER 39,IMO9001039,AT39,80,0,267,34,13.0,80,A
419001039,2026-09-07 21:25:00,9.639751,79.494788,16.0,80.0,80.0,MV INDIAN MARINER 39,IMO9001039,AT39,80,0,267,34,13.0,80,A
419001039,2026-09-07 21:30:00,9.643503,79.517024,16.0,80.0,80.0,MV INDIAN MARINER 39,IMO9001039,AT39,80,0,267,34,13.0,80,A
419001039,2026-09-07 21:35:00,9.647414,79.539095,16.0,80.0,80.0,MV INDIAN MARINER 39,IMO9001039,AT39,80,0,267,34,13.0,80,A
419001039,2026-09-07 21:40:00,9.651377,79.561423,16.0,80.0,80.0,MV INDIAN MARINER 39,IMO9001039,AT39,80,0,267,34,13.0,80,A
419001039,2026-09-07 21:45:00,9.655111,79.583513,16.0,80.0,80.0,MV INDIAN MARINER 39,IMO9001039,AT39,80,0,267,34,13.0,80,A
419001039,2026-09-07 21:50:00,9.659109,79.605709,16.0,80.0,80.0,MV INDIAN MARINER 39,IMO9001039,AT39,80,0,267,34,13.0,80,A
419001039,2026-09-07 21:55:00,9.662927,79.627906,16.0,80.0,80.0,MV INDIAN MARINER 39,IMO9001039,AT39,80,0,267,34,13.0,80,A
419001039,2026-09-07 22:00:00,9.666807,79.650254,16.0,80.0,80.0,MV INDIAN MARINER 39,IMO9001039,AT39,80,0,267,34,13.0,80,A
419001039,2026-09-07 22:05:00,9.670518,79.67243,16.0,80.0,80.0,MV INDIAN MARINER 39,IMO9001039,AT39,80,0,267,34,13.0,80,A
419001039,2026-09-07 22:10:00,9.6745,79.69462,16.0,80.0,80.0,MV INDIAN MARINER 39,IMO9001039,AT39,80,0,267,34,13.0,80,A
419001039,2026-09-07 22:15:00,9.67842,79.716853,16.0,80.0,80.0,MV INDIAN MARINER 39,IMO9001039,AT39,80,0,267,34,13.0,80,A
419001039,2026-09-07 22:20:00,9.682112,79.738993,16.0,80.0,80.0,MV INDIAN MARINER 39,IMO9001039,AT39,80,0,267,34,13.0,80,A
419001039,2026-09-07 22:25:00,9.685937,79.76121,16.0,80.0,80.0,MV INDIAN MARINER 39,IMO9001039,AT39,80,0,267,34,13.0,80,A
419001039,2026-09-07 22:30:00,9.68984,79.783403,16.0,80.0,80.0,MV INDIAN MARINER 39,IMO9001039,AT39,80,0,267,34,13.0,80,A
419001039,2026-09-07 22:35:00,9.6937,79.805632,16.0,80.0,80.0,MV INDIAN MARINER 39,IMO9001039,AT39,80,0,267,34,13.0,80,A
419001039,2026-09-07 22:40:00,9.697568,79.82766,16.0,80.0,80.0,MV INDIAN MARINER 39,IMO9001039,AT39,80,0,267,34,13.0,80,A
419001039,2026-09-07 22:45:00,9.701443,79.849905,16.0,80.0,80.0,MV INDIAN MARINER 39,IMO9001039,AT39,80,0,267,34,13.0,80,A
419001039,2026-09-07 22:50:00,9.705307,79.872124,16.0,80.0,80.0,MV INDIAN MARINER 39,IMO9001039,AT39,80,0,267,34,13.0,80,A
419001039,2026-09-07 22:55:00,9.709199,79.894372,16.0,80.0,80.0,MV INDIAN MARINER 39,IMO9001039,AT39,80,0,267,34,13.0,80,A
419001039,2026-09-07 23:00:00,9.712981,79.916465,16.0,80.0,80.0,MV INDIAN MARINER 39,IMO9001039,AT39,80,0,267,34,13.0,80,A
419001039,2026-09-07 23:05:00,9.716994,79.938647,16.0,80.0,80.0,MV INDIAN MARINER 39,IMO9001039,AT39,80,0,267,34,13.0,80,A
419001039,2026-09-07 23:10:00,9.720839,79.960935,16.0,80.0,80.0,MV INDIAN MARINER 39,IMO9001039,AT39,80,0,267,34,13.0,80,A
419001039,2026-09-07 23:15:00,9.724592,79.983108,16.0,80.0,80.0,MV INDIAN MARINER 39,IMO9001039,AT39,80,0,267,34,13.0,80,A
419001039,2026-09-07 23:20:00,9.72841,80.005235,16.0,80.0,80.0,MV INDIAN MARINER 39,IMO9001039,AT39,80,0,267,34,13.0,80,A
419001039,2026-09-07 23:25:00,9.732426,80.027493,16.0,80.0,80.0,MV INDIAN MARINER 39,IMO9001039,AT39,80,0,267,34,13.0,80,A
419001039,2026-09-07 23:30:00,9.736198,80.04981,16.0,80.0,80.0,MV INDIAN MARINER 39,IMO9001039,AT39,80,0,267,34,13.0,80,A
419001039,2026-09-07 23:35:00,9.740004,80.071967,16.0,80.0,80.0,MV INDIAN MARINER 39,IMO9001039,AT39,80,0,267,34,13.0,80,A
419001039,2026-09-07 23:40:00,9.743852,80.09409,16.0,80.0,80.0,MV INDIAN MARINER 39,IMO9001039,AT39,80,0,267,34,13.0,80,A
419001039,2026-09-07 23:45:00,9.747748,80.1164,16.0,80.0,80.0,MV INDIAN MARINER 39,IMO9001039,AT39,80,0,267,34,13.0,80,A
419001039,2026-09-07 23:50:00,9.751724,80.138479,16.0,80.0,80.0,MV INDIAN MARINER 39,IMO9001039,AT39,80,0,267,34,13.0,80,A
419001039,2026-09-07 23:55:00,9.755486,80.160735,16.0,80.0,80.0,MV INDIAN MARINER 39,IMO9001039,AT39,80,0,267,34,13.0,80,A
419001039,2026-09-08 00:00:00,9.75926,80.182954,16.0,80.0,80.0,MV INDIAN MARINER 39,IMO9001039,AT39,80,0,267,34,13.0,80,A
419001039,2026-09-08 00:05:00,9.763248,80.205177,16.0,80.0,80.0,MV INDIAN MARINER 39,IMO9001039,AT39,80,0,267,34,13.0,80,A
419001039,2026-09-08 00:10:00,9.76708,80.227295,16.0,80.0,80.0,MV INDIAN MARINER 39,IMO9001039,AT39,80,0,267,34,13.0,80,A
419001039,2026-09-08 00:15:00,9.770987,80.249513,16.0,80.0,80.0,MV INDIAN MARINER 39,IMO9001039,AT39,80,0,267,34,13.0,80,A
419001039,2026-09-08 00:20:00,9.774851,80.271772,16.0,80.0,80.0,MV INDIAN MARINER 39,IMO9001039,AT39,80,0,267,34,13.0,80,A
419001039,2026-09-08 00:25:00,9.778631,80.293795,16.0,80.0,80.0,MV INDIAN MARINER 39,IMO9001039,AT39,80,0,267,34,13.0,80,A
419001039,2026-09-08 00:30:00,9.78258,80.31615,16.0,80.0,80.0,MV INDIAN MARINER 39,IMO9001039,AT39,80,0,267,34,13.0,80,A
419001039,2026-09-08 00:35:00,9.786355,80.338326,16.0,80.0,80.0,MV INDIAN MARINER 39,IMO9001039,AT39,80,0,267,34,13.0,80,A
419001039,2026-09-08 00:40:00,9.790154,80.360489,16.0,80.0,80.0,MV INDIAN MARINER 39,IMO9001039,AT39,80,0,267,34,13.0,80,A
419001039,2026-09-08 00:45:00,9.794139,80.382757,16.0,80.0,80.0,MV INDIAN MARINER 39,IMO9001039,AT39,80,0,267,34,13.0,80,A
419001039,2026-09-08 00:50:00,9.797987,80.404954,16.0,80.0,80.0,MV INDIAN MARINER 39,IMO9001039,AT39,80,0,267,34,13.0,80,A
419001039,2026-09-08 00:55:00,9.801853,80.427139,16.0,80.0,80.0,MV INDIAN MARINER 39,IMO9001039,AT39,80,0,267,34,13.0,80,A
419001039,2026-09-08 01:00:00,9.805666,80.449217,16.0,80.0,80.0,MV INDIAN MARINER 39,IMO9001039,AT39,80,0,267,34,13.0,80,A
419001039,2026-09-08 01:05:00,9.809527,80.471501,16.0,80.0,80.0,MV INDIAN MARINER 39,IMO9001039,AT39,80,0,267,34,13.0,80,A
419001039,2026-09-08 01:10:00,9.813349,80.49371,16.0,80.0,80.0,MV INDIAN MARINER 39,IMO9001039,AT39,80,0,267,34,13.0,80,A
419001039,2026-09-08 01:15:00,9.817197,80.515949,16.0,80.0,80.0,MV INDIAN MARINER 39,IMO9001039,AT39,80,0,267,34,13.0,80,A
419001039,2026-09-08 01:20:00,9.821056,80.538052,16.0,80.0,80.0,MV INDIAN MARINER 39,IMO9001039,AT39,80,0,267,34,13.0,80,A
419001039,2026-09-08 01:25:00,9.824963,80.560256,16.0,80.0,80.0,MV INDIAN MARINER 39,IMO9001039,AT39,80,0,267,34,13.0,80,A
419001039,2026-09-08 01:30:00,9.828873,80.582363,16.0,80.0,80.0,MV INDIAN MARINER 39,IMO9001039,AT39,80,0,267,34,13.0,80,A
419001039,2026-09-08 01:35:00,9.83269,80.604625,16.0,80.0,80.0,MV INDIAN MARINER 39,IMO9001039,AT39,80,0,267,34,13.0,80,A
419001039,2026-09-08 01:40:00,9.836535,80.626932,16.0,80.0,80.0,MV INDIAN MARINER 39,IMO9001039,AT39,80,0,267,34,13.0,80,A
419001039,2026-09-08 01:45:00,9.840384,80.649125,16.0,80.0,80.0,MV INDIAN MARINER 39,IMO9001039,AT39,80,0,267,34,13.0,80,A
419001039,2026-09-08 01:50:00,9.844178,80.671149,16.0,80.0,80.0,MV INDIAN MARINER 39,IMO9001039,AT39,80,0,267,34,13.0,80,A
419001039,2026-09-08 01:55:00,9.848121,80.693435,16.0,80.0,80.0,MV INDIAN MARINER 39,IMO9001039,AT39,80,0,267,34,13.0,80,A
419001039,2026-09-08 02:00:00,9.85193,80.715617,16.0,80.0,80.0,MV INDIAN MARINER 39,IMO9001039,AT39,80,0,267,34,13.0,80,A
419001039,2026-09-08 02:05:00,9.855769,80.73788,16.0,80.0,80.0,MV INDIAN MARINER 39,IMO9001039,AT39,80,0,267,34,13.0,80,A
419001039,2026-09-08 02:10:00,9.859692,80.75999,16.0,80.0,80.0,MV INDIAN MARINER 39,IMO9001039,AT39,80,0,267,34,13.0,80,A
419001039,2026-09-08 02:15:00,9.863597,80.782255,16.0,80.0,80.0,MV INDIAN MARINER 39,IMO9001039,AT39,80,0,267,34,13.0,80,A
419001039,2026-09-08 02:20:00,9.86744,80.804356,16.0,80.0,80.0,MV INDIAN MARINER 39,IMO9001039,AT39,80,0,267,34,13.0,80,A
419001039,2026-09-08 02:25:00,9.871187,80.82668,16.0,80.0,80.0,MV INDIAN MARINER 39,IMO9001039,AT39,80,0,267,34,13.0,80,A
419001039,2026-09-08 02:30:00,9.875159,80.84876,16.0,80.0,80.0,MV INDIAN MARINER 39,IMO9001039,AT39,80,0,267,34,13.0,80,A
419001039,2026-09-08 02:35:00,9.878924,80.871055,16.0,80.0,80.0,MV INDIAN MARINER 39,IMO9001039,AT39,80,0,267,34,13.0,80,A
419001039,2026-09-08 02:40:00,9.882826,80.893278,16.0,80.0,80.0,MV INDIAN MARINER 39,IMO9001039,AT39,80,0,267,34,13.0,80,A
419001039,2026-09-08 02:45:00,9.886658,80.915428,16.0,80.0,80.0,MV INDIAN MARINER 39,IMO9001039,AT39,80,0,267,34,13.0,80,A
419001039,2026-09-08 02:50:00,9.890434,80.937625,16.0,80.0,80.0,MV INDIAN MARINER 39,IMO9001039,AT39,80,0,267,34,13.0,80,A
419001039,2026-09-08 02:55:00,9.894334,80.959868,16.0,80.0,80.0,MV INDIAN MARINER 39,IMO9001039,AT39,80,0,267,34,13.0,80,A
419001039,2026-09-08 03:00:00,9.898321,80.981938,16.0,80.0,80.0,MV INDIAN MARINER 39,IMO9001039,AT39,80,0,267,34,13.0,80,A
419001039,2026-09-08 03:05:00,9.902013,81.004226,16.0,80.0,80.0,MV INDIAN MARINER 39,IMO9001039,AT39,80,0,267,34,13.0,80,A
419001039,2026-09-08 03:10:00,9.905898,81.026398,16.0,80.0,80.0,MV INDIAN MARINER 39,IMO9001039,AT39,80,0,267,34,13.0,80,A
419001039,2026-09-08 03:15:00,9.909887,81.048542,16.0,80.0,80.0,MV INDIAN MARINER 39,IMO9001039,AT39,80,0,267,34,13.0,80,A
419001039,2026-09-08 03:20:00,9.91375,81.070846,16.0,80.0,80.0,MV INDIAN MARINER 39,IMO9001039,AT39,80,0,267,34,13.0,80,A
419001039,2026-09-08 03:25:00,9.917528,81.092933,16.0,80.0,80.0,MV INDIAN MARINER 39,IMO9001039,AT39,80,0,267,34,13.0,80,A
419001040,2026-09-07 17:30:00,19.906255,70.828827,17.0,142.0,142.0,MV INDIAN MARINER 40,IMO9001040,AT40,70,0,270,35,9.0,70,A
419001040,2026-09-07 17:35:00,19.887765,70.844207,17.0,142.0,142.0,MV INDIAN MARINER 40,IMO9001040,AT40,70,0,270,35,9.0,70,A
419001040,2026-09-07 17:40:00,19.869105,70.859565,17.0,142.0,142.0,MV INDIAN MARINER 40,IMO9001040,AT40,70,0,270,35,9.0,70,A
419001040,2026-09-07 17:45:00,19.850532,70.87485,17.0,142.0,142.0,MV INDIAN MARINER 40,IMO9001040,AT40,70,0,270,35,9.0,70,A
419001040,2026-09-07 17:50:00,19.831966,70.890248,17.0,142.0,142.0,MV INDIAN MARINER 40,IMO9001040,AT40,70,0,270,35,9.0,70,A
419001040,2026-09-07 17:55:00,19.813321,70.905501,17.0,142.0,142.0,MV INDIAN MARINER 40,IMO9001040,AT40,70,0,270,35,9.0,70,A
419001040,2026-09-07 18:00:00,19.794674,70.920839,17.0,142.0,142.0,MV INDIAN MARINER 40,IMO9001040,AT40,70,0,270,35,9.0,70,A
419001040,2026-09-07 18:05:00,19.776082,70.936219,17.0,142.0,142.0,MV INDIAN MARINER 40,IMO9001040,AT40,70,0,270,35,9.0,70,A
419001040,2026-09-07 18:10:00,19.757513,70.951668,17.0,142.0,142.0,MV INDIAN MARINER 40,IMO9001040,AT40,70,0,270,35,9.0,70,A
419001040,2026-09-07 18:15:00,19.738887,70.966912,17.0,142.0,142.0,MV INDIAN MARINER 40,IMO9001040,AT40,70,0,270,35,9.0,70,A
419001040,2026-09-07 18:20:00,19.720358,70.982263,17.0,142.0,142.0,MV INDIAN MARINER 40,IMO9001040,AT40,70,0,270,35,9.0,70,A
419001040,2026-09-07 18:25:00,19.701628,70.997677,17.0,142.0,142.0,MV INDIAN MARINER 40,IMO9001040,AT40,70,0,270,35,9.0,70,A
419001040,2026-09-07 18:30:00,19.683116,71.012986,17.0,142.0,142.0,MV INDIAN MARINER 40,IMO9001040,AT40,70,0,270,35,9.0,70,A
419001040,2026-09-07 18:35:00,19.664506,71.028283,17.0,142.0,142.0,MV INDIAN MARINER 40,IMO9001040,AT40,70,0,270,35,9.0,70,A
419001040,2026-09-07 18:40:00,19.645912,71.043819,17.0,142.0,142.0,MV INDIAN MARINER 40,IMO9001040,AT40,70,0,270,35,9.0,70,A
419001040,2026-09-07 18:45:00,19.627318,71.05917,17.0,142.0,142.0,MV INDIAN MARINER 40,IMO9001040,AT40,70,0,270,35,9.0,70,A
419001040,2026-09-07 18:50:00,19.608603,71.074395,17.0,142.0,142.0,MV INDIAN MARINER 40,IMO9001040,AT40,70,0,270,35,9.0,70,A
419001040,2026-09-07 18:55:00,19.590123,71.089781,17.0,142.0,142.0,MV INDIAN MARINER 40,IMO9001040,AT40,70,0,270,35,9.0,70,A
419001040,2026-09-07 19:00:00,19.571432,71.105081,17.0,142.0,142.0,MV INDIAN MARINER 40,IMO9001040,AT40,70,0,270,35,9.0,70,A
419001040,2026-09-07 19:05:00,19.552917,71.120556,17.0,142.0,142.0,MV INDIAN MARINER 40,IMO9001040,AT40,70,0,270,35,9.0,70,A
419001040,2026-09-07 19:10:00,19.534219,71.135913,17.0,142.0,142.0,MV INDIAN MARINER 40,IMO9001040,AT40,70,0,270,35,9.0,70,A
419001040,2026-09-07 19:15:00,19.515628,71.151262,17.0,142.0,142.0,MV INDIAN MARINER 40,IMO9001040,AT40,70,0,270,35,9.0,70,A
419001040,2026-09-07 19:20:00,19.497128,71.166608,17.0,142.0,142.0,MV INDIAN MARINER 40,IMO9001040,AT40,70,0,270,35,9.0,70,A
419001040,2026-09-07 19:25:00,19.47855,71.18189,17.0,142.0,142.0,MV INDIAN MARINER 40,IMO9001040,AT40,70,0,270,35,9.0,70,A
419001040,2026-09-07 19:30:00,19.459885,71.197265,17.0,142.0,142.0,MV INDIAN MARINER 40,IMO9001040,AT40,70,0,270,35,9.0,70,A
419001040,2026-09-07 19:35:00,19.441204,71.21268,17.0,142.0,142.0,MV INDIAN MARINER 40,IMO9001040,AT40,70,0,270,35,9.0,70,A
419001040,2026-09-07 19:40:00,19.42265,71.22805,17.0,142.0,142.0,MV INDIAN MARINER 40,IMO9001040,AT40,70,0,270,35,9.0,70,A
419001040,2026-09-07 19:45:00,19.404132,71.243306,17.0,142.0,142.0,MV INDIAN MARINER 40,IMO9001040,AT40,70,0,270,35,9.0,70,A
419001040,2026-09-07 19:50:00,19.385568,71.258679,17.0,142.0,142.0,MV INDIAN MARINER 40,IMO9001040,AT40,70,0,270,35,9.0,70,A
419001040,2026-09-07 19:55:00,19.366809,71.273911,17.0,142.0,142.0,MV INDIAN MARINER 40,IMO9001040,AT40,70,0,270,35,9.0,70,A
419001040,2026-09-07 20:00:00,19.348187,71.289305,17.0,142.0,142.0,MV INDIAN MARINER 40,IMO9001040,AT40,70,0,270,35,9.0,70,A
419001040,2026-09-07 20:05:00,19.32958,71.304704,17.0,142.0,142.0,MV INDIAN MARINER 40,IMO9001040,AT40,70,0,270,35,9.0,70,A
419001040,2026-09-07 20:10:00,19.310996,71.320045,17.0,142.0,142.0,MV INDIAN MARINER 40,IMO9001040,AT40,70,0,270,35,9.0,70,A
419001040,2026-09-07 20:15:00,19.292497,71.335409,17.0,142.0,142.0,MV INDIAN MARINER 40,IMO9001040,AT40,70,0,270,35,9.0,70,A
419001040,2026-09-07 20:20:00,19.273769,71.350799,17.0,142.0,142.0,MV INDIAN MARINER 40,IMO9001040,AT40,70,0,270,35,9.0,70,A
419001040,2026-09-07 20:25:00,19.255298,71.366193,17.0,142.0,142.0,MV INDIAN MARINER 40,IMO9001040,AT40,70,0,270,35,9.0,70,A
419001040,2026-09-07 20:30:00,19.236738,71.381487,17.0,142.0,142.0,MV INDIAN MARINER 40,IMO9001040,AT40,70,0,270,35,9.0,70,A
419001040,2026-09-07 20:35:00,19.218108,71.396871,17.0,142.0,142.0,MV INDIAN MARINER 40,IMO9001040,AT40,70,0,270,35,9.0,70,A
419001040,2026-09-07 20:40:00,19.199448,71.412136,17.0,142.0,142.0,MV INDIAN MARINER 40,IMO9001040,AT40,70,0,270,35,9.0,70,A
419001040,2026-09-07 20:45:00,19.180761,71.427535,17.0,142.0,142.0,MV INDIAN MARINER 40,IMO9001040,AT40,70,0,270,35,9.0,70,A
419001040,2026-09-07 20:50:00,19.162271,71.442938,17.0,142.0,142.0,MV INDIAN MARINER 40,IMO9001040,AT40,70,0,270,35,9.0,70,A
419001040,2026-09-07 20:55:00,19.143633,71.458223,17.0,142.0,142.0,MV INDIAN MARINER 40,IMO9001040,AT40,70,0,270,35,9.0,70,A
419001040,2026-09-07 21:00:00,19.125074,71.473598,17.0,142.0,142.0,MV INDIAN MARINER 40,IMO9001040,AT40,70,0,270,35,9.0,70,A
419001040,2026-09-07 21:05:00,19.106514,71.489021,17.0,142.0,142.0,MV INDIAN MARINER 40,IMO9001040,AT40,70,0,270,35,9.0,70,A
419001040,2026-09-07 21:10:00,19.087804,71.504232,17.0,142.0,142.0,MV INDIAN MARINER 40,IMO9001040,AT40,70,0,270,35,9.0,70,A
419001040,2026-09-07 21:15:00,19.069167,71.519621,17.0,142.0,142.0,MV INDIAN MARINER 40,IMO9001040,AT40,70,0,270,35,9.0,70,A
419001040,2026-09-07 21:20:00,19.050669,71.534929,17.0,142.0,142.0,MV INDIAN MARINER 40,IMO9001040,AT40,70,0,270,35,9.0,70,A
419001040,2026-09-07 21:25:00,19.031927,71.550402,17.0,142.0,142.0,MV INDIAN MARINER 40,IMO9001040,AT40,70,0,270,35,9.0,70,A
419001040,2026-09-07 21:30:00,19.013408,71.565766,17.0,142.0,142.0,MV INDIAN MARINER 40,IMO9001040,AT40,70,0,270,35,9.0,70,A
419001040,2026-09-07 21:35:00,18.99485,71.581063,17.0,142.0,142.0,MV INDIAN MARINER 40,IMO9001040,AT40,70,0,270,35,9.0,70,A
419001040,2026-09-07 21:40:00,18.976306,71.59649,17.0,142.0,142.0,MV INDIAN MARINER 40,IMO9001040,AT40,70,0,270,35,9.0,70,A
419001040,2026-09-07 21:45:00,18.957545,71.611666,17.0,142.0,142.0,MV INDIAN MARINER 40,IMO9001040,AT40,70,0,270,35,9.0,70,A
419001040,2026-09-07 21:50:00,18.938917,71.627157,17.0,142.0,142.0,MV INDIAN MARINER 40,IMO9001040,AT40,70,0,270,35,9.0,70,A
419001040,2026-09-07 21:55:00,18.920388,71.642473,17.0,142.0,142.0,MV INDIAN MARINER 40,IMO9001040,AT40,70,0,270,35,9.0,70,A
419001040,2026-09-07 22:00:00,18.901805,71.657732,17.0,142.0,142.0,MV INDIAN MARINER 40,IMO9001040,AT40,70,0,270,35,9.0,70,A
419001040,2026-09-07 22:05:00,18.883224,71.673134,17.0,142.0,142.0,MV INDIAN MARINER 40,IMO9001040,AT40,70,0,270,35,9.0,70,A
419001040,2026-09-07 22:10:00,18.864593,71.68849,17.0,142.0,142.0,MV INDIAN MARINER 40,IMO9001040,AT40,70,0,270,35,9.0,70,A
419001040,2026-09-07 22:15:00,18.846003,71.703894,17.0,142.0,142.0,MV INDIAN MARINER 40,IMO9001040,AT40,70,0,270,35,9.0,70,A
419001040,2026-09-07 22:20:00,18.82747,71.71918,17.0,142.0,142.0,MV INDIAN MARINER 40,IMO9001040,AT40,70,0,270,35,9.0,70,A
419001040,2026-09-07 22:25:00,18.808794,71.734585,17.0,142.0,142.0,MV INDIAN MARINER 40,IMO9001040,AT40,70,0,270,35,9.0,70,A
419001040,2026-09-07 22:30:00,18.790269,71.749966,17.0,142.0,142.0,MV INDIAN MARINER 40,IMO9001040,AT40,70,0,270,35,9.0,70,A
419001040,2026-09-07 22:35:00,18.771655,71.765315,17.0,142.0,142.0,MV INDIAN MARINER 40,IMO9001040,AT40,70,0,270,35,9.0,70,A
419001040,2026-09-07 22:40:00,18.753045,71.78065,17.0,142.0,142.0,MV INDIAN MARINER 40,IMO9001040,AT40,70,0,270,35,9.0,70,A
419001040,2026-09-07 22:45:00,18.734376,71.795877,17.0,142.0,142.0,MV INDIAN MARINER 40,IMO9001040,AT40,70,0,270,35,9.0,70,A
419001040,2026-09-07 22:50:00,18.71586,71.8113,17.0,142.0,142.0,MV INDIAN MARINER 40,IMO9001040,AT40,70,0,270,35,9.0,70,A
419001040,2026-09-07 22:55:00,18.697127,71.826634,17.0,142.0,142.0,MV INDIAN MARINER 40,IMO9001040,AT40,70,0,270,35,9.0,70,A
419001040,2026-09-07 23:00:00,18.678551,71.841951,17.0,142.0,142.0,MV INDIAN MARINER 40,IMO9001040,AT40,70,0,270,35,9.0,70,A
419001040,2026-09-07 23:05:00,18.659914,71.857366,17.0,142.0,142.0,MV INDIAN MARINER 40,IMO9001040,AT40,70,0,270,35,9.0,70,A
419001040,2026-09-07 23:10:00,18.641342,71.872653,17.0,142.0,142.0,MV INDIAN MARINER 40,IMO9001040,AT40,70,0,270,35,9.0,70,A
419001040,2026-09-07 23:15:00,18.622714,71.887993,17.0,142.0,142.0,MV INDIAN MARINER 40,IMO9001040,AT40,70,0,270,35,9.0,70,A
419001040,2026-09-07 23:20:00,18.604118,71.903509,17.0,142.0,142.0,MV INDIAN MARINER 40,IMO9001040,AT40,70,0,270,35,9.0,70,A
419001040,2026-09-07 23:25:00,18.585486,71.91879,17.0,142.0,142.0,MV INDIAN MARINER 40,IMO9001040,AT40,70,0,270,35,9.0,70,A
419001040,2026-09-07 23:30:00,18.566957,71.934159,17.0,142.0,142.0,MV INDIAN MARINER 40,IMO9001040,AT40,70,0,270,35,9.0,70,A
419001040,2026-09-07 23:35:00,18.54837,71.949597,17.0,142.0,142.0,MV INDIAN MARINER 40,IMO9001040,AT40,70,0,270,35,9.0,70,A
419001040,2026-09-07 23:40:00,18.529794,71.964767,17.0,142.0,142.0,MV INDIAN MARINER 40,IMO9001040,AT40,70,0,270,35,9.0,70,A
419001040,2026-09-07 23:45:00,18.511083,71.980214,17.0,142.0,142.0,MV INDIAN MARINER 40,IMO9001040,AT40,70,0,270,35,9.0,70,A
419001040,2026-09-07 23:50:00,18.492586,71.995618,17.0,142.0,142.0,MV INDIAN MARINER 40,IMO9001040,AT40,70,0,270,35,9.0,70,A
419001040,2026-09-07 23:55:00,18.473967,72.010978,17.0,142.0,142.0,MV INDIAN MARINER 40,IMO9001040,AT40,70,0,270,35,9.0,70,A
419001040,2026-09-08 00:00:00,18.455258,72.026271,17.0,142.0,142.0,MV INDIAN MARINER 40,IMO9001040,AT40,70,0,270,35,9.0,70,A
419001040,2026-09-08 00:05:00,18.436753,72.041564,17.0,142.0,142.0,MV INDIAN MARINER 40,IMO9001040,AT40,70,0,270,35,9.0,70,A
419001040,2026-09-08 00:10:00,18.418193,72.057061,17.0,142.0,142.0,MV INDIAN MARINER 40,IMO9001040,AT40,70,0,270,35,9.0,70,A
419001040,2026-09-08 00:15:00,18.399523,72.07234,17.0,142.0,142.0,MV INDIAN MARINER 40,IMO9001040,AT40,70,0,270,35,9.0,70,A
419001040,2026-09-08 00:20:00,18.380904,72.08767,17.0,142.0,142.0,MV INDIAN MARINER 40,IMO9001040,AT40,70,0,270,35,9.0,70,A
419001040,2026-09-08 00:25:00,18.362404,72.102984,17.0,142.0,142.0,MV INDIAN MARINER 40,IMO9001040,AT40,70,0,270,35,9.0,70,A
419001040,2026-09-08 00:30:00,18.343794,72.118462,17.0,142.0,142.0,MV INDIAN MARINER 40,IMO9001040,AT40,70,0,270,35,9.0,70,A
419001040,2026-09-08 00:35:00,18.325052,72.133748,17.0,142.0,142.0,MV INDIAN MARINER 40,IMO9001040,AT40,70,0,270,35,9.0,70,A
419001040,2026-09-08 00:40:00,18.306528,72.149034,17.0,142.0,142.0,MV INDIAN MARINER 40,IMO9001040,AT40,70,0,270,35,9.0,70,A
419001040,2026-09-08 00:45:00,18.287921,72.164353,17.0,142.0,142.0,MV INDIAN MARINER 40,IMO9001040,AT40,70,0,270,35,9.0,70,A
419001040,2026-09-08 00:50:00,18.269239,72.179726,17.0,142.0,142.0,MV INDIAN MARINER 40,IMO9001040,AT40,70,0,270,35,9.0,70,A
419001040,2026-09-08 00:55:00,18.250803,72.195068,17.0,142.0,142.0,MV INDIAN MARINER 40,IMO9001040,AT40,70,0,270,35,9.0,70,A
419001040,2026-09-08 01:00:00,18.232163,72.210511,17.0,142.0,142.0,MV INDIAN MARINER 40,IMO9001040,AT40,70,0,270,35,9.0,70,A
419001040,2026-09-08 01:05:00,18.213492,72.225803,17.0,142.0,142.0,MV INDIAN MARINER 40,IMO9001040,AT40,70,0,270,35,9.0,70,A
419001040,2026-09-08 01:10:00,18.194959,72.241201,17.0,142.0,142.0,MV INDIAN MARINER 40,IMO9001040,AT40,70,0,270,35,9.0,70,A
419001040,2026-09-08 01:15:00,18.176259,72.256523,17.0,142.0,142.0,MV INDIAN MARINER 40,IMO9001040,AT40,70,0,270,35,9.0,70,A
419001040,2026-09-08 01:20:00,18.157669,72.271905,17.0,142.0,142.0,MV INDIAN MARINER 40,IMO9001040,AT40,70,0,270,35,9.0,70,A
419001040,2026-09-08 01:25:00,18.139031,72.287334,17.0,142.0,142.0,MV INDIAN MARINER 40,IMO9001040,AT40,70,0,270,35,9.0,70,A
419001040,2026-09-08 01:30:00,18.120576,72.302574,17.0,142.0,142.0,MV INDIAN MARINER 40,IMO9001040,AT40,70,0,270,35,9.0,70,A
419001040,2026-09-08 01:35:00,18.101821,72.317946,17.0,142.0,142.0,MV INDIAN MARINER 40,IMO9001040,AT40,70,0,270,35,9.0,70,A
419001040,2026-09-08 01:40:00,18.083348,72.333344,17.0,142.0,142.0,MV INDIAN MARINER 40,IMO9001040,AT40,70,0,270,35,9.0,70,A
419001040,2026-09-08 01:45:00,18.06461,72.348677,17.0,142.0,142.0,MV INDIAN MARINER 40,IMO9001040,AT40,70,0,270,35,9.0,70,A
419001040,2026-09-08 01:50:00,18.046153,72.364056,17.0,142.0,142.0,MV INDIAN MARINER 40,IMO9001040,AT40,70,0,270,35,9.0,70,A
419001040,2026-09-08 01:55:00,18.027433,72.379443,17.0,142.0,142.0,MV INDIAN MARINER 40,IMO9001040,AT40,70,0,270,35,9.0,70,A
419001040,2026-09-08 02:00:00,18.008821,72.394729,17.0,142.0,142.0,MV INDIAN MARINER 40,IMO9001040,AT40,70,0,270,35,9.0,70,A
419001040,2026-09-08 02:05:00,17.990282,72.410122,17.0,142.0,142.0,MV INDIAN MARINER 40,IMO9001040,AT40,70,0,270,35,9.0,70,A
419001040,2026-09-08 02:10:00,17.971697,72.425347,17.0,142.0,142.0,MV INDIAN MARINER 40,IMO9001040,AT40,70,0,270,35,9.0,70,A
419001040,2026-09-08 02:15:00,17.953018,72.44067,17.0,142.0,142.0,MV INDIAN MARINER 40,IMO9001040,AT40,70,0,270,35,9.0,70,A
419001040,2026-09-08 02:20:00,17.93452,72.456028,17.0,142.0,142.0,MV INDIAN MARINER 40,IMO9001040,AT40,70,0,270,35,9.0,70,A
419001040,2026-09-08 02:25:00,17.915926,72.471401,17.0,142.0,142.0,MV INDIAN MARINER 40,IMO9001040,AT40,70,0,270,35,9.0,70,A
419001040,2026-09-08 02:30:00,17.897196,72.486812,17.0,142.0,142.0,MV INDIAN MARINER 40,IMO9001040,AT40,70,0,270,35,9.0,70,A
419001040,2026-09-08 02:35:00,17.878763,72.50219,17.0,142.0,142.0,MV INDIAN MARINER 40,IMO9001040,AT40,70,0,270,35,9.0,70,A
419001040,2026-09-08 02:40:00,17.860105,72.517549,17.0,142.0,142.0,MV INDIAN MARINER 40,IMO9001040,AT40,70,0,270,35,9.0,70,A
419001040,2026-09-08 02:45:00,17.841464,72.532965,17.0,142.0,142.0,MV INDIAN MARINER 40,IMO9001040,AT40,70,0,270,35,9.0,70,A
419001040,2026-09-08 02:50:00,17.822862,72.548264,17.0,142.0,142.0,MV INDIAN MARINER 40,IMO9001040,AT40,70,0,270,35,9.0,70,A
419001040,2026-09-08 02:55:00,17.804263,72.563531,17.0,142.0,142.0,MV INDIAN MARINER 40,IMO9001040,AT40,70,0,270,35,9.0,70,A
419001040,2026-09-08 03:00:00,17.785675,72.578932,17.0,142.0,142.0,MV INDIAN MARINER 40,IMO9001040,AT40,70,0,270,35,9.0,70,A
419001040,2026-09-08 03:05:00,17.767119,72.594311,17.0,142.0,142.0,MV INDIAN MARINER 40,IMO9001040,AT40,70,0,270,35,9.0,70,A
419001040,2026-09-08 03:10:00,17.748429,72.60962,17.0,142.0,142.0,MV INDIAN MARINER 40,IMO9001040,AT40,70,0,270,35,9.0,70,A
419001040,2026-09-08 03:15:00,17.729901,72.624935,17.0,142.0,142.0,MV INDIAN MARINER 40,IMO9001040,AT40,70,0,270,35,9.0,70,A
419001040,2026-09-08 03:20:00,17.711278,72.64036,17.0,142.0,142.0,MV INDIAN MARINER 40,IMO9001040,AT40,70,0,270,35,9.0,70,A
419001040,2026-09-08 03:25:00,17.692662,72.655765,17.0,142.0,142.0,MV INDIAN MARINER 40,IMO9001040,AT40,70,0,270,35,9.0,70,A
419001041,2026-09-07 17:30:00,22.771982,67.336525,18.0,115.0,115.0,MV INDIAN MARINER 41,IMO9001041,AT41,30,0,273,36,10.0,30,B
419001041,2026-09-07 17:35:00,22.761533,67.360961,18.0,115.0,115.0,MV INDIAN MARINER 41,IMO9001041,AT41,30,0,273,36,10.0,30,B
419001041,2026-09-07 17:40:00,22.750892,67.385398,18.0,115.0,115.0,MV INDIAN MARINER 41,IMO9001041,AT41,30,0,273,36,10.0,30,B
419001041,2026-09-07 17:45:00,22.740289,67.409965,18.0,115.0,115.0,MV INDIAN MARINER 41,IMO9001041,AT41,30,0,273,36,10.0,30,B
419001041,2026-09-07 17:50:00,22.729697,67.434289,18.0,115.0,115.0,MV INDIAN MARINER 41,IMO9001041,AT41,30,0,273,36,10.0,30,B
419001041,2026-09-07 17:55:00,22.719227,67.458803,18.0,115.0,115.0,MV INDIAN MARINER 41,IMO9001041,AT41,30,0,273,36,10.0,30,B
419001041,2026-09-07 18:00:00,22.708564,67.483216,18.0,115.0,115.0,MV INDIAN MARINER 41,IMO9001041,AT41,30,0,273,36,10.0,30,B
419001041,2026-09-07 18:05:00,22.697973,67.507796,18.0,115.0,115.0,MV INDIAN MARINER 41,IMO9001041,AT41,30,0,273,36,10.0,30,B
419001041,2026-09-07 18:10:00,22.687448,67.532253,18.0,115.0,115.0,MV INDIAN MARINER 41,IMO9001041,AT41,30,0,273,36,10.0,30,B
419001041,2026-09-07 18:15:00,22.676958,67.556611,18.0,115.0,115.0,MV INDIAN MARINER 41,IMO9001041,AT41,30,0,273,36,10.0,30,B
419001041,2026-09-07 18:20:00,22.666329,67.581197,18.0,115.0,115.0,MV INDIAN MARINER 41,IMO9001041,AT41,30,0,273,36,10.0,30,B
419001041,2026-09-07 18:25:00,22.655851,67.605499,18.0,115.0,115.0,MV INDIAN MARINER 41,IMO9001041,AT41,30,0,273,36,10.0,30,B
419001041,2026-09-07 18:30:00,22.645205,67.629962,18.0,115.0,115.0,MV INDIAN MARINER 41,IMO9001041,AT41,30,0,273,36,10.0,30,B
419001041,2026-09-07 18:35:00,22.634775,67.65451,18.0,115.0,115.0,MV INDIAN MARINER 41,IMO9001041,AT41,30,0,273,36,10.0,30,B
419001041,2026-09-07 18:40:00,22.624152,67.678861,18.0,115.0,115.0,MV INDIAN MARINER 41,IMO9001041,AT41,30,0,273,36,10.0,30,B
419001041,2026-09-07 18:45:00,22.613554,67.703374,18.0,115.0,115.0,MV INDIAN MARINER 41,IMO9001041,AT41,30,0,273,36,10.0,30,B
419001041,2026-09-07 18:50:00,22.602896,67.727897,18.0,115.0,115.0,MV INDIAN MARINER 41,IMO9001041,AT41,30,0,273,36,10.0,30,B
419001041,2026-09-07 18:55:00,22.59251,67.752346,18.0,115.0,115.0,MV INDIAN MARINER 41,IMO9001041,AT41,30,0,273,36,10.0,30,B
419001041,2026-09-07 19:00:00,22.581872,67.776836,18.0,115.0,115.0,MV INDIAN MARINER 41,IMO9001041,AT41,30,0,273,36,10.0,30,B
419001041,2026-09-07 19:05:00,22.571345,67.801305,18.0,115.0,115.0,MV INDIAN MARINER 41,IMO9001041,AT41,30,0,273,36,10.0,30,B
419001041,2026-09-07 19:10:00,22.560809,67.825596,18.0,115.0,115.0,MV INDIAN MARINER 41,IMO9001041,AT41,30,0,273,36,10.0,30,B
419001041,2026-09-07 19:15:00,22.550077,67.850179,18.0,115.0,115.0,MV INDIAN MARINER 41,IMO9001041,AT41,30,0,273,36,10.0,30,B
419001041,2026-09-07 19:20:00,22.539611,67.874681,18.0,115.0,115.0,MV INDIAN MARINER 41,IMO9001041,AT41,30,0,273,36,10.0,30,B
419001041,2026-09-07 19:25:00,22.529058,67.899089,18.0,115.0,115.0,MV INDIAN MARINER 41,IMO9001041,AT41,30,0,273,36,10.0,30,B
419001041,2026-09-07 19:30:00,22.518383,67.923486,18.0,115.0,115.0,MV INDIAN MARINER 41,IMO9001041,AT41,30,0,273,36,10.0,30,B
419001041,2026-09-07 19:35:00,22.507835,67.947863,18.0,115.0,115.0,MV INDIAN MARINER 41,IMO9001041,AT41,30,0,273,36,10.0,30,B
419001041,2026-09-07 19:40:00,22.497393,67.972482,18.0,115.0,115.0,MV INDIAN MARINER 41,IMO9001041,AT41,30,0,273,36,10.0,30,B
419001041,2026-09-07 19:45:00,22.486735,67.996863,18.0,115.0,115.0,MV INDIAN MARINER 41,IMO9001041,AT41,30,0,273,36,10.0,30,B
419001041,2026-09-07 19:50:00,22.476316,68.021237,18.0,115.0,115.0,MV INDIAN MARINER 41,IMO9001041,AT41,30,0,273,36,10.0,30,B
419001041,2026-09-07 19:55:00,22.465599,68.04576,18.0,115.0,115.0,MV INDIAN MARINER 41,IMO9001041,AT41,30,0,273,36,10.0,30,B
419001041,2026-09-07 20:00:00,22.455097,68.070319,18.0,115.0,115.0,MV INDIAN MARINER 41,IMO9001041,AT41,30,0,273,36,10.0,30,B
419001041,2026-09-07 20:05:00,22.444588,68.094643,18.0,115.0,115.0,MV INDIAN MARINER 41,IMO9001041,AT41,30,0,273,36,10.0,30,B
419001041,2026-09-07 20:10:00,22.434055,68.119077,18.0,115.0,115.0,MV INDIAN MARINER 41,IMO9001041,AT41,30,0,273,36,10.0,30,B
419001041,2026-09-07 20:15:00,22.423347,68.143612,18.0,115.0,115.0,MV INDIAN MARINER 41,IMO9001041,AT41,30,0,273,36,10.0,30,B
419001041,2026-09-07 20:20:00,22.412913,68.168033,18.0,115.0,115.0,MV INDIAN MARINER 41,IMO9001041,AT41,30,0,273,36,10.0,30,B
419001041,2026-09-07 20:25:00,22.402213,68.192446,18.0,115.0,115.0,MV INDIAN MARINER 41,IMO9001041,AT41,30,0,273,36,10.0,30,B
419001041,2026-09-07 20:30:00,22.391628,68.217068,18.0,115.0,115.0,MV INDIAN MARINER 41,IMO9001041,AT41,30,0,273,36,10.0,30,B
419001041,2026-09-07 20:35:00,22.381174,68.241516,18.0,115.0,115.0,MV INDIAN MARINER 41,IMO9001041,AT41,30,0,273,36,10.0,30,B
419001041,2026-09-07 20:40:00,22.370676,68.265849,18.0,115.0,115.0,MV INDIAN MARINER 41,IMO9001041,AT41,30,0,273,36,10.0,30,B
419001041,2026-09-07 20:45:00,22.360089,68.290341,18.0,115.0,115.0,MV INDIAN MARINER 41,IMO9001041,AT41,30,0,273,36,10.0,30,B
419001041,2026-09-07 20:50:00,22.349528,68.314865,18.0,115.0,115.0,MV INDIAN MARINER 41,IMO9001041,AT41,30,0,273,36,10.0,30,B
419001041,2026-09-07 20:55:00,22.338955,68.339343,18.0,115.0,115.0,MV INDIAN MARINER 41,IMO9001041,AT41,30,0,273,36,10.0,30,B
419001041,2026-09-07 21:00:00,22.328272,68.363638,18.0,115.0,115.0,MV INDIAN MARINER 41,IMO9001041,AT41,30,0,273,36,10.0,30,B
419001041,2026-09-07 21:05:00,22.317725,68.388096,18.0,115.0,115.0,MV INDIAN MARINER 41,IMO9001041,AT41,30,0,273,36,10.0,30,B
419001041,2026-09-07 21:10:00,22.307168,68.41271,18.0,115.0,115.0,MV INDIAN MARINER 41,IMO9001041,AT41,30,0,273,36,10.0,30,B
419001041,2026-09-07 21:15:00,22.296738,68.437,18.0,115.0,115.0,MV INDIAN MARINER 41,IMO9001041,AT41,30,0,273,36,10.0,30,B
419001041,2026-09-07 21:20:00,22.286179,68.461516,18.0,115.0,115.0,MV INDIAN MARINER 41,IMO9001041,AT41,30,0,273,36,10.0,30,B
419001041,2026-09-07 21:25:00,22.275508,68.485997,18.0,115.0,115.0,MV INDIAN MARINER 41,IMO9001041,AT41,30,0,273,36,10.0,30,B
419001041,2026-09-07 21:30:00,22.264859,68.510382,18.0,115.0,115.0,MV INDIAN MARINER 41,IMO9001041,AT41,30,0,273,36,10.0,30,B
419001041,2026-09-07 21:35:00,22.254307,68.534871,18.0,115.0,115.0,MV INDIAN MARINER 41,IMO9001041,AT41,30,0,273,36,10.0,30,B
419001041,2026-09-07 21:40:00,22.243927,68.559318,18.0,115.0,115.0,MV INDIAN MARINER 41,IMO9001041,AT41,30,0,273,36,10.0,30,B
419001041,2026-09-07 21:45:00,22.233278,68.583892,18.0,115.0,115.0,MV INDIAN MARINER 41,IMO9001041,AT41,30,0,273,36,10.0,30,B
419001041,2026-09-07 21:50:00,22.222736,68.608323,18.0,115.0,115.0,MV INDIAN MARINER 41,IMO9001041,AT41,30,0,273,36,10.0,30,B
419001041,2026-09-07 21:55:00,22.21223,68.632727,18.0,115.0,115.0,MV INDIAN MARINER 41,IMO9001041,AT41,30,0,273,36,10.0,30,B
419001041,2026-09-07 22:00:00,22.201591,68.657283,18.0,115.0,115.0,MV INDIAN MARINER 41,IMO9001041,AT41,30,0,273,36,10.0,30,B
419001041,2026-09-07 22:05:00,22.191086,68.681612,18.0,115.0,115.0,MV INDIAN MARINER 41,IMO9001041,AT41,30,0,273,36,10.0,30,B
419001041,2026-09-07 22:10:00,22.180363,68.706069,18.0,115.0,115.0,MV INDIAN MARINER 41,IMO9001041,AT41,30,0,273,36,10.0,30,B
419001041,2026-09-07 22:15:00,22.169788,68.730572,18.0,115.0,115.0,MV INDIAN MARINER 41,IMO9001041,AT41,30,0,273,36,10.0,30,B
419001041,2026-09-07 22:20:00,22.159392,68.75508,18.0,115.0,115.0,MV INDIAN MARINER 41,IMO9001041,AT41,30,0,273,36,10.0,30,B
419001041,2026-09-07 22:25:00,22.148703,68.779561,18.0,115.0,115.0,MV INDIAN MARINER 41,IMO9001041,AT41,30,0,273,36,10.0,30,B
419001041,2026-09-07 22:30:00,22.13823,68.804019,18.0,115.0,115.0,MV INDIAN MARINER 41,IMO9001041,AT41,30,0,273,36,10.0,30,B
419001041,2026-09-07 22:35:00,22.127669,68.828395,18.0,115.0,115.0,MV INDIAN MARINER 41,IMO9001041,AT41,30,0,273,36,10.0,30,B
419001041,2026-09-07 22:40:00,22.117111,68.852941,18.0,115.0,115.0,MV INDIAN MARINER 41,IMO9001041,AT41,30,0,273,36,10.0,30,B
419001041,2026-09-07 22:45:00,22.106407,68.877393,18.0,115.0,115.0,MV INDIAN MARINER 41,IMO9001041,AT41,30,0,273,36,10.0,30,B
419001041,2026-09-07 22:50:00,22.095882,68.901685,18.0,115.0,115.0,MV INDIAN MARINER 41,IMO9001041,AT41,30,0,273,36,10.0,30,B
419001041,2026-09-07 22:55:00,22.085391,68.926295,18.0,115.0,115.0,MV INDIAN MARINER 41,IMO9001041,AT41,30,0,273,36,10.0,30,B
419001041,2026-09-07 23:00:00,22.074715,68.95059,18.0,115.0,115.0,MV INDIAN MARINER 41,IMO9001041,AT41,30,0,273,36,10.0,30,B
419001041,2026-09-07 23:05:00,22.064254,68.975147,18.0,115.0,115.0,MV INDIAN MARINER 41,IMO9001041,AT41,30,0,273,36,10.0,30,B
419001041,2026-09-07 23:10:00,22.05378,68.999541,18.0,115.0,115.0,MV INDIAN MARINER 41,IMO9001041,AT41,30,0,273,36,10.0,30,B
419001041,2026-09-07 23:15:00,22.0431,69.024132,18.0,115.0,115.0,MV INDIAN MARINER 41,IMO9001041,AT41,30,0,273,36,10.0,30,B
419001041,2026-09-07 23:20:00,22.032588,69.048502,18.0,115.0,115.0,MV INDIAN MARINER 41,IMO9001041,AT41,30,0,273,36,10.0,30,B
419001041,2026-09-07 23:25:00,22.022077,69.073032,18.0,115.0,115.0,MV INDIAN MARINER 41,IMO9001041,AT41,30,0,273,36,10.0,30,B
419001041,2026-09-07 23:30:00,22.011517,69.097378,18.0,115.0,115.0,MV INDIAN MARINER 41,IMO9001041,AT41,30,0,273,36,10.0,30,B
419001041,2026-09-07 23:35:00,22.000772,69.121882,18.0,115.0,115.0,MV INDIAN MARINER 41,IMO9001041,AT41,30,0,273,36,10.0,30,B
419001041,2026-09-07 23:40:00,21.990353,69.146302,18.0,115.0,115.0,MV INDIAN MARINER 41,IMO9001041,AT41,30,0,273,36,10.0,30,B
419001041,2026-09-07 23:45:00,21.979653,69.170764,18.0,115.0,115.0,MV INDIAN MARINER 41,IMO9001041,AT41,30,0,273,36,10.0,30,B
419001041,2026-09-07 23:50:00,21.969226,69.195282,18.0,115.0,115.0,MV INDIAN MARINER 41,IMO9001041,AT41,30,0,273,36,10.0,30,B
419001041,2026-09-07 23:55:00,21.958703,69.219646,18.0,115.0,115.0,MV INDIAN MARINER 41,IMO9001041,AT41,30,0,273,36,10.0,30,B
419001041,2026-09-08 00:00:00,21.94795,69.244232,18.0,115.0,115.0,MV INDIAN MARINER 41,IMO9001041,AT41,30,0,273,36,10.0,30,B
419001041,2026-09-08 00:05:00,21.93758,69.268535,18.0,115.0,115.0,MV INDIAN MARINER 41,IMO9001041,AT41,30,0,273,36,10.0,30,B
419001041,2026-09-08 00:10:00,21.926998,69.293005,18.0,115.0,115.0,MV INDIAN MARINER 41,IMO9001041,AT41,30,0,273,36,10.0,30,B
419001041,2026-09-08 00:15:00,21.916357,69.317625,18.0,115.0,115.0,MV INDIAN MARINER 41,IMO9001041,AT41,30,0,273,36,10.0,30,B
419001041,2026-09-08 00:20:00,21.905697,69.342064,18.0,115.0,115.0,MV INDIAN MARINER 41,IMO9001041,AT41,30,0,273,36,10.0,30,B
419001041,2026-09-08 00:25:00,21.895256,69.366535,18.0,115.0,115.0,MV INDIAN MARINER 41,IMO9001041,AT41,30,0,273,36,10.0,30,B
419001041,2026-09-08 00:30:00,21.8846,69.390798,18.0,115.0,115.0,MV INDIAN MARINER 41,IMO9001041,AT41,30,0,273,36,10.0,30,B
419001041,2026-09-08 00:35:00,21.874093,69.415278,18.0,115.0,115.0,MV INDIAN MARINER 41,IMO9001041,AT41,30,0,273,36,10.0,30,B
419001041,2026-09-08 00:40:00,21.863579,69.439839,18.0,115.0,115.0,MV INDIAN MARINER 41,IMO9001041,AT41,30,0,273,36,10.0,30,B
419001041,2026-09-08 00:45:00,21.852983,69.464186,18.0,115.0,115.0,MV INDIAN MARINER 41,IMO9001041,AT41,30,0,273,36,10.0,30,B
419001041,2026-09-08 00:50:00,21.842448,69.48881,18.0,115.0,115.0,MV INDIAN MARINER 41,IMO9001041,AT41,30,0,273,36,10.0,30,B
419001041,2026-09-08 00:55:00,21.831786,69.513125,18.0,115.0,115.0,MV INDIAN MARINER 41,IMO9001041,AT41,30,0,273,36,10.0,30,B
419001041,2026-09-08 01:00:00,21.821201,69.537683,18.0,115.0,115.0,MV INDIAN MARINER 41,IMO9001041,AT41,30,0,273,36,10.0,30,B
419001041,2026-09-08 01:05:00,21.810688,69.562118,18.0,115.0,115.0,MV INDIAN MARINER 41,IMO9001041,AT41,30,0,273,36,10.0,30,B
419001041,2026-09-08 01:10:00,21.800094,69.586562,18.0,115.0,115.0,MV INDIAN MARINER 41,IMO9001041,AT41,30,0,273,36,10.0,30,B
419001041,2026-09-08 01:15:00,21.789596,69.610939,18.0,115.0,115.0,MV INDIAN MARINER 41,IMO9001041,AT41,30,0,273,36,10.0,30,B
419001041,2026-09-08 01:20:00,21.778945,69.635483,18.0,115.0,115.0,MV INDIAN MARINER 41,IMO9001041,AT41,30,0,273,36,10.0,30,B
419001041,2026-09-08 01:25:00,21.76844,69.659984,18.0,115.0,115.0,MV INDIAN MARINER 41,IMO9001041,AT41,30,0,273,36,10.0,30,B
419001041,2026-09-08 01:30:00,21.757829,69.684363,18.0,115.0,115.0,MV INDIAN MARINER 41,IMO9001041,AT41,30,0,273,36,10.0,30,B
419001041,2026-09-08 01:35:00,21.747427,69.708774,18.0,115.0,115.0,MV INDIAN MARINER 41,IMO9001041,AT41,30,0,273,36,10.0,30,B
419001041,2026-09-08 01:40:00,21.736817,69.73331,18.0,115.0,115.0,MV INDIAN MARINER 41,IMO9001041,AT41,30,0,273,36,10.0,30,B
419001041,2026-09-08 01:45:00,21.72617,69.757663,18.0,115.0,115.0,MV INDIAN MARINER 41,IMO9001041,AT41,30,0,273,36,10.0,30,B
419001041,2026-09-08 01:50:00,21.715614,69.782268,18.0,115.0,115.0,MV INDIAN MARINER 41,IMO9001041,AT41,30,0,273,36,10.0,30,B
419001041,2026-09-08 01:55:00,21.705063,69.806574,18.0,115.0,115.0,MV INDIAN MARINER 41,IMO9001041,AT41,30,0,273,36,10.0,30,B
419001041,2026-09-08 02:00:00,21.694438,69.831082,18.0,115.0,115.0,MV INDIAN MARINER 41,IMO9001041,AT41,30,0,273,36,10.0,30,B
419001041,2026-09-08 02:05:00,21.68387,69.855601,18.0,115.0,115.0,MV INDIAN MARINER 41,IMO9001041,AT41,30,0,273,36,10.0,30,B
419001041,2026-09-08 02:10:00,21.673465,69.880121,18.0,115.0,115.0,MV INDIAN MARINER 41,IMO9001041,AT41,30,0,273,36,10.0,30,B
419001041,2026-09-08 02:15:00,21.662857,69.904398,18.0,115.0,115.0,MV INDIAN MARINER 41,IMO9001041,AT41,30,0,273,36,10.0,30,B
419001041,2026-09-08 02:20:00,21.65231,69.928895,18.0,115.0,115.0,MV INDIAN MARINER 41,IMO9001041,AT41,30,0,273,36,10.0,30,B
419001041,2026-09-08 02:25:00,21.641666,69.953485,18.0,115.0,115.0,MV INDIAN MARINER 41,IMO9001041,AT41,30,0,273,36,10.0,30,B
419001041,2026-09-08 02:30:00,21.631229,69.977877,18.0,115.0,115.0,MV INDIAN MARINER 41,IMO9001041,AT41,30,0,273,36,10.0,30,B
419001041,2026-09-08 02:35:00,21.620591,70.002235,18.0,115.0,115.0,MV INDIAN MARINER 41,IMO9001041,AT41,30,0,273,36,10.0,30,B
419001041,2026-09-08 02:40:00,21.610107,70.026692,18.0,115.0,115.0,MV INDIAN MARINER 41,IMO9001041,AT41,30,0,273,36,10.0,30,B
419001041,2026-09-08 02:45:00,21.599365,70.05127,18.0,115.0,115.0,MV INDIAN MARINER 41,IMO9001041,AT41,30,0,273,36,10.0,30,B
419001041,2026-09-08 02:50:00,21.588893,70.07576,18.0,115.0,115.0,MV INDIAN MARINER 41,IMO9001041,AT41,30,0,273,36,10.0,30,B
419001041,2026-09-08 02:55:00,21.578375,70.100178,18.0,115.0,115.0,MV INDIAN MARINER 41,IMO9001041,AT41,30,0,273,36,10.0,30,B
419001041,2026-09-08 03:00:00,21.567756,70.124539,18.0,115.0,115.0,MV INDIAN MARINER 41,IMO9001041,AT41,30,0,273,36,10.0,30,B
419001041,2026-09-08 03:05:00,21.557241,70.149054,18.0,115.0,115.0,MV INDIAN MARINER 41,IMO9001041,AT41,30,0,273,36,10.0,30,B
419001041,2026-09-08 03:10:00,21.546593,70.173525,18.0,115.0,115.0,MV INDIAN MARINER 41,IMO9001041,AT41,30,0,273,36,10.0,30,B
419001041,2026-09-08 03:15:00,21.536088,70.197876,18.0,115.0,115.0,MV INDIAN MARINER 41,IMO9001041,AT41,30,0,273,36,10.0,30,B
419001041,2026-09-08 03:20:00,21.525415,70.222472,18.0,115.0,115.0,MV INDIAN MARINER 41,IMO9001041,AT41,30,0,273,36,10.0,30,B
419001041,2026-09-08 03:25:00,21.514931,70.246858,18.0,115.0,115.0,MV INDIAN MARINER 41,IMO9001041,AT41,30,0,273,36,10.0,30,B
419001042,2026-09-07 17:30:00,10.209494,75.295322,12.0,135.0,135.0,MV INDIAN MARINER 42,IMO9001042,AT42,80,0,276,37,11.0,80,A
419001042,2026-09-07 17:35:00,10.197689,75.30732,12.0,135.0,135.0,MV INDIAN MARINER 42,IMO9001042,AT42,80,0,276,37,11.0,80,A
419001042,2026-09-07 17:40:00,10.185817,75.319222,12.0,135.0,135.0,MV INDIAN MARINER 42,IMO9001042,AT42,80,0,276,37,11.0,80,A
419001042,2026-09-07 17:45:00,10.174137,75.331101,12.0,135.0,135.0,MV INDIAN MARINER 42,IMO9001042,AT42,80,0,276,37,11.0,80,A
419001042,2026-09-07 17:50:00,10.162381,75.343156,12.0,135.0,135.0,MV INDIAN MARINER 42,IMO9001042,AT42,80,0,276,37,11.0,80,A
419001042,2026-09-07 17:55:00,10.150614,75.354929,12.0,135.0,135.0,MV INDIAN MARINER 42,IMO9001042,AT42,80,0,276,37,11.0,80,A
419001042,2026-09-07 18:00:00,10.138635,75.366871,12.0,135.0,135.0,MV INDIAN MARINER 42,IMO9001042,AT42,80,0,276,37,11.0,80,A
419001042,2026-09-07 18:05:00,10.127009,75.37897,12.0,135.0,135.0,MV INDIAN MARINER 42,IMO9001042,AT42,80,0,276,37,11.0,80,A
419001042,2026-09-07 18:10:00,10.115111,75.390847,12.0,135.0,135.0,MV INDIAN MARINER 42,IMO9001042,AT42,80,0,276,37,11.0,80,A
419001042,2026-09-07 18:15:00,10.103427,75.402751,12.0,135.0,135.0,MV INDIAN MARINER 42,IMO9001042,AT42,80,0,276,37,11.0,80,A
419001042,2026-09-07 18:20:00,10.091512,75.414798,12.0,135.0,135.0,MV INDIAN MARINER 42,IMO9001042,AT42,80,0,276,37,11.0,80,A
419001042,2026-09-07 18:25:00,10.079913,75.426736,12.0,135.0,135.0,MV INDIAN MARINER 42,IMO9001042,AT42,80,0,276,37,11.0,80,A
419001042,2026-09-07 18:30:00,10.068027,75.438692,12.0,135.0,135.0,MV INDIAN MARINER 42,IMO9001042,AT42,80,0,276,37,11.0,80,A
419001042,2026-09-07 18:35:00,10.056178,75.450586,12.0,135.0,135.0,MV INDIAN MARINER 42,IMO9001042,AT42,80,0,276,37,11.0,80,A
419001042,2026-09-07 18:40:00,10.044481,75.462578,12.0,135.0,135.0,MV INDIAN MARINER 42,IMO9001042,AT42,80,0,276,37,11.0,80,A
419001042,2026-09-07 18:45:00,10.032768,75.474524,12.0,135.0,135.0,MV INDIAN MARINER 42,IMO9001042,AT42,80,0,276,37,11.0,80,A
419001042,2026-09-07 18:50:00,10.02088,75.486458,12.0,135.0,135.0,MV INDIAN MARINER 42,IMO9001042,AT42,80,0,276,37,11.0,80,A
419001042,2026-09-07 18:55:00,10.009099,75.498292,12.0,135.0,135.0,MV INDIAN MARINER 42,IMO9001042,AT42,80,0,276,37,11.0,80,A
419001042,2026-09-07 19:00:00,9.997326,75.510343,12.0,135.0,135.0,MV INDIAN MARINER 42,IMO9001042,AT42,80,0,276,37,11.0,80,A
419001042,2026-09-07 19:05:00,9.985633,75.522332,12.0,135.0,135.0,MV INDIAN MARINER 42,IMO9001042,AT42,80,0,276,37,11.0,80,A
419001042,2026-09-07 19:10:00,9.973706,75.534283,12.0,135.0,135.0,MV INDIAN MARINER 42,IMO9001042,AT42,80,0,276,37,11.0,80,A
419001042,2026-09-07 19:15:00,9.962048,75.546266,12.0,135.0,135.0,MV INDIAN MARINER 42,IMO9001042,AT42,80,0,276,37,11.0,80,A
419001042,2026-09-07 19:20:00,9.950188,75.558111,12.0,135.0,135.0,MV INDIAN MARINER 42,IMO9001042,AT42,80,0,276,37,11.0,80,A
419001042,2026-09-07 19:25:00,9.938404,75.569981,12.0,135.0,135.0,MV INDIAN MARINER 42,IMO9001042,AT42,80,0,276,37,11.0,80,A
419001042,2026-09-07 19:30:00,9.92655,75.581973,12.0,135.0,135.0,MV INDIAN MARINER 42,IMO9001042,AT42,80,0,276,37,11.0,80,A
419001042,2026-09-07 19:35:00,9.91493,75.594047,12.0,135.0,135.0,MV INDIAN MARINER 42,IMO9001042,AT42,80,0,276,37,11.0,80,A
419001042,2026-09-07 19:40:00,9.902987,75.605897,12.0,135.0,135.0,MV INDIAN MARINER 42,IMO9001042,AT42,80,0,276,37,11.0,80,A
419001042,2026-09-07 19:45:00,9.891366,75.617925,12.0,135.0,135.0,MV INDIAN MARINER 42,IMO9001042,AT42,80,0,276,37,11.0,80,A
419001042,2026-09-07 19:50:00,9.879474,75.629843,12.0,135.0,135.0,MV INDIAN MARINER 42,IMO9001042,AT42,80,0,276,37,11.0,80,A
419001042,2026-09-07 19:55:00,9.867665,75.641784,12.0,135.0,135.0,MV INDIAN MARINER 42,IMO9001042,AT42,80,0,276,37,11.0,80,A
419001042,2026-09-07 20:00:00,9.85595,75.653685,12.0,135.0,135.0,MV INDIAN MARINER 42,IMO9001042,AT42,80,0,276,37,11.0,80,A
419001042,2026-09-07 20:05:00,9.844106,75.66562,12.0,135.0,135.0,MV INDIAN MARINER 42,IMO9001042,AT42,80,0,276,37,11.0,80,A
419001042,2026-09-07 20:10:00,9.832453,75.677537,12.0,135.0,135.0,MV INDIAN MARINER 42,IMO9001042,AT42,80,0,276,37,11.0,80,A
419001042,2026-09-07 20:15:00,9.820632,75.689618,12.0,135.0,135.0,MV INDIAN MARINER 42,IMO9001042,AT42,80,0,276,37,11.0,80,A
419001042,2026-09-07 20:20:00,9.808755,75.701466,12.0,135.0,135.0,MV INDIAN MARINER 42,IMO9001042,AT42,80,0,276,37,11.0,80,A
419001042,2026-09-07 20:25:00,9.797004,75.713351,12.0,135.0,135.0,MV INDIAN MARINER 42,IMO9001042,AT42,80,0,276,37,11.0,80,A
419001042,2026-09-07 20:30:00,9.785288,75.725385,12.0,135.0,135.0,MV INDIAN MARINER 42,IMO9001042,AT42,80,0,276,37,11.0,80,A
419001042,2026-09-07 20:35:00,9.773436,75.737264,12.0,135.0,135.0,MV INDIAN MARINER 42,IMO9001042,AT42,80,0,276,37,11.0,80,A
419001042,2026-09-07 20:40:00,9.761584,75.749174,12.0,135.0,135.0,MV INDIAN MARINER 42,IMO9001042,AT42,80,0,276,37,11.0,80,A
419001042,2026-09-07 20:45:00,9.749986,75.761136,12.0,135.0,135.0,MV INDIAN MARINER 42,IMO9001042,AT42,80,0,276,37,11.0,80,A
419001042,2026-09-07 20:50:00,9.73803,75.773183,12.0,135.0,135.0,MV INDIAN MARINER 42,IMO9001042,AT42,80,0,276,37,11.0,80,A
419001042,2026-09-07 20:55:00,9.726386,75.785194,12.0,135.0,135.0,MV INDIAN MARINER 42,IMO9001042,AT42,80,0,276,37,11.0,80,A
419001042,2026-09-07 21:00:00,9.714521,75.796991,12.0,135.0,135.0,MV INDIAN MARINER 42,IMO9001042,AT42,80,0,276,37,11.0,80,A
419001042,2026-09-07 21:05:00,9.702831,75.809067,12.0,135.0,135.0,MV INDIAN MARINER 42,IMO9001042,AT42,80,0,276,37,11.0,80,A
419001042,2026-09-07 21:10:00,9.690897,75.82099,12.0,135.0,135.0,MV INDIAN MARINER 42,IMO9001042,AT42,80,0,276,37,11.0,80,A
419001042,2026-09-07 21:15:00,9.679111,75.832847,12.0,135.0,135.0,MV INDIAN MARINER 42,IMO9001042,AT42,80,0,276,37,11.0,80,A
419001042,2026-09-07 21:20:00,9.667334,75.844778,12.0,135.0,135.0,MV INDIAN MARINER 42,IMO9001042,AT42,80,0,276,37,11.0,80,A
419001042,2026-09-07 21:25:00,9.65558,75.856759,12.0,135.0,135.0,MV INDIAN MARINER 42,IMO9001042,AT42,80,0,276,37,11.0,80,A
419001042,2026-09-07 21:30:00,9.643819,75.868676,12.0,135.0,135.0,MV INDIAN MARINER 42,IMO9001042,AT42,80,0,276,37,11.0,80,A
419001042,2026-09-07 21:35:00,9.632004,75.8807,12.0,135.0,135.0,MV INDIAN MARINER 42,IMO9001042,AT42,80,0,276,37,11.0,80,A
419001042,2026-09-07 21:40:00,9.620288,75.892604,12.0,135.0,135.0,MV INDIAN MARINER 42,IMO9001042,AT42,80,0,276,37,11.0,80,A
419001042,2026-09-07 21:45:00,9.608558,75.904552,12.0,135.0,135.0,MV INDIAN MARINER 42,IMO9001042,AT42,80,0,276,37,11.0,80,A
419001042,2026-09-07 21:50:00,9.59679,75.916439,12.0,135.0,135.0,MV INDIAN MARINER 42,IMO9001042,AT42,80,0,276,37,11.0,80,A
419001042,2026-09-07 21:55:00,9.584996,75.928389,12.0,135.0,135.0,MV INDIAN MARINER 42,IMO9001042,AT42,80,0,276,37,11.0,80,A
419001042,2026-09-07 22:00:00,9.573064,75.940514,12.0,135.0,135.0,MV INDIAN MARINER 42,IMO9001042,AT42,80,0,276,37,11.0,80,A
419001042,2026-09-07 22:05:00,9.561283,75.952341,12.0,135.0,135.0,MV INDIAN MARINER 42,IMO9001042,AT42,80,0,276,37,11.0,80,A
419001042,2026-09-07 22:10:00,9.549567,75.964266,12.0,135.0,135.0,MV INDIAN MARINER 42,IMO9001042,AT42,80,0,276,37,11.0,80,A
419001042,2026-09-07 22:15:00,9.537712,75.976177,12.0,135.0,135.0,MV INDIAN MARINER 42,IMO9001042,AT42,80,0,276,37,11.0,80,A
419001042,2026-09-07 22:20:00,9.525983,75.988195,12.0,135.0,135.0,MV INDIAN MARINER 42,IMO9001042,AT42,80,0,276,37,11.0,80,A
419001042,2026-09-07 22:25:00,9.514304,76.000191,12.0,135.0,135.0,MV INDIAN MARINER 42,IMO9001042,AT42,80,0,276,37,11.0,80,A
419001042,2026-09-07 22:30:00,9.502509,76.012002,12.0,135.0,135.0,MV INDIAN MARINER 42,IMO9001042,AT42,80,0,276,37,11.0,80,A
419001042,2026-09-07 22:35:00,9.490627,76.024131,12.0,135.0,135.0,MV INDIAN MARINER 42,IMO9001042,AT42,80,0,276,37,11.0,80,A
419001042,2026-09-07 22:40:00,9.478984,76.035992,12.0,135.0,135.0,MV INDIAN MARINER 42,IMO9001042,AT42,80,0,276,37,11.0,80,A
419001042,2026-09-07 22:45:00,9.467042,76.047892,12.0,135.0,135.0,MV INDIAN MARINER 42,IMO9001042,AT42,80,0,276,37,11.0,80,A
419001042,2026-09-07 22:50:00,9.455268,76.059806,12.0,135.0,135.0,MV INDIAN MARINER 42,IMO9001042,AT42,80,0,276,37,11.0,80,A
419001042,2026-09-07 22:55:00,9.443493,76.071885,12.0,135.0,135.0,MV INDIAN MARINER 42,IMO9001042,AT42,80,0,276,37,11.0,80,A
419001042,2026-09-07 23:00:00,9.431724,76.083742,12.0,135.0,135.0,MV INDIAN MARINER 42,IMO9001042,AT42,80,0,276,37,11.0,80,A
419001042,2026-09-07 23:05:00,9.419894,76.095786,12.0,135.0,135.0,MV INDIAN MARINER 42,IMO9001042,AT42,80,0,276,37,11.0,80,A
419001042,2026-09-07 23:10:00,9.408147,76.107643,12.0,135.0,135.0,MV INDIAN MARINER 42,IMO9001042,AT42,80,0,276,37,11.0,80,A
419001042,2026-09-07 23:15:00,9.396369,76.119571,12.0,135.0,135.0,MV INDIAN MARINER 42,IMO9001042,AT42,80,0,276,37,11.0,80,A
419001042,2026-09-07 23:20:00,9.384521,76.131589,12.0,135.0,135.0,MV INDIAN MARINER 42,IMO9001042,AT42,80,0,276,37,11.0,80,A
419001042,2026-09-07 23:25:00,9.372934,76.143486,12.0,135.0,135.0,MV INDIAN MARINER 42,IMO9001042,AT42,80,0,276,37,11.0,80,A
419001042,2026-09-07 23:30:00,9.361023,76.15555,12.0,135.0,135.0,MV INDIAN MARINER 42,IMO9001042,AT42,80,0,276,37,11.0,80,A
419001042,2026-09-07 23:35:00,9.349224,76.167501,12.0,135.0,135.0,MV INDIAN MARINER 42,IMO9001042,AT42,80,0,276,37,11.0,80,A
419001042,2026-09-07 23:40:00,9.337462,76.17945,12.0,135.0,135.0,MV INDIAN MARINER 42,IMO9001042,AT42,80,0,276,37,11.0,80,A
419001042,2026-09-07 23:45:00,9.325635,76.191264,12.0,135.0,135.0,MV INDIAN MARINER 42,IMO9001042,AT42,80,0,276,37,11.0,80,A
419001042,2026-09-07 23:50:00,9.313986,76.203306,12.0,135.0,135.0,MV INDIAN MARINER 42,IMO9001042,AT42,80,0,276,37,11.0,80,A
419001042,2026-09-07 23:55:00,9.30222,76.215123,12.0,135.0,135.0,MV INDIAN MARINER 42,IMO9001042,AT42,80,0,276,37,11.0,80,A
419001042,2026-09-08 00:00:00,9.290306,76.227158,12.0,135.0,135.0,MV INDIAN MARINER 42,IMO9001042,AT42,80,0,276,37,11.0,80,A
419001042,2026-09-08 00:05:00,9.278559,76.238994,12.0,135.0,135.0,MV INDIAN MARINER 42,IMO9001042,AT42,80,0,276,37,11.0,80,A
419001042,2026-09-08 00:10:00,9.26675,76.251116,12.0,135.0,135.0,MV INDIAN MARINER 42,IMO9001042,AT42,80,0,276,37,11.0,80,A
419001042,2026-09-08 00:15:00,9.254945,76.262929,12.0,135.0,135.0,MV INDIAN MARINER 42,IMO9001042,AT42,80,0,276,37,11.0,80,A
419001042,2026-09-08 00:20:00,9.243288,76.274936,12.0,135.0,135.0,MV INDIAN MARINER 42,IMO9001042,AT42,80,0,276,37,11.0,80,A
419001042,2026-09-08 00:25:00,9.231437,76.286809,12.0,135.0,135.0,MV INDIAN MARINER 42,IMO9001042,AT42,80,0,276,37,11.0,80,A
419001042,2026-09-08 00:30:00,9.21967,76.298915,12.0,135.0,135.0,MV INDIAN MARINER 42,IMO9001042,AT42,80,0,276,37,11.0,80,A
419001042,2026-09-08 00:35:00,9.207906,76.310862,12.0,135.0,135.0,MV INDIAN MARINER 42,IMO9001042,AT42,80,0,276,37,11.0,80,A
419001042,2026-09-08 00:40:00,9.196155,76.322791,12.0,135.0,135.0,MV INDIAN MARINER 42,IMO9001042,AT42,80,0,276,37,11.0,80,A
419001042,2026-09-08 00:45:00,9.184343,76.334648,12.0,135.0,135.0,MV INDIAN MARINER 42,IMO9001042,AT42,80,0,276,37,11.0,80,A
419001042,2026-09-08 00:50:00,9.172592,76.346597,12.0,135.0,135.0,MV INDIAN MARINER 42,IMO9001042,AT42,80,0,276,37,11.0,80,A
419001042,2026-09-08 00:55:00,9.160751,76.358553,12.0,135.0,135.0,MV INDIAN MARINER 42,IMO9001042,AT42,80,0,276,37,11.0,80,A
419001042,2026-09-08 01:00:00,9.149003,76.370442,12.0,135.0,135.0,MV INDIAN MARINER 42,IMO9001042,AT42,80,0,276,37,11.0,80,A
419001042,2026-09-08 01:05:00,9.137258,76.382445,12.0,135.0,135.0,MV INDIAN MARINER 42,IMO9001042,AT42,80,0,276,37,11.0,80,A
419001042,2026-09-08 01:10:00,9.125478,76.39445,12.0,135.0,135.0,MV INDIAN MARINER 42,IMO9001042,AT42,80,0,276,37,11.0,80,A
419001042,2026-09-08 01:15:00,9.113616,76.40633,12.0,135.0,135.0,MV INDIAN MARINER 42,IMO9001042,AT42,80,0,276,37,11.0,80,A
419001042,2026-09-08 01:20:00,9.101884,76.418258,12.0,135.0,135.0,MV INDIAN MARINER 42,IMO9001042,AT42,80,0,276,37,11.0,80,A
419001042,2026-09-08 01:25:00,9.090061,76.430194,12.0,135.0,135.0,MV INDIAN MARINER 42,IMO9001042,AT42,80,0,276,37,11.0,80,A
419001042,2026-09-08 01:30:00,9.078331,76.442243,12.0,135.0,135.0,MV INDIAN MARINER 42,IMO9001042,AT42,80,0,276,37,11.0,80,A
419001042,2026-09-08 01:35:00,9.066518,76.454093,12.0,135.0,135.0,MV INDIAN MARINER 42,IMO9001042,AT42,80,0,276,37,11.0,80,A
419001042,2026-09-08 01:40:00,9.054666,76.466044,12.0,135.0,135.0,MV INDIAN MARINER 42,IMO9001042,AT42,80,0,276,37,11.0,80,A
419001042,2026-09-08 01:45:00,9.042922,76.478074,12.0,135.0,135.0,MV INDIAN MARINER 42,IMO9001042,AT42,80,0,276,37,11.0,80,A
419001042,2026-09-08 01:50:00,9.031181,76.489928,12.0,135.0,135.0,MV INDIAN MARINER 42,IMO9001042,AT42,80,0,276,37,11.0,80,A
419001042,2026-09-08 01:55:00,9.019365,76.5019,12.0,135.0,135.0,MV INDIAN MARINER 42,IMO9001042,AT42,80,0,276,37,11.0,80,A
419001042,2026-09-08 02:00:00,9.007642,76.513917,12.0,135.0,135.0,MV INDIAN MARINER 42,IMO9001042,AT42,80,0,276,37,11.0,80,A
419001042,2026-09-08 02:05:00,8.995766,76.525839,12.0,135.0,135.0,MV INDIAN MARINER 42,IMO9001042,AT42,80,0,276,37,11.0,80,A
419001042,2026-09-08 02:10:00,8.984081,76.537787,12.0,135.0,135.0,MV INDIAN MARINER 42,IMO9001042,AT42,80,0,276,37,11.0,80,A
419001042,2026-09-08 02:15:00,8.972166,76.549711,12.0,135.0,135.0,MV INDIAN MARINER 42,IMO9001042,AT42,80,0,276,37,11.0,80,A
419001042,2026-09-08 02:20:00,8.96051,76.561584,12.0,135.0,135.0,MV INDIAN MARINER 42,IMO9001042,AT42,80,0,276,37,11.0,80,A
419001042,2026-09-08 02:25:00,8.948737,76.573594,12.0,135.0,135.0,MV INDIAN MARINER 42,IMO9001042,AT42,80,0,276,37,11.0,80,A
419001042,2026-09-08 02:30:00,8.936859,76.585615,12.0,135.0,135.0,MV INDIAN MARINER 42,IMO9001042,AT42,80,0,276,37,11.0,80,A
419001042,2026-09-08 02:35:00,8.925026,76.597601,12.0,135.0,135.0,MV INDIAN MARINER 42,IMO9001042,AT42,80,0,276,37,11.0,80,A
419001042,2026-09-08 02:40:00,8.913392,76.609359,12.0,135.0,135.0,MV INDIAN MARINER 42,IMO9001042,AT42,80,0,276,37,11.0,80,A
419001042,2026-09-08 02:45:00,8.901448,76.621315,12.0,135.0,135.0,MV INDIAN MARINER 42,IMO9001042,AT42,80,0,276,37,11.0,80,A
419001042,2026-09-08 02:50:00,8.889682,76.633384,12.0,135.0,135.0,MV INDIAN MARINER 42,IMO9001042,AT42,80,0,276,37,11.0,80,A
419001042,2026-09-08 02:55:00,8.877911,76.645346,12.0,135.0,135.0,MV INDIAN MARINER 42,IMO9001042,AT42,80,0,276,37,11.0,80,A
419001042,2026-09-08 03:00:00,8.866172,76.657283,12.0,135.0,135.0,MV INDIAN MARINER 42,IMO9001042,AT42,80,0,276,37,11.0,80,A
419001042,2026-09-08 03:05:00,8.854471,76.669195,12.0,135.0,135.0,MV INDIAN MARINER 42,IMO9001042,AT42,80,0,276,37,11.0,80,A
419001042,2026-09-08 03:10:00,8.842633,76.681036,12.0,135.0,135.0,MV INDIAN MARINER 42,IMO9001042,AT42,80,0,276,37,11.0,80,A
419001042,2026-09-08 03:15:00,8.830749,76.693108,12.0,135.0,135.0,MV INDIAN MARINER 42,IMO9001042,AT42,80,0,276,37,11.0,80,A
419001042,2026-09-08 03:20:00,8.818962,76.704974,12.0,135.0,135.0,MV INDIAN MARINER 42,IMO9001042,AT42,80,0,276,37,11.0,80,A
419001042,2026-09-08 03:25:00,8.807264,76.717013,12.0,135.0,135.0,MV INDIAN MARINER 42,IMO9001042,AT42,80,0,276,37,11.0,80,A
419001043,2026-09-07 17:30:00,16.636818,73.342155,13.0,160.0,160.0,MV INDIAN MARINER 43,IMO9001043,AT43,70,0,279,38,12.0,70,A
419001043,2026-09-07 17:35:00,16.619875,73.348416,13.0,160.0,160.0,MV INDIAN MARINER 43,IMO9001043,AT43,70,0,279,38,12.0,70,A
419001043,2026-09-07 17:40:00,16.602886,73.35482,13.0,160.0,160.0,MV INDIAN MARINER 43,IMO9001043,AT43,70,0,279,38,12.0,70,A
419001043,2026-09-07 17:45:00,16.585887,73.361237,13.0,160.0,160.0,MV INDIAN MARINER 43,IMO9001043,AT43,70,0,279,38,12.0,70,A
419001043,2026-09-07 17:50:00,16.568845,73.367709,13.0,160.0,160.0,MV INDIAN MARINER 43,IMO9001043,AT43,70,0,279,38,12.0,70,A
419001043,2026-09-07 17:55:00,16.551947,73.374187,13.0,160.0,160.0,MV INDIAN MARINER 43,IMO9001043,AT43,70,0,279,38,12.0,70,A
419001043,2026-09-07 18:00:00,16.534917,73.380512,13.0,160.0,160.0,MV INDIAN MARINER 43,IMO9001043,AT43,70,0,279,38,12.0,70,A
419001043,2026-09-07 18:05:00,16.518029,73.386943,13.0,160.0,160.0,MV INDIAN MARINER 43,IMO9001043,AT43,70,0,279,38,12.0,70,A
419001043,2026-09-07 18:10:00,16.501077,73.393357,13.0,160.0,160.0,MV INDIAN MARINER 43,IMO9001043,AT43,70,0,279,38,12.0,70,A
419001043,2026-09-07 18:15:00,16.484132,73.399759,13.0,160.0,160.0,MV INDIAN MARINER 43,IMO9001043,AT43,70,0,279,38,12.0,70,A
419001043,2026-09-07 18:20:00,16.467078,73.406248,13.0,160.0,160.0,MV INDIAN MARINER 43,IMO9001043,AT43,70,0,279,38,12.0,70,A
419001043,2026-09-07 18:25:00,16.450119,73.412526,13.0,160.0,160.0,MV INDIAN MARINER 43,IMO9001043,AT43,70,0,279,38,12.0,70,A
419001043,2026-09-07 18:30:00,16.433109,73.418919,13.0,160.0,160.0,MV INDIAN MARINER 43,IMO9001043,AT43,70,0,279,38,12.0,70,A
419001043,2026-09-07 18:35:00,16.416278,73.425328,13.0,160.0,160.0,MV INDIAN MARINER 43,IMO9001043,AT43,70,0,279,38,12.0,70,A
419001043,2026-09-07 18:40:00,16.399165,73.431746,13.0,160.0,160.0,MV INDIAN MARINER 43,IMO9001043,AT43,70,0,279,38,12.0,70,A
419001043,2026-09-07 18:45:00,16.382333,73.438266,13.0,160.0,160.0,MV INDIAN MARINER 43,IMO9001043,AT43,70,0,279,38,12.0,70,A
419001043,2026-09-07 18:50:00,16.365361,73.444566,13.0,160.0,160.0,MV INDIAN MARINER 43,IMO9001043,AT43,70,0,279,38,12.0,70,A
419001043,2026-09-07 18:55:00,16.348298,73.451164,13.0,160.0,160.0,MV INDIAN MARINER 43,IMO9001043,AT43,70,0,279,38,12.0,70,A
419001043,2026-09-07 19:00:00,16.331427,73.457482,13.0,160.0,160.0,MV INDIAN MARINER 43,IMO9001043,AT43,70,0,279,38,12.0,70,A
419001043,2026-09-07 19:05:00,16.314374,73.46382,13.0,160.0,160.0,MV INDIAN MARINER 43,IMO9001043,AT43,70,0,279,38,12.0,70,A
419001043,2026-09-07 19:10:00,16.297532,73.470233,13.0,160.0,160.0,MV INDIAN MARINER 43,IMO9001043,AT43,70,0,279,38,12.0,70,A
419001043,2026-09-07 19:15:00,16.280465,73.47667,13.0,160.0,160.0,MV INDIAN MARINER 43,IMO9001043,AT43,70,0,279,38,12.0,70,A
419001043,2026-09-07 19:20:00,16.263637,73.483109,13.0,160.0,160.0,MV INDIAN MARINER 43,IMO9001043,AT43,70,0,279,38,12.0,70,A
419001043,2026-09-07 19:25:00,16.246658,73.489533,13.0,160.0,160.0,MV INDIAN MARINER 43,IMO9001043,AT43,70,0,279,38,12.0,70,A
419001043,2026-09-07 19:30:00,16.22953,73.495848,13.0,160.0,160.0,MV INDIAN MARINER 43,IMO9001043,AT43,70,0,279,38,12.0,70,A
419001043,2026-09-07 19:35:00,16.212631,73.502422,13.0,160.0,160.0,MV INDIAN MARINER 43,IMO9001043,AT43,70,0,279,38,12.0,70,A
419001043,2026-09-07 19:40:00,16.195733,73.508775,13.0,160.0,160.0,MV INDIAN MARINER 43,IMO9001043,AT43,70,0,279,38,12.0,70,A
419001043,2026-09-07 19:45:00,16.178719,73.515166,13.0,160.0,160.0,MV INDIAN MARINER 43,IMO9001043,AT43,70,0,279,38,12.0,70,A
419001043,2026-09-07 19:50:00,16.161704,73.521673,13.0,160.0,160.0,MV INDIAN MARINER 43,IMO9001043,AT43,70,0,279,38,12.0,70,A
419001043,2026-09-07 19:55:00,16.144819,73.528083,13.0,160.0,160.0,MV INDIAN MARINER 43,IMO9001043,AT43,70,0,279,38,12.0,70,A
419001043,2026-09-07 20:00:00,16.127895,73.534383,13.0,160.0,160.0,MV INDIAN MARINER 43,IMO9001043,AT43,70,0,279,38,12.0,70,A
419001043,2026-09-07 20:05:00,16.110788,73.540906,13.0,160.0,160.0,MV INDIAN MARINER 43,IMO9001043,AT43,70,0,279,38,12.0,70,A
419001043,2026-09-07 20:10:00,16.094007,73.547208,13.0,160.0,160.0,MV INDIAN MARINER 43,IMO9001043,AT43,70,0,279,38,12.0,70,A
419001043,2026-09-07 20:15:00,16.077042,73.553547,13.0,160.0,160.0,MV INDIAN MARINER 43,IMO9001043,AT43,70,0,279,38,12.0,70,A
419001043,2026-09-07 20:20:00,16.060048,73.560035,13.0,160.0,160.0,MV INDIAN MARINER 43,IMO9001043,AT43,70,0,279,38,12.0,70,A
419001043,2026-09-07 20:25:00,16.043104,73.566516,13.0,160.0,160.0,MV INDIAN MARINER 43,IMO9001043,AT43,70,0,279,38,12.0,70,A
419001043,2026-09-07 20:30:00,16.026015,73.572972,13.0,160.0,160.0,MV INDIAN MARINER 43,IMO9001043,AT43,70,0,279,38,12.0,70,A
419001043,2026-09-07 20:35:00,16.009056,73.579309,13.0,160.0,160.0,MV INDIAN MARINER 43,IMO9001043,AT43,70,0,279,38,12.0,70,A
419001043,2026-09-07 20:40:00,15.992086,73.585791,13.0,160.0,160.0,MV INDIAN MARINER 43,IMO9001043,AT43,70,0,279,38,12.0,70,A
419001043,2026-09-07 20:45:00,15.975161,73.592052,13.0,160.0,160.0,MV INDIAN MARINER 43,IMO9001043,AT43,70,0,279,38,12.0,70,A
419001043,2026-09-07 20:50:00,15.95818,73.598542,13.0,160.0,160.0,MV INDIAN MARINER 43,IMO9001043,AT43,70,0,279,38,12.0,70,A
419001043,2026-09-07 20:55:00,15.941197,73.605011,13.0,160.0,160.0,MV INDIAN MARINER 43,IMO9001043,AT43,70,0,279,38,12.0,70,A
419001043,2026-09-07 21:00:00,15.924323,73.611314,13.0,160.0,160.0,MV INDIAN MARINER 43,IMO9001043,AT43,70,0,279,38,12.0,70,A
419001043,2026-09-07 21:05:00,15.907382,73.617715,13.0,160.0,160.0,MV INDIAN MARINER 43,IMO9001043,AT43,70,0,279,38,12.0,70,A
419001043,2026-09-07 21:10:00,15.890422,73.624073,13.0,160.0,160.0,MV INDIAN MARINER 43,IMO9001043,AT43,70,0,279,38,12.0,70,A
419001043,2026-09-07 21:15:00,15.873307,73.630577,13.0,160.0,160.0,MV INDIAN MARINER 43,IMO9001043,AT43,70,0,279,38,12.0,70,A
419001043,2026-09-07 21:20:00,15.856463,73.637016,13.0,160.0,160.0,MV INDIAN MARINER 43,IMO9001043,AT43,70,0,279,38,12.0,70,A
419001043,2026-09-07 21:25:00,15.839546,73.643331,13.0,160.0,160.0,MV INDIAN MARINER 43,IMO9001043,AT43,70,0,279,38,12.0,70,A
419001043,2026-09-07 21:30:00,15.822482,73.649826,13.0,160.0,160.0,MV INDIAN MARINER 43,IMO9001043,AT43,70,0,279,38,12.0,70,A
419001043,2026-09-07 21:35:00,15.805455,73.656257,13.0,160.0,160.0,MV INDIAN MARINER 43,IMO9001043,AT43,70,0,279,38,12.0,70,A
419001043,2026-09-07 21:40:00,15.788513,73.662723,13.0,160.0,160.0,MV INDIAN MARINER 43,IMO9001043,AT43,70,0,279,38,12.0,70,A
419001043,2026-09-07 21:45:00,15.771582,73.668982,13.0,160.0,160.0,MV INDIAN MARINER 43,IMO9001043,AT43,70,0,279,38,12.0,70,A
419001043,2026-09-07 21:50:00,15.754675,73.675516,13.0,160.0,160.0,MV INDIAN MARINER 43,IMO9001043,AT43,70,0,279,38,12.0,70,A
419001043,2026-09-07 21:55:00,15.737695,73.681768,13.0,160.0,160.0,MV INDIAN MARINER 43,IMO9001043,AT43,70,0,279,38,12.0,70,A
419001043,2026-09-07 22:00:00,15.72063,73.688275,13.0,160.0,160.0,MV INDIAN MARINER 43,IMO9001043,AT43,70,0,279,38,12.0,70,A
419001043,2026-09-07 22:05:00,15.703659,73.694665,13.0,160.0,160.0,MV INDIAN MARINER 43,IMO9001043,AT43,70,0,279,38,12.0,70,A
419001043,2026-09-07 22:10:00,15.686712,73.701019,13.0,160.0,160.0,MV INDIAN MARINER 43,IMO9001043,AT43,70,0,279,38,12.0,70,A
419001043,2026-09-07 22:15:00,15.669913,73.707516,13.0,160.0,160.0,MV INDIAN MARINER 43,IMO9001043,AT43,70,0,279,38,12.0,70,A
419001043,2026-09-07 22:20:00,15.652931,73.713871,13.0,160.0,160.0,MV INDIAN MARINER 43,IMO9001043,AT43,70,0,279,38,12.0,70,A
419001043,2026-09-07 22:25:00,15.635815,73.720366,13.0,160.0,160.0,MV INDIAN MARINER 43,IMO9001043,AT43,70,0,279,38,12.0,70,A
419001043,2026-09-07 22:30:00,15.61894,73.726769,13.0,160.0,160.0,MV INDIAN MARINER 43,IMO9001043,AT43,70,0,279,38,12.0,70,A
419001043,2026-09-07 22:35:00,15.601947,73.733135,13.0,160.0,160.0,MV INDIAN MARINER 43,IMO9001043,AT43,70,0,279,38,12.0,70,A
419001043,2026-09-07 22:40:00,15.585013,73.739484,13.0,160.0,160.0,MV INDIAN MARINER 43,IMO9001043,AT43,70,0,279,38,12.0,70,A
419001043,2026-09-07 22:45:00,15.56814,73.745951,13.0,160.0,160.0,MV INDIAN MARINER 43,IMO9001043,AT43,70,0,279,38,12.0,70,A
419001043,2026-09-07 22:50:00,15.551164,73.752457,13.0,160.0,160.0,MV INDIAN MARINER 43,IMO9001043,AT43,70,0,279,38,12.0,70,A
419001043,2026-09-07 22:55:00,15.534148,73.758711,13.0,160.0,160.0,MV INDIAN MARINER 43,IMO9001043,AT43,70,0,279,38,12.0,70,A
419001043,2026-09-07 23:00:00,15.517173,73.765281,13.0,160.0,160.0,MV INDIAN MARINER 43,IMO9001043,AT43,70,0,279,38,12.0,70,A
419001043,2026-09-07 23:05:00,15.500092,73.771708,13.0,160.0,160.0,MV INDIAN MARINER 43,IMO9001043,AT43,70,0,279,38,12.0,70,A
419001043,2026-09-07 23:10:00,15.483131,73.777948,13.0,160.0,160.0,MV INDIAN MARINER 43,IMO9001043,AT43,70,0,279,38,12.0,70,A
419001043,2026-09-07 23:15:00,15.466237,73.784538,13.0,160.0,160.0,MV INDIAN MARINER 43,IMO9001043,AT43,70,0,279,38,12.0,70,A
419001043,2026-09-07 23:20:00,15.449285,73.79094,13.0,160.0,160.0,MV INDIAN MARINER 43,IMO9001043,AT43,70,0,279,38,12.0,70,A
419001043,2026-09-07 23:25:00,15.432244,73.797253,13.0,160.0,160.0,MV INDIAN MARINER 43,IMO9001043,AT43,70,0,279,38,12.0,70,A
419001043,2026-09-07 23:30:00,15.415296,73.8037,13.0,160.0,160.0,MV INDIAN MARINER 43,IMO9001043,AT43,70,0,279,38,12.0,70,A
419001043,2026-09-07 23:35:00,15.398376,73.810081,13.0,160.0,160.0,MV INDIAN MARINER 43,IMO9001043,AT43,70,0,279,38,12.0,70,A
419001043,2026-09-07 23:40:00,15.381372,73.816456,13.0,160.0,160.0,MV INDIAN MARINER 43,IMO9001043,AT43,70,0,279,38,12.0,70,A
419001043,2026-09-07 23:45:00,15.364439,73.822888,13.0,160.0,160.0,MV INDIAN MARINER 43,IMO9001043,AT43,70,0,279,38,12.0,70,A
419001043,2026-09-07 23:50:00,15.347559,73.82926,13.0,160.0,160.0,MV INDIAN MARINER 43,IMO9001043,AT43,70,0,279,38,12.0,70,A
419001043,2026-09-07 23:55:00,15.330504,73.835742,13.0,160.0,160.0,MV INDIAN MARINER 43,IMO9001043,AT43,70,0,279,38,12.0,70,A
419001043,2026-09-08 00:00:00,15.313634,73.84219,13.0,160.0,160.0,MV INDIAN MARINER 43,IMO9001043,AT43,70,0,279,38,12.0,70,A
419001043,2026-09-08 00:05:00,15.296685,73.848543,13.0,160.0,160.0,MV INDIAN MARINER 43,IMO9001043,AT43,70,0,279,38,12.0,70,A
419001043,2026-09-08 00:10:00,15.279625,73.855026,13.0,160.0,160.0,MV INDIAN MARINER 43,IMO9001043,AT43,70,0,279,38,12.0,70,A
419001043,2026-09-08 00:15:00,15.262649,73.861285,13.0,160.0,160.0,MV INDIAN MARINER 43,IMO9001043,AT43,70,0,279,38,12.0,70,A
419001043,2026-09-08 00:20:00,15.245761,73.86787,13.0,160.0,160.0,MV INDIAN MARINER 43,IMO9001043,AT43,70,0,279,38,12.0,70,A
419001043,2026-09-08 00:25:00,15.228732,73.874214,13.0,160.0,160.0,MV INDIAN MARINER 43,IMO9001043,AT43,70,0,279,38,12.0,70,A
419001043,2026-09-08 00:30:00,15.211798,73.880611,13.0,160.0,160.0,MV INDIAN MARINER 43,IMO9001043,AT43,70,0,279,38,12.0,70,A
419001043,2026-09-08 00:35:00,15.194867,73.887055,13.0,160.0,160.0,MV INDIAN MARINER 43,IMO9001043,AT43,70,0,279,38,12.0,70,A
419001043,2026-09-08 00:40:00,15.177921,73.893359,13.0,160.0,160.0,MV INDIAN MARINER 43,IMO9001043,AT43,70,0,279,38,12.0,70,A
419001043,2026-09-08 00:45:00,15.160914,73.899826,13.0,160.0,160.0,MV INDIAN MARINER 43,IMO9001043,AT43,70,0,279,38,12.0,70,A
419001043,2026-09-08 00:50:00,15.144016,73.906283,13.0,160.0,160.0,MV INDIAN MARINER 43,IMO9001043,AT43,70,0,279,38,12.0,70,A
419001043,2026-09-08 00:55:00,15.126982,73.912759,13.0,160.0,160.0,MV INDIAN MARINER 43,IMO9001043,AT43,70,0,279,38,12.0,70,A
419001043,2026-09-08 01:00:00,15.110033,73.919098,13.0,160.0,160.0,MV INDIAN MARINER 43,IMO9001043,AT43,70,0,279,38,12.0,70,A
419001043,2026-09-08 01:05:00,15.09297,73.925469,13.0,160.0,160.0,MV INDIAN MARINER 43,IMO9001043,AT43,70,0,279,38,12.0,70,A
419001043,2026-09-08 01:10:00,15.076086,73.931916,13.0,160.0,160.0,MV INDIAN MARINER 43,IMO9001043,AT43,70,0,279,38,12.0,70,A
419001043,2026-09-08 01:15:00,15.059219,73.93827,13.0,160.0,160.0,MV INDIAN MARINER 43,IMO9001043,AT43,70,0,279,38,12.0,70,A
419001043,2026-09-08 01:20:00,15.042261,73.944758,13.0,160.0,160.0,MV INDIAN MARINER 43,IMO9001043,AT43,70,0,279,38,12.0,70,A
419001043,2026-09-08 01:25:00,15.025275,73.951079,13.0,160.0,160.0,MV INDIAN MARINER 43,IMO9001043,AT43,70,0,279,38,12.0,70,A
419001043,2026-09-08 01:30:00,15.008342,73.957611,13.0,160.0,160.0,MV INDIAN MARINER 43,IMO9001043,AT43,70,0,279,38,12.0,70,A
419001043,2026-09-08 01:35:00,14.991256,73.963872,13.0,160.0,160.0,MV INDIAN MARINER 43,IMO9001043,AT43,70,0,279,38,12.0,70,A
419001043,2026-09-08 01:40:00,14.974297,73.970293,13.0,160.0,160.0,MV INDIAN MARINER 43,IMO9001043,AT43,70,0,279,38,12.0,70,A
419001043,2026-09-08 01:45:00,14.957348,73.976736,13.0,160.0,160.0,MV INDIAN MARINER 43,IMO9001043,AT43,70,0,279,38,12.0,70,A
419001043,2026-09-08 01:50:00,14.940427,73.983161,13.0,160.0,160.0,MV INDIAN MARINER 43,IMO9001043,AT43,70,0,279,38,12.0,70,A
419001043,2026-09-08 01:55:00,14.923475,73.989604,13.0,160.0,160.0,MV INDIAN MARINER 43,IMO9001043,AT43,70,0,279,38,12.0,70,A
419001043,2026-09-08 02:00:00,14.906552,73.99609,13.0,160.0,160.0,MV INDIAN MARINER 43,IMO9001043,AT43,70,0,279,38,12.0,70,A
419001043,2026-09-08 02:05:00,14.88955,74.002414,13.0,160.0,160.0,MV INDIAN MARINER 43,IMO9001043,AT43,70,0,279,38,12.0,70,A
419001043,2026-09-08 02:10:00,14.872479,74.008753,13.0,160.0,160.0,MV INDIAN MARINER 43,IMO9001043,AT43,70,0,279,38,12.0,70,A
419001043,2026-09-08 02:15:00,14.85548,74.015219,13.0,160.0,160.0,MV INDIAN MARINER 43,IMO9001043,AT43,70,0,279,38,12.0,70,A
419001043,2026-09-08 02:20:00,14.838598,74.02159,13.0,160.0,160.0,MV INDIAN MARINER 43,IMO9001043,AT43,70,0,279,38,12.0,70,A
419001043,2026-09-08 02:25:00,14.821698,74.02805,13.0,160.0,160.0,MV INDIAN MARINER 43,IMO9001043,AT43,70,0,279,38,12.0,70,A
419001043,2026-09-08 02:30:00,14.804586,74.03442,13.0,160.0,160.0,MV INDIAN MARINER 43,IMO9001043,AT43,70,0,279,38,12.0,70,A
419001043,2026-09-08 02:35:00,14.787657,74.040844,13.0,160.0,160.0,MV INDIAN MARINER 43,IMO9001043,AT43,70,0,279,38,12.0,70,A
419001043,2026-09-08 02:40:00,14.770701,74.047375,13.0,160.0,160.0,MV INDIAN MARINER 43,IMO9001043,AT43,70,0,279,38,12.0,70,A
419001043,2026-09-08 02:45:00,14.753853,74.053666,13.0,160.0,160.0,MV INDIAN MARINER 43,IMO9001043,AT43,70,0,279,38,12.0,70,A
419001043,2026-09-08 02:50:00,14.73679,74.060148,13.0,160.0,160.0,MV INDIAN MARINER 43,IMO9001043,AT43,70,0,279,38,12.0,70,A
419001043,2026-09-08 02:55:00,14.719866,74.066565,13.0,160.0,160.0,MV INDIAN MARINER 43,IMO9001043,AT43,70,0,279,38,12.0,70,A
419001043,2026-09-08 03:00:00,14.702924,74.072857,13.0,160.0,160.0,MV INDIAN MARINER 43,IMO9001043,AT43,70,0,279,38,12.0,70,A
419001043,2026-09-08 03:05:00,14.685913,74.079273,13.0,160.0,160.0,MV INDIAN MARINER 43,IMO9001043,AT43,70,0,279,38,12.0,70,A
419001043,2026-09-08 03:10:00,14.668891,74.085807,13.0,160.0,160.0,MV INDIAN MARINER 43,IMO9001043,AT43,70,0,279,38,12.0,70,A
419001043,2026-09-08 03:15:00,14.651958,74.092198,13.0,160.0,160.0,MV INDIAN MARINER 43,IMO9001043,AT43,70,0,279,38,12.0,70,A
419001043,2026-09-08 03:20:00,14.635056,74.098647,13.0,160.0,160.0,MV INDIAN MARINER 43,IMO9001043,AT43,70,0,279,38,12.0,70,A
419001043,2026-09-08 03:25:00,14.618004,74.104991,13.0,160.0,160.0,MV INDIAN MARINER 43,IMO9001043,AT43,70,0,279,38,12.0,70,A
419001044,2026-09-07 17:30:00,20.675985,87.356237,14.0,210.0,210.0,MV INDIAN MARINER 44,IMO9001044,AT44,30,0,282,39,13.0,30,B
419001044,2026-09-07 17:35:00,20.659147,87.345753,14.0,210.0,210.0,MV INDIAN MARINER 44,IMO9001044,AT44,30,0,282,39,13.0,30,B
419001044,2026-09-07 17:40:00,20.642436,87.335471,14.0,210.0,210.0,MV INDIAN MARINER 44,IMO9001044,AT44,30,0,282,39,13.0,30,B
419001044,2026-09-07 17:45:00,20.625461,87.325185,14.0,210.0,210.0,MV INDIAN MARINER 44,IMO9001044,AT44,30,0,282,39,13.0,30,B
419001044,2026-09-07 17:50:00,20.608667,87.314801,14.0,210.0,210.0,MV INDIAN MARINER 44,IMO9001044,AT44,30,0,282,39,13.0,30,B
419001044,2026-09-07 17:55:00,20.591849,87.304447,14.0,210.0,210.0,MV INDIAN MARINER 44,IMO9001044,AT44,30,0,282,39,13.0,30,B
419001044,2026-09-07 18:00:00,20.575,87.294132,14.0,210.0,210.0,MV INDIAN MARINER 44,IMO9001044,AT44,30,0,282,39,13.0,30,B
419001044,2026-09-07 18:05:00,20.558076,87.283867,14.0,210.0,210.0,MV INDIAN MARINER 44,IMO9001044,AT44,30,0,282,39,13.0,30,B
419001044,2026-09-07 18:10:00,20.541334,87.273517,14.0,210.0,210.0,MV INDIAN MARINER 44,IMO9001044,AT44,30,0,282,39,13.0,30,B
419001044,2026-09-07 18:15:00,20.524566,87.263257,14.0,210.0,210.0,MV INDIAN MARINER 44,IMO9001044,AT44,30,0,282,39,13.0,30,B
419001044,2026-09-07 18:20:00,20.507658,87.252844,14.0,210.0,210.0,MV INDIAN MARINER 44,IMO9001044,AT44,30,0,282,39,13.0,30,B
419001044,2026-09-07 18:25:00,20.490789,87.242571,14.0,210.0,210.0,MV INDIAN MARINER 44,IMO9001044,AT44,30,0,282,39,13.0,30,B
419001044,2026-09-07 18:30:00,20.473947,87.232234,14.0,210.0,210.0,MV INDIAN MARINER 44,IMO9001044,AT44,30,0,282,39,13.0,30,B
419001044,2026-09-07 18:35:00,20.457138,87.222026,14.0,210.0,210.0,MV INDIAN MARINER 44,IMO9001044,AT44,30,0,282,39,13.0,30,B
419001044,2026-09-07 18:40:00,20.44033,87.211717,14.0,210.0,210.0,MV INDIAN MARINER 44,IMO9001044,AT44,30,0,282,39,13.0,30,B
419001044,2026-09-07 18:45:00,20.423557,87.201307,14.0,210.0,210.0,MV INDIAN MARINER 44,IMO9001044,AT44,30,0,282,39,13.0,30,B
419001044,2026-09-07 18:50:00,20.406555,87.191086,14.0,210.0,210.0,MV INDIAN MARINER 44,IMO9001044,AT44,30,0,282,39,13.0,30,B
419001044,2026-09-07 18:55:00,20.3898,87.18063,14.0,210.0,210.0,MV INDIAN MARINER 44,IMO9001044,AT44,30,0,282,39,13.0,30,B
419001044,2026-09-07 19:00:00,20.372885,87.17038,14.0,210.0,210.0,MV INDIAN MARINER 44,IMO9001044,AT44,30,0,282,39,13.0,30,B
419001044,2026-09-07 19:05:00,20.356138,87.159994,14.0,210.0,210.0,MV INDIAN MARINER 44,IMO9001044,AT44,30,0,282,39,13.0,30,B
419001044,2026-09-07 19:10:00,20.3393,87.14963,14.0,210.0,210.0,MV INDIAN MARINER 44,IMO9001044,AT44,30,0,282,39,13.0,30,B
419001044,2026-09-07 19:15:00,20.32246,87.139302,14.0,210.0,210.0,MV INDIAN MARINER 44,IMO9001044,AT44,30,0,282,39,13.0,30,B
419001044,2026-09-07 19:20:00,20.305646,87.129008,14.0,210.0,210.0,MV INDIAN MARINER 44,IMO9001044,AT44,30,0,282,39,13.0,30,B
419001044,2026-09-07 19:25:00,20.288698,87.118709,14.0,210.0,210.0,MV INDIAN MARINER 44,IMO9001044,AT44,30,0,282,39,13.0,30,B
419001044,2026-09-07 19:30:00,20.271857,87.108389,14.0,210.0,210.0,MV INDIAN MARINER 44,IMO9001044,AT44,30,0,282,39,13.0,30,B
419001044,2026-09-07 19:35:00,20.255103,87.098034,14.0,210.0,210.0,MV INDIAN MARINER 44,IMO9001044,AT44,30,0,282,39,13.0,30,B
419001044,2026-09-07 19:40:00,20.238216,87.087744,14.0,210.0,210.0,MV INDIAN MARINER 44,IMO9001044,AT44,30,0,282,39,13.0,30,B
419001044,2026-09-07 19:45:00,20.221433,87.077426,14.0,210.0,210.0,MV INDIAN MARINER 44,IMO9001044,AT44,30,0,282,39,13.0,30,B
419001044,2026-09-07 19:50:00,20.204586,87.067092,14.0,210.0,210.0,MV INDIAN MARINER 44,IMO9001044,AT44,30,0,282,39,13.0,30,B
419001044,2026-09-07 19:55:00,20.1878,87.056786,14.0,210.0,210.0,MV INDIAN MARINER 44,IMO9001044,AT44,30,0,282,39,13.0,30,B
419001044,2026-09-07 20:00:00,20.170854,87.046484,14.0,210.0,210.0,MV INDIAN MARINER 44,IMO9001044,AT44,30,0,282,39,13.0,30,B
419001044,2026-09-07 20:05:00,20.154008,87.036211,14.0,210.0,210.0,MV INDIAN MARINER 44,IMO9001044,AT44,30,0,282,39,13.0,30,B
419001044,2026-09-07 20:10:00,20.137181,87.025822,14.0,210.0,210.0,MV INDIAN MARINER 44,IMO9001044,AT44,30,0,282,39,13.0,30,B
419001044,2026-09-07 20:15:00,20.120478,87.015558,14.0,210.0,210.0,MV INDIAN MARINER 44,IMO9001044,AT44,30,0,282,39,13.0,30,B
419001044,2026-09-07 20:20:00,20.103624,87.005121,14.0,210.0,210.0,MV INDIAN MARINER 44,IMO9001044,AT44,30,0,282,39,13.0,30,B
419001044,2026-09-07 20:25:00,20.086667,86.994878,14.0,210.0,210.0,MV INDIAN MARINER 44,IMO9001044,AT44,30,0,282,39,13.0,30,B
419001044,2026-09-07 20:30:00,20.06985,86.984569,14.0,210.0,210.0,MV INDIAN MARINER 44,IMO9001044,AT44,30,0,282,39,13.0,30,B
419001044,2026-09-07 20:35:00,20.052992,86.974172,14.0,210.0,210.0,MV INDIAN MARINER 44,IMO9001044,AT44,30,0,282,39,13.0,30,B
419001044,2026-09-07 20:40:00,20.036214,86.963915,14.0,210.0,210.0,MV INDIAN MARINER 44,IMO9001044,AT44,30,0,282,39,13.0,30,B
419001044,2026-09-07 20:45:00,20.019339,86.953598,14.0,210.0,210.0,MV INDIAN MARINER 44,IMO9001044,AT44,30,0,282,39,13.0,30,B
419001044,2026-09-07 20:50:00,20.002655,86.943209,14.0,210.0,210.0,MV INDIAN MARINER 44,IMO9001044,AT44,30,0,282,39,13.0,30,B
419001044,2026-09-07 20:55:00,19.985664,86.932934,14.0,210.0,210.0,MV INDIAN MARINER 44,IMO9001044,AT44,30,0,282,39,13.0,30,B
419001044,2026-09-07 21:00:00,19.968934,86.9227,14.0,210.0,210.0,MV INDIAN MARINER 44,IMO9001044,AT44,30,0,282,39,13.0,30,B
419001044,2026-09-07 21:05:00,19.952076,86.912223,14.0,210.0,210.0,MV INDIAN MARINER 44,IMO9001044,AT44,30,0,282,39,13.0,30,B
419001044,2026-09-07 21:10:00,19.935194,86.901861,14.0,210.0,210.0,MV INDIAN MARINER 44,IMO9001044,AT44,30,0,282,39,13.0,30,B
419001044,2026-09-07 21:15:00,19.918398,86.891614,14.0,210.0,210.0,MV INDIAN MARINER 44,IMO9001044,AT44,30,0,282,39,13.0,30,B
419001044,2026-09-07 21:20:00,19.901563,86.881313,14.0,210.0,210.0,MV INDIAN MARINER 44,IMO9001044,AT44,30,0,282,39,13.0,30,B
419001044,2026-09-07 21:25:00,19.884725,86.870925,14.0,210.0,210.0,MV INDIAN MARINER 44,IMO9001044,AT44,30,0,282,39,13.0,30,B
419001044,2026-09-07 21:30:00,19.867905,86.860725,14.0,210.0,210.0,MV INDIAN MARINER 44,IMO9001044,AT44,30,0,282,39,13.0,30,B
419001044,2026-09-07 21:35:00,19.851137,86.850402,14.0,210.0,210.0,MV INDIAN MARINER 44,IMO9001044,AT44,30,0,282,39,13.0,30,B
419001044,2026-09-07 21:40:00,19.83418,86.840115,14.0,210.0,210.0,MV INDIAN MARINER 44,IMO9001044,AT44,30,0,282,39,13.0,30,B
419001044,2026-09-07 21:45:00,19.817303,86.829667,14.0,210.0,210.0,MV INDIAN MARINER 44,IMO9001044,AT44,30,0,282,39,13.0,30,B
419001044,2026-09-07 21:50:00,19.800547,86.819312,14.0,210.0,210.0,MV INDIAN MARINER 44,IMO9001044,AT44,30,0,282,39,13.0,30,B
419001044,2026-09-07 21:55:00,19.783692,86.809123,14.0,210.0,210.0,MV INDIAN MARINER 44,IMO9001044,AT44,30,0,282,39,13.0,30,B
419001044,2026-09-07 22:00:00,19.766882,86.79872,14.0,210.0,210.0,MV INDIAN MARINER 44,IMO9001044,AT44,30,0,282,39,13.0,30,B
419001044,2026-09-07 22:05:00,19.750046,86.788418,14.0,210.0,210.0,MV INDIAN MARINER 44,IMO9001044,AT44,30,0,282,39,13.0,30,B
419001044,2026-09-07 22:10:00,19.733144,86.778114,14.0,210.0,210.0,MV INDIAN MARINER 44,IMO9001044,AT44,30,0,282,39,13.0,30,B
419001044,2026-09-07 22:15:00,19.716282,86.767806,14.0,210.0,210.0,MV INDIAN MARINER 44,IMO9001044,AT44,30,0,282,39,13.0,30,B
419001044,2026-09-07 22:20:00,19.699538,86.757482,14.0,210.0,210.0,MV INDIAN MARINER 44,IMO9001044,AT44,30,0,282,39,13.0,30,B
419001044,2026-09-07 22:25:00,19.682585,86.747197,14.0,210.0,210.0,MV INDIAN MARINER 44,IMO9001044,AT44,30,0,282,39,13.0,30,B
419001044,2026-09-07 22:30:00,19.665763,86.736798,14.0,210.0,210.0,MV INDIAN MARINER 44,IMO9001044,AT44,30,0,282,39,13.0,30,B
419001044,2026-09-07 22:35:00,19.649058,86.726417,14.0,210.0,210.0,MV INDIAN MARINER 44,IMO9001044,AT44,30,0,282,39,13.0,30,B
419001044,2026-09-07 22:40:00,19.632088,86.716207,14.0,210.0,210.0,MV INDIAN MARINER 44,IMO9001044,AT44,30,0,282,39,13.0,30,B
419001044,2026-09-07 22:45:00,19.615394,86.705864,14.0,210.0,210.0,MV INDIAN MARINER 44,IMO9001044,AT44,30,0,282,39,13.0,30,B
419001044,2026-09-07 22:50:00,19.598589,86.695517,14.0,210.0,210.0,MV INDIAN MARINER 44,IMO9001044,AT44,30,0,282,39,13.0,30,B
419001044,2026-09-07 22:55:00,19.581585,86.685112,14.0,210.0,210.0,MV INDIAN MARINER 44,IMO9001044,AT44,30,0,282,39,13.0,30,B
419001044,2026-09-07 23:00:00,19.564908,86.674944,14.0,210.0,210.0,MV INDIAN MARINER 44,IMO9001044,AT44,30,0,282,39,13.0,30,B
419001044,2026-09-07 23:05:00,19.547904,86.66454,14.0,210.0,210.0,MV INDIAN MARINER 44,IMO9001044,AT44,30,0,282,39,13.0,30,B
419001044,2026-09-07 23:10:00,19.531126,86.654283,14.0,210.0,210.0,MV INDIAN MARINER 44,IMO9001044,AT44,30,0,282,39,13.0,30,B
419001044,2026-09-07 23:15:00,19.514229,86.643934,14.0,210.0,210.0,MV INDIAN MARINER 44,IMO9001044,AT44,30,0,282,39,13.0,30,B
419001044,2026-09-07 23:20:00,19.497482,86.633593,14.0,210.0,210.0,MV INDIAN MARINER 44,IMO9001044,AT44,30,0,282,39,13.0,30,B
419001044,2026-09-07 23:25:00,19.480567,86.623176,14.0,210.0,210.0,MV INDIAN MARINER 44,IMO9001044,AT44,30,0,282,39,13.0,30,B
419001044,2026-09-07 23:30:00,19.46383,86.612937,14.0,210.0,210.0,MV INDIAN MARINER 44,IMO9001044,AT44,30,0,282,39,13.0,30,B
419001044,2026-09-07 23:35:00,19.446964,86.602612,14.0,210.0,210.0,MV INDIAN MARINER 44,IMO9001044,AT44,30,0,282,39,13.0,30,B
419001044,2026-09-07 23:40:00,19.430079,86.592282,14.0,210.0,210.0,MV INDIAN MARINER 44,IMO9001044,AT44,30,0,282,39,13.0,30,B
419001044,2026-09-07 23:45:00,19.413248,86.582054,14.0,210.0,210.0,MV INDIAN MARINER 44,IMO9001044,AT44,30,0,282,39,13.0,30,B
419001044,2026-09-07 23:50:00,19.396385,86.57164,14.0,210.0,210.0,MV INDIAN MARINER 44,IMO9001044,AT44,30,0,282,39,13.0,30,B
419001044,2026-09-07 23:55:00,19.379593,86.561219,14.0,210.0,210.0,MV INDIAN MARINER 44,IMO9001044,AT44,30,0,282,39,13.0,30,B
419001044,2026-09-08 00:00:00,19.362864,86.550914,14.0,210.0,210.0,MV INDIAN MARINER 44,IMO9001044,AT44,30,0,282,39,13.0,30,B
419001044,2026-09-08 00:05:00,19.345946,86.540755,14.0,210.0,210.0,MV INDIAN MARINER 44,IMO9001044,AT44,30,0,282,39,13.0,30,B
419001044,2026-09-08 00:10:00,19.329029,86.530298,14.0,210.0,210.0,MV INDIAN MARINER 44,IMO9001044,AT44,30,0,282,39,13.0,30,B
419001044,2026-09-08 00:15:00,19.312304,86.520093,14.0,210.0,210.0,MV INDIAN MARINER 44,IMO9001044,AT44,30,0,282,39,13.0,30,B
419001044,2026-09-08 00:20:00,19.295415,86.509609,14.0,210.0,210.0,MV INDIAN MARINER 44,IMO9001044,AT44,30,0,282,39,13.0,30,B
419001044,2026-09-08 00:25:00,19.2787,86.499319,14.0,210.0,210.0,MV INDIAN MARINER 44,IMO9001044,AT44,30,0,282,39,13.0,30,B
419001044,2026-09-08 00:30:00,19.26175,86.488992,14.0,210.0,210.0,MV INDIAN MARINER 44,IMO9001044,AT44,30,0,282,39,13.0,30,B
419001044,2026-09-08 00:35:00,19.244925,86.478806,14.0,210.0,210.0,MV INDIAN MARINER 44,IMO9001044,AT44,30,0,282,39,13.0,30,B
419001044,2026-09-08 00:40:00,19.228018,86.468325,14.0,210.0,210.0,MV INDIAN MARINER 44,IMO9001044,AT44,30,0,282,39,13.0,30,B
419001044,2026-09-08 00:45:00,19.211327,86.458128,14.0,210.0,210.0,MV INDIAN MARINER 44,IMO9001044,AT44,30,0,282,39,13.0,30,B
419001044,2026-09-08 00:50:00,19.194438,86.447786,14.0,210.0,210.0,MV INDIAN MARINER 44,IMO9001044,AT44,30,0,282,39,13.0,30,B
419001044,2026-09-08 00:55:00,19.177522,86.437411,14.0,210.0,210.0,MV INDIAN MARINER 44,IMO9001044,AT44,30,0,282,39,13.0,30,B
419001044,2026-09-08 01:00:00,19.160664,86.427191,14.0,210.0,210.0,MV INDIAN MARINER 44,IMO9001044,AT44,30,0,282,39,13.0,30,B
419001044,2026-09-08 01:05:00,19.143928,86.4168,14.0,210.0,210.0,MV INDIAN MARINER 44,IMO9001044,AT44,30,0,282,39,13.0,30,B
419001044,2026-09-08 01:10:00,19.127071,86.406561,14.0,210.0,210.0,MV INDIAN MARINER 44,IMO9001044,AT44,30,0,282,39,13.0,30,B
419001044,2026-09-08 01:15:00,19.110252,86.396116,14.0,210.0,210.0,MV INDIAN MARINER 44,IMO9001044,AT44,30,0,282,39,13.0,30,B
419001044,2026-09-08 01:20:00,19.093315,86.385736,14.0,210.0,210.0,MV INDIAN MARINER 44,IMO9001044,AT44,30,0,282,39,13.0,30,B
419001044,2026-09-08 01:25:00,19.076535,86.375461,14.0,210.0,210.0,MV INDIAN MARINER 44,IMO9001044,AT44,30,0,282,39,13.0,30,B
419001044,2026-09-08 01:30:00,19.059754,86.36521,14.0,210.0,210.0,MV INDIAN MARINER 44,IMO9001044,AT44,30,0,282,39,13.0,30,B
419001044,2026-09-08 01:35:00,19.042843,86.354891,14.0,210.0,210.0,MV INDIAN MARINER 44,IMO9001044,AT44,30,0,282,39,13.0,30,B
419001044,2026-09-08 01:40:00,19.026093,86.34455,14.0,210.0,210.0,MV INDIAN MARINER 44,IMO9001044,AT44,30,0,282,39,13.0,30,B
419001044,2026-09-08 01:45:00,19.00928,86.334221,14.0,210.0,210.0,MV INDIAN MARINER 44,IMO9001044,AT44,30,0,282,39,13.0,30,B
419001044,2026-09-08 01:50:00,18.992393,86.323867,14.0,210.0,210.0,MV INDIAN MARINER 44,IMO9001044,AT44,30,0,282,39,13.0,30,B
419001044,2026-09-08 01:55:00,18.97561,86.313608,14.0,210.0,210.0,MV INDIAN MARINER 44,IMO9001044,AT44,30,0,282,39,13.0,30,B
419001044,2026-09-08 02:00:00,18.958689,86.303342,14.0,210.0,210.0,MV INDIAN MARINER 44,IMO9001044,AT44,30,0,282,39,13.0,30,B
419001044,2026-09-08 02:05:00,18.941936,86.292861,14.0,210.0,210.0,MV INDIAN MARINER 44,IMO9001044,AT44,30,0,282,39,13.0,30,B
419001044,2026-09-08 02:10:00,18.924977,86.282699,14.0,210.0,210.0,MV INDIAN MARINER 44,IMO9001044,AT44,30,0,282,39,13.0,30,B
419001044,2026-09-08 02:15:00,18.90812,86.272203,14.0,210.0,210.0,MV INDIAN MARINER 44,IMO9001044,AT44,30,0,282,39,13.0,30,B
419001044,2026-09-08 02:20:00,18.891349,86.262018,14.0,210.0,210.0,MV INDIAN MARINER 44,IMO9001044,AT44,30,0,282,39,13.0,30,B
419001044,2026-09-08 02:25:00,18.87446,86.25154,14.0,210.0,210.0,MV INDIAN MARINER 44,IMO9001044,AT44,30,0,282,39,13.0,30,B
419001044,2026-09-08 02:30:00,18.857665,86.241307,14.0,210.0,210.0,MV INDIAN MARINER 44,IMO9001044,AT44,30,0,282,39,13.0,30,B
419001044,2026-09-08 02:35:00,18.84088,86.23102,14.0,210.0,210.0,MV INDIAN MARINER 44,IMO9001044,AT44,30,0,282,39,13.0,30,B
419001044,2026-09-08 02:40:00,18.824082,86.220755,14.0,210.0,210.0,MV INDIAN MARINER 44,IMO9001044,AT44,30,0,282,39,13.0,30,B
419001044,2026-09-08 02:45:00,18.80717,86.21044,14.0,210.0,210.0,MV INDIAN MARINER 44,IMO9001044,AT44,30,0,282,39,13.0,30,B
419001044,2026-09-08 02:50:00,18.790305,86.200104,14.0,210.0,210.0,MV INDIAN MARINER 44,IMO9001044,AT44,30,0,282,39,13.0,30,B
419001044,2026-09-08 02:55:00,18.773426,86.189727,14.0,210.0,210.0,MV INDIAN MARINER 44,IMO9001044,AT44,30,0,282,39,13.0,30,B
419001044,2026-09-08 03:00:00,18.756587,86.179304,14.0,210.0,210.0,MV INDIAN MARINER 44,IMO9001044,AT44,30,0,282,39,13.0,30,B
419001044,2026-09-08 03:05:00,18.739822,86.169005,14.0,210.0,210.0,MV INDIAN MARINER 44,IMO9001044,AT44,30,0,282,39,13.0,30,B
419001044,2026-09-08 03:10:00,18.723107,86.158802,14.0,210.0,210.0,MV INDIAN MARINER 44,IMO9001044,AT44,30,0,282,39,13.0,30,B
419001044,2026-09-08 03:15:00,18.706247,86.148353,14.0,210.0,210.0,MV INDIAN MARINER 44,IMO9001044,AT44,30,0,282,39,13.0,30,B
419001044,2026-09-08 03:20:00,18.689318,86.138104,14.0,210.0,210.0,MV INDIAN MARINER 44,IMO9001044,AT44,30,0,282,39,13.0,30,B
419001044,2026-09-08 03:25:00,18.672587,86.127677,14.0,210.0,210.0,MV INDIAN MARINER 44,IMO9001044,AT44,30,0,282,39,13.0,30,B
419001045,2026-09-07 17:30:00,14.196076,80.796146,15.0,195.0,195.0,MV INDIAN MARINER 45,IMO9001045,AT45,80,0,285,25,9.0,80,A
419001045,2026-09-07 17:35:00,14.176005,80.790607,15.0,195.0,195.0,MV INDIAN MARINER 45,IMO9001045,AT45,80,0,285,25,9.0,80,A
419001045,2026-09-07 17:40:00,14.155761,80.785022,15.0,195.0,195.0,MV INDIAN MARINER 45,IMO9001045,AT45,80,0,285,25,9.0,80,A
419001045,2026-09-07 17:45:00,14.135666,80.779463,15.0,195.0,195.0,MV INDIAN MARINER 45,IMO9001045,AT45,80,0,285,25,9.0,80,A
419001045,2026-09-07 17:50:00,14.115548,80.773962,15.0,195.0,195.0,MV INDIAN MARINER 45,IMO9001045,AT45,80,0,285,25,9.0,80,A
419001045,2026-09-07 17:55:00,14.095466,80.76842,15.0,195.0,195.0,MV INDIAN MARINER 45,IMO9001045,AT45,80,0,285,25,9.0,80,A
419001045,2026-09-07 18:00:00,14.075388,80.762955,15.0,195.0,195.0,MV INDIAN MARINER 45,IMO9001045,AT45,80,0,285,25,9.0,80,A
419001045,2026-09-07 18:05:00,14.055265,80.757312,15.0,195.0,195.0,MV INDIAN MARINER 45,IMO9001045,AT45,80,0,285,25,9.0,80,A
419001045,2026-09-07 18:10:00,14.035133,80.751797,15.0,195.0,195.0,MV INDIAN MARINER 45,IMO9001045,AT45,80,0,285,25,9.0,80,A
419001045,2026-09-07 18:15:00,14.01492,80.746195,15.0,195.0,195.0,MV INDIAN MARINER 45,IMO9001045,AT45,80,0,285,25,9.0,80,A
419001045,2026-09-07 18:20:00,13.994916,80.740722,15.0,195.0,195.0,MV INDIAN MARINER 45,IMO9001045,AT45,80,0,285,25,9.0,80,A
419001045,2026-09-07 18:25:00,13.974742,80.735313,15.0,195.0,195.0,MV INDIAN MARINER 45,IMO9001045,AT45,80,0,285,25,9.0,80,A
419001045,2026-09-07 18:30:00,13.954692,80.729676,15.0,195.0,195.0,MV INDIAN MARINER 45,IMO9001045,AT45,80,0,285,25,9.0,80,A
419001045,2026-09-07 18:35:00,13.934576,80.724229,15.0,195.0,195.0,MV INDIAN MARINER 45,IMO9001045,AT45,80,0,285,25,9.0,80,A
419001045,2026-09-07 18:40:00,13.914391,80.718609,15.0,195.0,195.0,MV INDIAN MARINER 45,IMO9001045,AT45,80,0,285,25,9.0,80,A
419001045,2026-09-07 18:45:00,13.894212,80.713005,15.0,195.0,195.0,MV INDIAN MARINER 45,IMO9001045,AT45,80,0,285,25,9.0,80,A
419001045,2026-09-07 18:50:00,13.874143,80.707468,15.0,195.0,195.0,MV INDIAN MARINER 45,IMO9001045,AT45,80,0,285,25,9.0,80,A
419001045,2026-09-07 18:55:00,13.854017,80.702094,15.0,195.0,195.0,MV INDIAN MARINER 45,IMO9001045,AT45,80,0,285,25,9.0,80,A
419001045,2026-09-07 19:00:00,13.83382,80.696502,15.0,195.0,195.0,MV INDIAN MARINER 45,IMO9001045,AT45,80,0,285,25,9.0,80,A
419001045,2026-09-07 19:05:00,13.813865,80.691049,15.0,195.0,195.0,MV INDIAN MARINER 45,IMO9001045,AT45,80,0,285,25,9.0,80,A
419001045,2026-09-07 19:10:00,13.793584,80.685491,15.0,195.0,195.0,MV INDIAN MARINER 45,IMO9001045,AT45,80,0,285,25,9.0,80,A
419001045,2026-09-07 19:15:00,13.773621,80.67997,15.0,195.0,195.0,MV INDIAN MARINER 45,IMO9001045,AT45,80,0,285,25,9.0,80,A
419001045,2026-09-07 19:20:00,13.753409,80.674313,15.0,195.0,195.0,MV INDIAN MARINER 45,IMO9001045,AT45,80,0,285,25,9.0,80,A
419001045,2026-09-07 19:25:00,13.733366,80.66882,15.0,195.0,195.0,MV INDIAN MARINER 45,IMO9001045,AT45,80,0,285,25,9.0,80,A
419001045,2026-09-07 19:30:00,13.713207,80.663325,15.0,195.0,195.0,MV INDIAN MARINER 45,IMO9001045,AT45,80,0,285,25,9.0,80,A
419001045,2026-09-07 19:35:00,13.693009,80.657687,15.0,195.0,195.0,MV INDIAN MARINER 45,IMO9001045,AT45,80,0,285,25,9.0,80,A
419001045,2026-09-07 19:40:00,13.672989,80.65223,15.0,195.0,195.0,MV INDIAN MARINER 45,IMO9001045,AT45,80,0,285,25,9.0,80,A
419001045,2026-09-07 19:45:00,13.652864,80.646689,15.0,195.0,195.0,MV INDIAN MARINER 45,IMO9001045,AT45,80,0,285,25,9.0,80,A
419001045,2026-09-07 19:50:00,13.632786,80.641148,15.0,195.0,195.0,MV INDIAN MARINER 45,IMO9001045,AT45,80,0,285,25,9.0,80,A
419001045,2026-09-07 19:55:00,13.612517,80.635618,15.0,195.0,195.0,MV INDIAN MARINER 45,IMO9001045,AT45,80,0,285,25,9.0,80,A
419001045,2026-09-07 20:00:00,13.592412,80.630144,15.0,195.0,195.0,MV INDIAN MARINER 45,IMO9001045,AT45,80,0,285,25,9.0,80,A
419001045,2026-09-07 20:05:00,13.572442,80.624512,15.0,195.0,195.0,MV INDIAN MARINER 45,IMO9001045,AT45,80,0,285,25,9.0,80,A
419001045,2026-09-07 20:10:00,13.552221,80.619122,15.0,195.0,195.0,MV INDIAN MARINER 45,IMO9001045,AT45,80,0,285,25,9.0,80,A
419001045,2026-09-07 20:15:00,13.532112,80.613561,15.0,195.0,195.0,MV INDIAN MARINER 45,IMO9001045,AT45,80,0,285,25,9.0,80,A
419001045,2026-09-07 20:20:00,13.511972,80.607923,15.0,195.0,195.0,MV INDIAN MARINER 45,IMO9001045,AT45,80,0,285,25,9.0,80,A
419001045,2026-09-07 20:25:00,13.49185,80.602413,15.0,195.0,195.0,MV INDIAN MARINER 45,IMO9001045,AT45,80,0,285,25,9.0,80,A
419001045,2026-09-07 20:30:00,13.471804,80.596979,15.0,195.0,195.0,MV INDIAN MARINER 45,IMO9001045,AT45,80,0,285,25,9.0,80,A
419001045,2026-09-07 20:35:00,13.451692,80.591389,15.0,195.0,195.0,MV INDIAN MARINER 45,IMO9001045,AT45,80,0,285,25,9.0,80,A
419001045,2026-09-07 20:40:00,13.431583,80.585855,15.0,195.0,195.0,MV INDIAN MARINER 45,IMO9001045,AT45,80,0,285,25,9.0,80,A
419001045,2026-09-07 20:45:00,13.411338,80.580398,15.0,195.0,195.0,MV INDIAN MARINER 45,IMO9001045,AT45,80,0,285,25,9.0,80,A
419001045,2026-09-07 20:50:00,13.391364,80.574741,15.0,195.0,195.0,MV INDIAN MARINER 45,IMO9001045,AT45,80,0,285,25,9.0,80,A
419001045,2026-09-07 20:55:00,13.371155,80.569329,15.0,195.0,195.0,MV INDIAN MARINER 45,IMO9001045,AT45,80,0,285,25,9.0,80,A
419001045,2026-09-07 21:00:00,13.351055,80.563766,15.0,195.0,195.0,MV INDIAN MARINER 45,IMO9001045,AT45,80,0,285,25,9.0,80,A
419001045,2026-09-07 21:05:00,13.33094,80.55808,15.0,195.0,195.0,MV INDIAN MARINER 45,IMO9001045,AT45,80,0,285,25,9.0,80,A
419001045,2026-09-07 21:10:00,13.310776,80.552715,15.0,195.0,195.0,MV INDIAN MARINER 45,IMO9001045,AT45,80,0,285,25,9.0,80,A
419001045,2026-09-07 21:15:00,13.290632,80.547087,15.0,195.0,195.0,MV INDIAN MARINER 45,IMO9001045,AT45,80,0,285,25,9.0,80,A
419001045,2026-09-07 21:20:00,13.27064,80.541602,15.0,195.0,195.0,MV INDIAN MARINER 45,IMO9001045,AT45,80,0,285,25,9.0,80,A
419001045,2026-09-07 21:25:00,13.250426,80.535953,15.0,195.0,195.0,MV INDIAN MARINER 45,IMO9001045,AT45,80,0,285,25,9.0,80,A
419001045,2026-09-07 21:30:00,13.23037,80.530596,15.0,195.0,195.0,MV INDIAN MARINER 45,IMO9001045,AT45,80,0,285,25,9.0,80,A
419001045,2026-09-07 21:35:00,13.210131,80.525009,15.0,195.0,195.0,MV INDIAN MARINER 45,IMO9001045,AT45,80,0,285,25,9.0,80,A
419001045,2026-09-07 21:40:00,13.189986,80.519468,15.0,195.0,195.0,MV INDIAN MARINER 45,IMO9001045,AT45,80,0,285,25,9.0,80,A
419001045,2026-09-07 21:45:00,13.169912,80.513916,15.0,195.0,195.0,MV INDIAN MARINER 45,IMO9001045,AT45,80,0,285,25,9.0,80,A
419001045,2026-09-07 21:50:00,13.1499,80.508463,15.0,195.0,195.0,MV INDIAN MARINER 45,IMO9001045,AT45,80,0,285,25,9.0,80,A
419001045,2026-09-07 21:55:00,13.129732,80.50275,15.0,195.0,195.0,MV INDIAN MARINER 45,IMO9001045,AT45,80,0,285,25,9.0,80,A
419001045,2026-09-07 22:00:00,13.109667,80.497397,15.0,195.0,195.0,MV INDIAN MARINER 45,IMO9001045,AT45,80,0,285,25,9.0,80,A
419001045,2026-09-07 22:05:00,13.089403,80.491816,15.0,195.0,195.0,MV INDIAN MARINER 45,IMO9001045,AT45,80,0,285,25,9.0,80,A
419001045,2026-09-07 22:10:00,13.069385,80.486183,15.0,195.0,195.0,MV INDIAN MARINER 45,IMO9001045,AT45,80,0,285,25,9.0,80,A
419001045,2026-09-07 22:15:00,13.049304,80.48081,15.0,195.0,195.0,MV INDIAN MARINER 45,IMO9001045,AT45,80,0,285,25,9.0,80,A
419001045,2026-09-07 22:20:00,13.029057,80.475133,15.0,195.0,195.0,MV INDIAN MARINER 45,IMO9001045,AT45,80,0,285,25,9.0,80,A
419001045,2026-09-07 22:25:00,13.008939,80.469694,15.0,195.0,195.0,MV INDIAN MARINER 45,IMO9001045,AT45,80,0,285,25,9.0,80,A
419001045,2026-09-07 22:30:00,12.988883,80.464066,15.0,195.0,195.0,MV INDIAN MARINER 45,IMO9001045,AT45,80,0,285,25,9.0,80,A
419001045,2026-09-07 22:35:00,12.968724,80.458636,15.0,195.0,195.0,MV INDIAN MARINER 45,IMO9001045,AT45,80,0,285,25,9.0,80,A
419001045,2026-09-07 22:40:00,12.948594,80.452963,15.0,195.0,195.0,MV INDIAN MARINER 45,IMO9001045,AT45,80,0,285,25,9.0,80,A
419001045,2026-09-07 22:45:00,12.928595,80.447546,15.0,195.0,195.0,MV INDIAN MARINER 45,IMO9001045,AT45,80,0,285,25,9.0,80,A
419001045,2026-09-07 22:50:00,12.908428,80.441977,15.0,195.0,195.0,MV INDIAN MARINER 45,IMO9001045,AT45,80,0,285,25,9.0,80,A
419001045,2026-09-07 22:55:00,12.888338,80.436357,15.0,195.0,195.0,MV INDIAN MARINER 45,IMO9001045,AT45,80,0,285,25,9.0,80,A
419001045,2026-09-07 23:00:00,12.868163,80.430827,15.0,195.0,195.0,MV INDIAN MARINER 45,IMO9001045,AT45,80,0,285,25,9.0,80,A
419001045,2026-09-07 23:05:00,12.847976,80.425476,15.0,195.0,195.0,MV INDIAN MARINER 45,IMO9001045,AT45,80,0,285,25,9.0,80,A
419001045,2026-09-07 23:10:00,12.827857,80.419908,15.0,195.0,195.0,MV INDIAN MARINER 45,IMO9001045,AT45,80,0,285,25,9.0,80,A
419001045,2026-09-07 23:15:00,12.80788,80.414372,15.0,195.0,195.0,MV INDIAN MARINER 45,IMO9001045,AT45,80,0,285,25,9.0,80,A
419001045,2026-09-07 23:20:00,12.787632,80.408728,15.0,195.0,195.0,MV INDIAN MARINER 45,IMO9001045,AT45,80,0,285,25,9.0,80,A
419001045,2026-09-07 23:25:00,12.767602,80.403181,15.0,195.0,195.0,MV INDIAN MARINER 45,IMO9001045,AT45,80,0,285,25,9.0,80,A
419001045,2026-09-07 23:30:00,12.74739,80.397717,15.0,195.0,195.0,MV INDIAN MARINER 45,IMO9001045,AT45,80,0,285,25,9.0,80,A
419001045,2026-09-07 23:35:00,12.727294,80.392197,15.0,195.0,195.0,MV INDIAN MARINER 45,IMO9001045,AT45,80,0,285,25,9.0,80,A
419001045,2026-09-07 23:40:00,12.707233,80.386719,15.0,195.0,195.0,MV INDIAN MARINER 45,IMO9001045,AT45,80,0,285,25,9.0,80,A
419001045,2026-09-07 23:45:00,12.687001,80.381104,15.0,195.0,195.0,MV INDIAN MARINER 45,IMO9001045,AT45,80,0,285,25,9.0,80,A
419001045,2026-09-07 23:50:00,12.667037,80.375602,15.0,195.0,195.0,MV INDIAN MARINER 45,IMO9001045,AT45,80,0,285,25,9.0,80,A
419001045,2026-09-07 23:55:00,12.646821,80.370058,15.0,195.0,195.0,MV INDIAN MARINER 45,IMO9001045,AT45,80,0,285,25,9.0,80,A
419001045,2026-09-08 00:00:00,12.626771,80.364434,15.0,195.0,195.0,MV INDIAN MARINER 45,IMO9001045,AT45,80,0,285,25,9.0,80,A
419001045,2026-09-08 00:05:00,12.606536,80.359092,15.0,195.0,195.0,MV INDIAN MARINER 45,IMO9001045,AT45,80,0,285,25,9.0,80,A
419001045,2026-09-08 00:10:00,12.58655,80.353553,15.0,195.0,195.0,MV INDIAN MARINER 45,IMO9001045,AT45,80,0,285,25,9.0,80,A
419001045,2026-09-08 00:15:00,12.56645,80.347829,15.0,195.0,195.0,MV INDIAN MARINER 45,IMO9001045,AT45,80,0,285,25,9.0,80,A
419001045,2026-09-08 00:20:00,12.546292,80.342473,15.0,195.0,195.0,MV INDIAN MARINER 45,IMO9001045,AT45,80,0,285,25,9.0,80,A
419001045,2026-09-08 00:25:00,12.526205,80.336824,15.0,195.0,195.0,MV INDIAN MARINER 45,IMO9001045,AT45,80,0,285,25,9.0,80,A
419001045,2026-09-08 00:30:00,12.506005,80.33128,15.0,195.0,195.0,MV INDIAN MARINER 45,IMO9001045,AT45,80,0,285,25,9.0,80,A
419001045,2026-09-08 00:35:00,12.485854,80.325879,15.0,195.0,195.0,MV INDIAN MARINER 45,IMO9001045,AT45,80,0,285,25,9.0,80,A
419001045,2026-09-08 00:40:00,12.465766,80.320249,15.0,195.0,195.0,MV INDIAN MARINER 45,IMO9001045,AT45,80,0,285,25,9.0,80,A
419001045,2026-09-08 00:45:00,12.445739,80.314773,15.0,195.0,195.0,MV INDIAN MARINER 45,IMO9001045,AT45,80,0,285,25,9.0,80,A
419001045,2026-09-08 00:50:00,12.425461,80.309282,15.0,195.0,195.0,MV INDIAN MARINER 45,IMO9001045,AT45,80,0,285,25,9.0,80,A
419001045,2026-09-08 00:55:00,12.405454,80.303573,15.0,195.0,195.0,MV INDIAN MARINER 45,IMO9001045,AT45,80,0,285,25,9.0,80,A
419001045,2026-09-08 01:00:00,12.385325,80.298111,15.0,195.0,195.0,MV INDIAN MARINER 45,IMO9001045,AT45,80,0,285,25,9.0,80,A
419001045,2026-09-08 01:05:00,12.365131,80.292644,15.0,195.0,195.0,MV INDIAN MARINER 45,IMO9001045,AT45,80,0,285,25,9.0,80,A
419001045,2026-09-08 01:10:00,12.344988,80.287072,15.0,195.0,195.0,MV INDIAN MARINER 45,IMO9001045,AT45,80,0,285,25,9.0,80,A
419001045,2026-09-08 01:15:00,12.324935,80.281602,15.0,195.0,195.0,MV INDIAN MARINER 45,IMO9001045,AT45,80,0,285,25,9.0,80,A
419001045,2026-09-08 01:20:00,12.304791,80.27597,15.0,195.0,195.0,MV INDIAN MARINER 45,IMO9001045,AT45,80,0,285,25,9.0,80,A
419001045,2026-09-08 01:25:00,12.284642,80.27041,15.0,195.0,195.0,MV INDIAN MARINER 45,IMO9001045,AT45,80,0,285,25,9.0,80,A
419001045,2026-09-08 01:30:00,12.264482,80.264901,15.0,195.0,195.0,MV INDIAN MARINER 45,IMO9001045,AT45,80,0,285,25,9.0,80,A
419001045,2026-09-08 01:35:00,12.244461,80.259494,15.0,195.0,195.0,MV INDIAN MARINER 45,IMO9001045,AT45,80,0,285,25,9.0,80,A
419001045,2026-09-08 01:40:00,12.224252,80.253921,15.0,195.0,195.0,MV INDIAN MARINER 45,IMO9001045,AT45,80,0,285,25,9.0,80,A
419001045,2026-09-08 01:45:00,12.204178,80.248356,15.0,195.0,195.0,MV INDIAN MARINER 45,IMO9001045,AT45,80,0,285,25,9.0,80,A
419001045,2026-09-08 01:50:00,12.184087,80.242885,15.0,195.0,195.0,MV INDIAN MARINER 45,IMO9001045,AT45,80,0,285,25,9.0,80,A
419001045,2026-09-08 01:55:00,12.1639,80.237339,15.0,195.0,195.0,MV INDIAN MARINER 45,IMO9001045,AT45,80,0,285,25,9.0,80,A
419001045,2026-09-08 02:00:00,12.143838,80.231643,15.0,195.0,195.0,MV INDIAN MARINER 45,IMO9001045,AT45,80,0,285,25,9.0,80,A
419001045,2026-09-08 02:05:00,12.1237,80.226305,15.0,195.0,195.0,MV INDIAN MARINER 45,IMO9001045,AT45,80,0,285,25,9.0,80,A
419001045,2026-09-08 02:10:00,12.103684,80.220772,15.0,195.0,195.0,MV INDIAN MARINER 45,IMO9001045,AT45,80,0,285,25,9.0,80,A
419001045,2026-09-08 02:15:00,12.083533,80.215201,15.0,195.0,195.0,MV INDIAN MARINER 45,IMO9001045,AT45,80,0,285,25,9.0,80,A
419001045,2026-09-08 02:20:00,12.063369,80.209514,15.0,195.0,195.0,MV INDIAN MARINER 45,IMO9001045,AT45,80,0,285,25,9.0,80,A
419001045,2026-09-08 02:25:00,12.043188,80.204125,15.0,195.0,195.0,MV INDIAN MARINER 45,IMO9001045,AT45,80,0,285,25,9.0,80,A
419001045,2026-09-08 02:30:00,12.023109,80.198554,15.0,195.0,195.0,MV INDIAN MARINER 45,IMO9001045,AT45,80,0,285,25,9.0,80,A
419001045,2026-09-08 02:35:00,12.002915,80.193056,15.0,195.0,195.0,MV INDIAN MARINER 45,IMO9001045,AT45,80,0,285,25,9.0,80,A
419001045,2026-09-08 02:40:00,11.982963,80.187501,15.0,195.0,195.0,MV INDIAN MARINER 45,IMO9001045,AT45,80,0,285,25,9.0,80,A
419001045,2026-09-08 02:45:00,11.962839,80.181963,15.0,195.0,195.0,MV INDIAN MARINER 45,IMO9001045,AT45,80,0,285,25,9.0,80,A
419001045,2026-09-08 02:50:00,11.942627,80.176381,15.0,195.0,195.0,MV INDIAN MARINER 45,IMO9001045,AT45,80,0,285,25,9.0,80,A
419001045,2026-09-08 02:55:00,11.922487,80.170799,15.0,195.0,195.0,MV INDIAN MARINER 45,IMO9001045,AT45,80,0,285,25,9.0,80,A
419001045,2026-09-08 03:00:00,11.902483,80.165289,15.0,195.0,195.0,MV INDIAN MARINER 45,IMO9001045,AT45,80,0,285,25,9.0,80,A
419001045,2026-09-08 03:05:00,11.882194,80.15985,15.0,195.0,195.0,MV INDIAN MARINER 45,IMO9001045,AT45,80,0,285,25,9.0,80,A
419001045,2026-09-08 03:10:00,11.862126,80.154346,15.0,195.0,195.0,MV INDIAN MARINER 45,IMO9001045,AT45,80,0,285,25,9.0,80,A
419001045,2026-09-08 03:15:00,11.841989,80.148798,15.0,195.0,195.0,MV INDIAN MARINER 45,IMO9001045,AT45,80,0,285,25,9.0,80,A
419001045,2026-09-08 03:20:00,11.821836,80.143129,15.0,195.0,195.0,MV INDIAN MARINER 45,IMO9001045,AT45,80,0,285,25,9.0,80,A
419001045,2026-09-08 03:25:00,11.801769,80.137684,15.0,195.0,195.0,MV INDIAN MARINER 45,IMO9001045,AT45,80,0,285,25,9.0,80,A
419001046,2026-09-07 17:30:00,18.517777,84.448921,16.0,225.0,225.0,MV INDIAN MARINER 46,IMO9001046,AT46,70,0,288,26,10.0,70,A
419001046,2026-09-07 17:35:00,18.502099,84.432513,16.0,225.0,225.0,MV INDIAN MARINER 46,IMO9001046,AT46,70,0,288,26,10.0,70,A
419001046,2026-09-07 17:40:00,18.486277,84.415933,16.0,225.0,225.0,MV INDIAN MARINER 46,IMO9001046,AT46,70,0,288,26,10.0,70,A
419001046,2026-09-07 17:45:00,18.470672,84.399469,16.0,225.0,225.0,MV INDIAN MARINER 46,IMO9001046,AT46,70,0,288,26,10.0,70,A
419001046,2026-09-07 17:50:00,18.454938,84.382939,16.0,225.0,225.0,MV INDIAN MARINER 46,IMO9001046,AT46,70,0,288,26,10.0,70,A
419001046,2026-09-07 17:55:00,18.439086,84.366485,16.0,225.0,225.0,MV INDIAN MARINER 46,IMO9001046,AT46,70,0,288,26,10.0,70,A
419001046,2026-09-07 18:00:00,18.423445,84.349937,16.0,225.0,225.0,MV INDIAN MARINER 46,IMO9001046,AT46,70,0,288,26,10.0,70,A
419001046,2026-09-07 18:05:00,18.40782,84.333543,16.0,225.0,225.0,MV INDIAN MARINER 46,IMO9001046,AT46,70,0,288,26,10.0,70,A
419001046,2026-09-07 18:10:00,18.391955,84.317033,16.0,225.0,225.0,MV INDIAN MARINER 46,IMO9001046,AT46,70,0,288,26,10.0,70,A
419001046,2026-09-07 18:15:00,18.376329,84.300586,16.0,225.0,225.0,MV INDIAN MARINER 46,IMO9001046,AT46,70,0,288,26,10.0,70,A
419001046,2026-09-07 18:20:00,18.360588,84.284086,16.0,225.0,225.0,MV INDIAN MARINER 46,IMO9001046,AT46,70,0,288,26,10.0,70,A
419001046,2026-09-07 18:25:00,18.344995,84.267618,16.0,225.0,225.0,MV INDIAN MARINER 46,IMO9001046,AT46,70,0,288,26,10.0,70,A
419001046,2026-09-07 18:30:00,18.329179,84.251165,16.0,225.0,225.0,MV INDIAN MARINER 46,IMO9001046,AT46,70,0,288,26,10.0,70,A
419001046,2026-09-07 18:35:00,18.313497,84.234719,16.0,225.0,225.0,MV INDIAN MARINER 46,IMO9001046,AT46,70,0,288,26,10.0,70,A
419001046,2026-09-07 18:40:00,18.297847,84.218099,16.0,225.0,225.0,MV INDIAN MARINER 46,IMO9001046,AT46,70,0,288,26,10.0,70,A
419001046,2026-09-07 18:45:00,18.28215,84.201643,16.0,225.0,225.0,MV INDIAN MARINER 46,IMO9001046,AT46,70,0,288,26,10.0,70,A
419001046,2026-09-07 18:50:00,18.26632,84.185185,16.0,225.0,225.0,MV INDIAN MARINER 46,IMO9001046,AT46,70,0,288,26,10.0,70,A
419001046,2026-09-07 18:55:00,18.250581,84.168751,16.0,225.0,225.0,MV INDIAN MARINER 46,IMO9001046,AT46,70,0,288,26,10.0,70,A
419001046,2026-09-07 19:00:00,18.234836,84.152203,16.0,225.0,225.0,MV INDIAN MARINER 46,IMO9001046,AT46,70,0,288,26,10.0,70,A
419001046,2026-09-07 19:05:00,18.219183,84.135742,16.0,225.0,225.0,MV INDIAN MARINER 46,IMO9001046,AT46,70,0,288,26,10.0,70,A
419001046,2026-09-07 19:10:00,18.203596,84.119265,16.0,225.0,225.0,MV INDIAN MARINER 46,IMO9001046,AT46,70,0,288,26,10.0,70,A
419001046,2026-09-07 19:15:00,18.187776,84.102866,16.0,225.0,225.0,MV INDIAN MARINER 46,IMO9001046,AT46,70,0,288,26,10.0,70,A
419001046,2026-09-07 19:20:00,18.172015,84.086253,16.0,225.0,225.0,MV INDIAN MARINER 46,IMO9001046,AT46,70,0,288,26,10.0,70,A
419001046,2026-09-07 19:25:00,18.156274,84.069912,16.0,225.0,225.0,MV INDIAN MARINER 46,IMO9001046,AT46,70,0,288,26,10.0,70,A
419001046,2026-09-07 19:30:00,18.140709,84.053328,16.0,225.0,225.0,MV INDIAN MARINER 46,IMO9001046,AT46,70,0,288,26,10.0,70,A
419001046,2026-09-07 19:35:00,18.124897,84.036926,16.0,225.0,225.0,MV INDIAN MARINER 46,IMO9001046,AT46,70,0,288,26,10.0,70,A
419001046,2026-09-07 19:40:00,18.109324,84.020479,16.0,225.0,225.0,MV INDIAN MARINER 46,IMO9001046,AT46,70,0,288,26,10.0,70,A
419001046,2026-09-07 19:45:00,18.093506,84.003847,16.0,225.0,225.0,MV INDIAN MARINER 46,IMO9001046,AT46,70,0,288,26,10.0,70,A
419001046,2026-09-07 19:50:00,18.077752,83.987391,16.0,225.0,225.0,MV INDIAN MARINER 46,IMO9001046,AT46,70,0,288,26,10.0,70,A
419001046,2026-09-07 19:55:00,18.062024,83.971006,16.0,225.0,225.0,MV INDIAN MARINER 46,IMO9001046,AT46,70,0,288,26,10.0,70,A
419001046,2026-09-07 20:00:00,18.046309,83.954588,16.0,225.0,225.0,MV INDIAN MARINER 46,IMO9001046,AT46,70,0,288,26,10.0,70,A
419001046,2026-09-07 20:05:00,18.030617,83.938073,16.0,225.0,225.0,MV INDIAN MARINER 46,IMO9001046,AT46,70,0,288,26,10.0,70,A
419001046,2026-09-07 20:10:00,18.014996,83.921579,16.0,225.0,225.0,MV INDIAN MARINER 46,IMO9001046,AT46,70,0,288,26,10.0,70,A
419001046,2026-09-07 20:15:00,17.999271,83.905143,16.0,225.0,225.0,MV INDIAN MARINER 46,IMO9001046,AT46,70,0,288,26,10.0,70,A
419001046,2026-09-07 20:20:00,17.983531,83.888587,16.0,225.0,225.0,MV INDIAN MARINER 46,IMO9001046,AT46,70,0,288,26,10.0,70,A
419001046,2026-09-07 20:25:00,17.967791,83.872159,16.0,225.0,225.0,MV INDIAN MARINER 46,IMO9001046,AT46,70,0,288,26,10.0,70,A
419001046,2026-09-07 20:30:00,17.95208,83.855564,16.0,225.0,225.0,MV INDIAN MARINER 46,IMO9001046,AT46,70,0,288,26,10.0,70,A
419001046,2026-09-07 20:35:00,17.936337,83.839229,16.0,225.0,225.0,MV INDIAN MARINER 46,IMO9001046,AT46,70,0,288,26,10.0,70,A
419001046,2026-09-07 20:40:00,17.920681,83.822634,16.0,225.0,225.0,MV INDIAN MARINER 46,IMO9001046,AT46,70,0,288,26,10.0,70,A
419001046,2026-09-07 20:45:00,17.904944,83.806205,16.0,225.0,225.0,MV INDIAN MARINER 46,IMO9001046,AT46,70,0,288,26,10.0,70,A
419001046,2026-09-07 20:50:00,17.889214,83.789635,16.0,225.0,225.0,MV INDIAN MARINER 46,IMO9001046,AT46,70,0,288,26,10.0,70,A
419001046,2026-09-07 20:55:00,17.873607,83.773167,16.0,225.0,225.0,MV INDIAN MARINER 46,IMO9001046,AT46,70,0,288,26,10.0,70,A
419001046,2026-09-07 21:00:00,17.857949,83.75666,16.0,225.0,225.0,MV INDIAN MARINER 46,IMO9001046,AT46,70,0,288,26,10.0,70,A
419001046,2026-09-07 21:05:00,17.842146,83.740185,16.0,225.0,225.0,MV INDIAN MARINER 46,IMO9001046,AT46,70,0,288,26,10.0,70,A
419001046,2026-09-07 21:10:00,17.826524,83.723726,16.0,225.0,225.0,MV INDIAN MARINER 46,IMO9001046,AT46,70,0,288,26,10.0,70,A
419001046,2026-09-07 21:15:00,17.810733,83.707263,16.0,225.0,225.0,MV INDIAN MARINER 46,IMO9001046,AT46,70,0,288,26,10.0,70,A
419001046,2026-09-07 21:20:00,17.79498,83.690832,16.0,225.0,225.0,MV INDIAN MARINER 46,IMO9001046,AT46,70,0,288,26,10.0,70,A
419001046,2026-09-07 21:25:00,17.779295,83.674251,16.0,225.0,225.0,MV INDIAN MARINER 46,IMO9001046,AT46,70,0,288,26,10.0,70,A
419001046,2026-09-07 21:30:00,17.763547,83.657933,16.0,225.0,225.0,MV INDIAN MARINER 46,IMO9001046,AT46,70,0,288,26,10.0,70,A
419001046,2026-09-07 21:35:00,17.747986,83.641321,16.0,225.0,225.0,MV INDIAN MARINER 46,IMO9001046,AT46,70,0,288,26,10.0,70,A
419001046,2026-09-07 21:40:00,17.732185,83.6248,16.0,225.0,225.0,MV INDIAN MARINER 46,IMO9001046,AT46,70,0,288,26,10.0,70,A
419001046,2026-09-07 21:45:00,17.716449,83.608484,16.0,225.0,225.0,MV INDIAN MARINER 46,IMO9001046,AT46,70,0,288,26,10.0,70,A
419001046,2026-09-07 21:50:00,17.700847,83.591906,16.0,225.0,225.0,MV INDIAN MARINER 46,IMO9001046,AT46,70,0,288,26,10.0,70,A
419001046,2026-09-07 21:55:00,17.685132,83.57544,16.0,225.0,225.0,MV INDIAN MARINER 46,IMO9001046,AT46,70,0,288,26,10.0,70,A
419001046,2026-09-07 22:00:00,17.66944,83.558992,16.0,225.0,225.0,MV INDIAN MARINER 46,IMO9001046,AT46,70,0,288,26,10.0,70,A
419001046,2026-09-07 22:05:00,17.653686,83.542512,16.0,225.0,225.0,MV INDIAN MARINER 46,IMO9001046,AT46,70,0,288,26,10.0,70,A
419001046,2026-09-07 22:10:00,17.637871,83.525928,16.0,225.0,225.0,MV INDIAN MARINER 46,IMO9001046,AT46,70,0,288,26,10.0,70,A
419001046,2026-09-07 22:15:00,17.622235,83.50959,16.0,225.0,225.0,MV INDIAN MARINER 46,IMO9001046,AT46,70,0,288,26,10.0,70,A
419001046,2026-09-07 22:20:00,17.60641,83.493041,16.0,225.0,225.0,MV INDIAN MARINER 46,IMO9001046,AT46,70,0,288,26,10.0,70,A
419001046,2026-09-07 22:25:00,17.590879,83.476673,16.0,225.0,225.0,MV INDIAN MARINER 46,IMO9001046,AT46,70,0,288,26,10.0,70,A
419001046,2026-09-07 22:30:00,17.574992,83.460186,16.0,225.0,225.0,MV INDIAN MARINER 46,IMO9001046,AT46,70,0,288,26,10.0,70,A
419001046,2026-09-07 22:35:00,17.559355,83.443605,16.0,225.0,225.0,MV INDIAN MARINER 46,IMO9001046,AT46,70,0,288,26,10.0,70,A
419001046,2026-09-07 22:40:00,17.543668,83.427161,16.0,225.0,225.0,MV INDIAN MARINER 46,IMO9001046,AT46,70,0,288,26,10.0,70,A
419001046,2026-09-07 22:45:00,17.528017,83.410727,16.0,225.0,225.0,MV INDIAN MARINER 46,IMO9001046,AT46,70,0,288,26,10.0,70,A
419001046,2026-09-07 22:50:00,17.512194,83.394086,16.0,225.0,225.0,MV INDIAN MARINER 46,IMO9001046,AT46,70,0,288,26,10.0,70,A
419001046,2026-09-07 22:55:00,17.496531,83.377795,16.0,225.0,225.0,MV INDIAN MARINER 46,IMO9001046,AT46,70,0,288,26,10.0,70,A
419001046,2026-09-07 23:00:00,17.480733,83.361273,16.0,225.0,225.0,MV INDIAN MARINER 46,IMO9001046,AT46,70,0,288,26,10.0,70,A
419001046,2026-09-07 23:05:00,17.465142,83.344669,16.0,225.0,225.0,MV INDIAN MARINER 46,IMO9001046,AT46,70,0,288,26,10.0,70,A
419001046,2026-09-07 23:10:00,17.449341,83.328272,16.0,225.0,225.0,MV INDIAN MARINER 46,IMO9001046,AT46,70,0,288,26,10.0,70,A
419001046,2026-09-07 23:15:00,17.43369,83.311704,16.0,225.0,225.0,MV INDIAN MARINER 46,IMO9001046,AT46,70,0,288,26,10.0,70,A
419001046,2026-09-07 23:20:00,17.417967,83.295291,16.0,225.0,225.0,MV INDIAN MARINER 46,IMO9001046,AT46,70,0,288,26,10.0,70,A
419001046,2026-09-07 23:25:00,17.402242,83.278821,16.0,225.0,225.0,MV INDIAN MARINER 46,IMO9001046,AT46,70,0,288,26,10.0,70,A
419001046,2026-09-07 23:30:00,17.386492,83.26236,16.0,225.0,225.0,MV INDIAN MARINER 46,IMO9001046,AT46,70,0,288,26,10.0,70,A
419001046,2026-09-07 23:35:00,17.370867,83.245795,16.0,225.0,225.0,MV INDIAN MARINER 46,IMO9001046,AT46,70,0,288,26,10.0,70,A
419001046,2026-09-07 23:40:00,17.355152,83.22946,16.0,225.0,225.0,MV INDIAN MARINER 46,IMO9001046,AT46,70,0,288,26,10.0,70,A
419001046,2026-09-07 23:45:00,17.339416,83.212885,16.0,225.0,225.0,MV INDIAN MARINER 46,IMO9001046,AT46,70,0,288,26,10.0,70,A
419001046,2026-09-07 23:50:00,17.323692,83.196496,16.0,225.0,225.0,MV INDIAN MARINER 46,IMO9001046,AT46,70,0,288,26,10.0,70,A
419001046,2026-09-07 23:55:00,17.307946,83.179847,16.0,225.0,225.0,MV INDIAN MARINER 46,IMO9001046,AT46,70,0,288,26,10.0,70,A
419001046,2026-09-08 00:00:00,17.29224,83.163416,16.0,225.0,225.0,MV INDIAN MARINER 46,IMO9001046,AT46,70,0,288,26,10.0,70,A
419001046,2026-09-08 00:05:00,17.276558,83.146955,16.0,225.0,225.0,MV INDIAN MARINER 46,IMO9001046,AT46,70,0,288,26,10.0,70,A
419001046,2026-09-08 00:10:00,17.260836,83.130447,16.0,225.0,225.0,MV INDIAN MARINER 46,IMO9001046,AT46,70,0,288,26,10.0,70,A
419001046,2026-09-08 00:15:00,17.245099,83.114064,16.0,225.0,225.0,MV INDIAN MARINER 46,IMO9001046,AT46,70,0,288,26,10.0,70,A
419001046,2026-09-08 00:20:00,17.229533,83.097577,16.0,225.0,225.0,MV INDIAN MARINER 46,IMO9001046,AT46,70,0,288,26,10.0,70,A
419001046,2026-09-08 00:25:00,17.213813,83.081117,16.0,225.0,225.0,MV INDIAN MARINER 46,IMO9001046,AT46,70,0,288,26,10.0,70,A
419001046,2026-09-08 00:30:00,17.197964,83.064537,16.0,225.0,225.0,MV INDIAN MARINER 46,IMO9001046,AT46,70,0,288,26,10.0,70,A
419001046,2026-09-08 00:35:00,17.182411,83.048037,16.0,225.0,225.0,MV INDIAN MARINER 46,IMO9001046,AT46,70,0,288,26,10.0,70,A
419001046,2026-09-08 00:40:00,17.16661,83.031537,16.0,225.0,225.0,MV INDIAN MARINER 46,IMO9001046,AT46,70,0,288,26,10.0,70,A
419001046,2026-09-08 00:45:00,17.150949,83.015243,16.0,225.0,225.0,MV INDIAN MARINER 46,IMO9001046,AT46,70,0,288,26,10.0,70,A
419001046,2026-09-08 00:50:00,17.135222,82.998636,16.0,225.0,225.0,MV INDIAN MARINER 46,IMO9001046,AT46,70,0,288,26,10.0,70,A
419001046,2026-09-08 00:55:00,17.11949,82.982278,16.0,225.0,225.0,MV INDIAN MARINER 46,IMO9001046,AT46,70,0,288,26,10.0,70,A
419001046,2026-09-08 01:00:00,17.103688,82.965673,16.0,225.0,225.0,MV INDIAN MARINER 46,IMO9001046,AT46,70,0,288,26,10.0,70,A
419001046,2026-09-08 01:05:00,17.08804,82.949208,16.0,225.0,225.0,MV INDIAN MARINER 46,IMO9001046,AT46,70,0,288,26,10.0,70,A
419001046,2026-09-08 01:10:00,17.072264,82.93268,16.0,225.0,225.0,MV INDIAN MARINER 46,IMO9001046,AT46,70,0,288,26,10.0,70,A
419001046,2026-09-08 01:15:00,17.05658,82.916316,16.0,225.0,225.0,MV INDIAN MARINER 46,IMO9001046,AT46,70,0,288,26,10.0,70,A
419001046,2026-09-08 01:20:00,17.040961,82.899777,16.0,225.0,225.0,MV INDIAN MARINER 46,IMO9001046,AT46,70,0,288,26,10.0,70,A
419001046,2026-09-08 01:25:00,17.02527,82.883373,16.0,225.0,225.0,MV INDIAN MARINER 46,IMO9001046,AT46,70,0,288,26,10.0,70,A
419001046,2026-09-08 01:30:00,17.0094,82.866889,16.0,225.0,225.0,MV INDIAN MARINER 46,IMO9001046,AT46,70,0,288,26,10.0,70,A
419001046,2026-09-08 01:35:00,16.993885,82.850273,16.0,225.0,225.0,MV INDIAN MARINER 46,IMO9001046,AT46,70,0,288,26,10.0,70,A
419001046,2026-09-08 01:40:00,16.977994,82.833801,16.0,225.0,225.0,MV INDIAN MARINER 46,IMO9001046,AT46,70,0,288,26,10.0,70,A
419001046,2026-09-08 01:45:00,16.962373,82.817458,16.0,225.0,225.0,MV INDIAN MARINER 46,IMO9001046,AT46,70,0,288,26,10.0,70,A
419001046,2026-09-08 01:50:00,16.946728,82.800911,16.0,225.0,225.0,MV INDIAN MARINER 46,IMO9001046,AT46,70,0,288,26,10.0,70,A
419001046,2026-09-08 01:55:00,16.931036,82.784509,16.0,225.0,225.0,MV INDIAN MARINER 46,IMO9001046,AT46,70,0,288,26,10.0,70,A
419001046,2026-09-08 02:00:00,16.915264,82.767846,16.0,225.0,225.0,MV INDIAN MARINER 46,IMO9001046,AT46,70,0,288,26,10.0,70,A
419001046,2026-09-08 02:05:00,16.899584,82.751408,16.0,225.0,225.0,MV INDIAN MARINER 46,IMO9001046,AT46,70,0,288,26,10.0,70,A
419001046,2026-09-08 02:10:00,16.883889,82.734952,16.0,225.0,225.0,MV INDIAN MARINER 46,IMO9001046,AT46,70,0,288,26,10.0,70,A
419001046,2026-09-08 02:15:00,16.868009,82.718451,16.0,225.0,225.0,MV INDIAN MARINER 46,IMO9001046,AT46,70,0,288,26,10.0,70,A
419001046,2026-09-08 02:20:00,16.852388,82.702084,16.0,225.0,225.0,MV INDIAN MARINER 46,IMO9001046,AT46,70,0,288,26,10.0,70,A
419001046,2026-09-08 02:25:00,16.836643,82.685497,16.0,225.0,225.0,MV INDIAN MARINER 46,IMO9001046,AT46,70,0,288,26,10.0,70,A
419001046,2026-09-08 02:30:00,16.820966,82.669087,16.0,225.0,225.0,MV INDIAN MARINER 46,IMO9001046,AT46,70,0,288,26,10.0,70,A
419001046,2026-09-08 02:35:00,16.805296,82.652625,16.0,225.0,225.0,MV INDIAN MARINER 46,IMO9001046,AT46,70,0,288,26,10.0,70,A
419001046,2026-09-08 02:40:00,16.789558,82.636141,16.0,225.0,225.0,MV INDIAN MARINER 46,IMO9001046,AT46,70,0,288,26,10.0,70,A
419001046,2026-09-08 02:45:00,16.773932,82.619638,16.0,225.0,225.0,MV INDIAN MARINER 46,IMO9001046,AT46,70,0,288,26,10.0,70,A
419001046,2026-09-08 02:50:00,16.758082,82.603236,16.0,225.0,225.0,MV INDIAN MARINER 46,IMO9001046,AT46,70,0,288,26,10.0,70,A
419001046,2026-09-08 02:55:00,16.742315,82.586651,16.0,225.0,225.0,MV INDIAN MARINER 46,IMO9001046,AT46,70,0,288,26,10.0,70,A
419001046,2026-09-08 03:00:00,16.726802,82.570116,16.0,225.0,225.0,MV INDIAN MARINER 46,IMO9001046,AT46,70,0,288,26,10.0,70,A
419001046,2026-09-08 03:05:00,16.710918,82.553752,16.0,225.0,225.0,MV INDIAN MARINER 46,IMO9001046,AT46,70,0,288,26,10.0,70,A
419001046,2026-09-08 03:10:00,16.69525,82.537173,16.0,225.0,225.0,MV INDIAN MARINER 46,IMO9001046,AT46,70,0,288,26,10.0,70,A
419001046,2026-09-08 03:15:00,16.679593,82.520654,16.0,225.0,225.0,MV INDIAN MARINER 46,IMO9001046,AT46,70,0,288,26,10.0,70,A
419001046,2026-09-08 03:20:00,16.66377,82.504342,16.0,225.0,225.0,MV INDIAN MARINER 46,IMO9001046,AT46,70,0,288,26,10.0,70,A
419001046,2026-09-08 03:25:00,16.648198,82.487757,16.0,225.0,225.0,MV INDIAN MARINER 46,IMO9001046,AT46,70,0,288,26,10.0,70,A
419001047,2026-09-07 17:30:00,9.694623,78.644365,17.0,80.0,80.0,MV INDIAN MARINER 47,IMO9001047,AT47,30,0,291,27,11.0,30,B
419001047,2026-09-07 17:35:00,9.698723,78.668042,17.0,80.0,80.0,MV INDIAN MARINER 47,IMO9001047,AT47,30,0,291,27,11.0,30,B
419001047,2026-09-07 17:40:00,9.702854,78.691583,17.0,80.0,80.0,MV INDIAN MARINER 47,IMO9001047,AT47,30,0,291,27,11.0,30,B
419001047,2026-09-07 17:45:00,9.706897,78.715256,17.0,80.0,80.0,MV INDIAN MARINER 47,IMO9001047,AT47,30,0,291,27,11.0,30,B
419001047,2026-09-07 17:50:00,9.711115,78.738746,17.0,80.0,80.0,MV INDIAN MARINER 47,IMO9001047,AT47,30,0,291,27,11.0,30,B
419001047,2026-09-07 17:55:00,9.715204,78.762468,17.0,80.0,80.0,MV INDIAN MARINER 47,IMO9001047,AT47,30,0,291,27,11.0,30,B
419001047,2026-09-07 18:00:00,9.719312,78.785991,17.0,80.0,80.0,MV INDIAN MARINER 47,IMO9001047,AT47,30,0,291,27,11.0,30,B
419001047,2026-09-07 18:05:00,9.723273,78.809697,17.0,80.0,80.0,MV INDIAN MARINER 47,IMO9001047,AT47,30,0,291,27,11.0,30,B
419001047,2026-09-07 18:10:00,9.727488,78.833235,17.0,80.0,80.0,MV INDIAN MARINER 47,IMO9001047,AT47,30,0,291,27,11.0,30,B
419001047,2026-09-07 18:15:00,9.731593,78.856902,17.0,80.0,80.0,MV INDIAN MARINER 47,IMO9001047,AT47,30,0,291,27,11.0,30,B
419001047,2026-09-07 18:20:00,9.735594,78.880378,17.0,80.0,80.0,MV INDIAN MARINER 47,IMO9001047,AT47,30,0,291,27,11.0,30,B
419001047,2026-09-07 18:25:00,9.739783,78.904072,17.0,80.0,80.0,MV INDIAN MARINER 47,IMO9001047,AT47,30,0,291,27,11.0,30,B
419001047,2026-09-07 18:30:00,9.743773,78.927653,17.0,80.0,80.0,MV INDIAN MARINER 47,IMO9001047,AT47,30,0,291,27,11.0,30,B
419001047,2026-09-07 18:35:00,9.747974,78.951331,17.0,80.0,80.0,MV INDIAN MARINER 47,IMO9001047,AT47,30,0,291,27,11.0,30,B
419001047,2026-09-07 18:40:00,9.752039,78.974789,17.0,80.0,80.0,MV INDIAN MARINER 47,IMO9001047,AT47,30,0,291,27,11.0,30,B
419001047,2026-09-07 18:45:00,9.756054,78.99846,17.0,80.0,80.0,MV INDIAN MARINER 47,IMO9001047,AT47,30,0,291,27,11.0,30,B
419001047,2026-09-07 18:50:00,9.760205,79.022019,17.0,80.0,80.0,MV INDIAN MARINER 47,IMO9001047,AT47,30,0,291,27,11.0,30,B
419001047,2026-09-07 18:55:00,9.764228,79.045605,17.0,80.0,80.0,MV INDIAN MARINER 47,IMO9001047,AT47,30,0,291,27,11.0,30,B
419001047,2026-09-07 19:00:00,9.768444,79.069189,17.0,80.0,80.0,MV INDIAN MARINER 47,IMO9001047,AT47,30,0,291,27,11.0,30,B
419001047,2026-09-07 19:05:00,9.772416,79.092861,17.0,80.0,80.0,MV INDIAN MARINER 47,IMO9001047,AT47,30,0,291,27,11.0,30,B
419001047,2026-09-07 19:10:00,9.776517,79.116416,17.0,80.0,80.0,MV INDIAN MARINER 47,IMO9001047,AT47,30,0,291,27,11.0,30,B
419001047,2026-09-07 19:15:00,9.780677,79.140042,17.0,80.0,80.0,MV INDIAN MARINER 47,IMO9001047,AT47,30,0,291,27,11.0,30,B
419001047,2026-09-07 19:20:00,9.784838,79.163589,17.0,80.0,80.0,MV INDIAN MARINER 47,IMO9001047,AT47,30,0,291,27,11.0,30,B
419001047,2026-09-07 19:25:00,9.788827,79.187241,17.0,80.0,80.0,MV INDIAN MARINER 47,IMO9001047,AT47,30,0,291,27,11.0,30,B
419001047,2026-09-07 19:30:00,9.79295,79.210975,17.0,80.0,80.0,MV INDIAN MARINER 47,IMO9001047,AT47,30,0,291,27,11.0,30,B
419001047,2026-09-07 19:35:00,9.7971,79.234558,17.0,80.0,80.0,MV INDIAN MARINER 47,IMO9001047,AT47,30,0,291,27,11.0,30,B
419001047,2026-09-07 19:40:00,9.801277,79.258133,17.0,80.0,80.0,MV INDIAN MARINER 47,IMO9001047,AT47,30,0,291,27,11.0,30,B
419001047,2026-09-07 19:45:00,9.805315,79.281762,17.0,80.0,80.0,MV INDIAN MARINER 47,IMO9001047,AT47,30,0,291,27,11.0,30,B
419001047,2026-09-07 19:50:00,9.809432,79.30525,17.0,80.0,80.0,MV INDIAN MARINER 47,IMO9001047,AT47,30,0,291,27,11.0,30,B
419001047,2026-09-07 19:55:00,9.813502,79.328858,17.0,80.0,80.0,MV INDIAN MARINER 47,IMO9001047,AT47,30,0,291,27,11.0,30,B
419001047,2026-09-07 20:00:00,9.81756,79.352401,17.0,80.0,80.0,MV INDIAN MARINER 47,IMO9001047,AT47,30,0,291,27,11.0,30,B
419001047,2026-09-07 20:05:00,9.821788,79.376075,17.0,80.0,80.0,MV INDIAN MARINER 47,IMO9001047,AT47,30,0,291,27,11.0,30,B
419001047,2026-09-07 20:10:00,9.825849,79.399632,17.0,80.0,80.0,MV INDIAN MARINER 47,IMO9001047,AT47,30,0,291,27,11.0,30,B
419001047,2026-09-07 20:15:00,9.829811,79.423326,17.0,80.0,80.0,MV INDIAN MARINER 47,IMO9001047,AT47,30,0,291,27,11.0,30,B
419001047,2026-09-07 20:20:00,9.833969,79.446861,17.0,80.0,80.0,MV INDIAN MARINER 47,IMO9001047,AT47,30,0,291,27,11.0,30,B
419001047,2026-09-07 20:25:00,9.838172,79.470428,17.0,80.0,80.0,MV INDIAN MARINER 47,IMO9001047,AT47,30,0,291,27,11.0,30,B
419001047,2026-09-07 20:30:00,9.842141,79.494166,17.0,80.0,80.0,MV INDIAN MARINER 47,IMO9001047,AT47,30,0,291,27,11.0,30,B
419001047,2026-09-07 20:35:00,9.846227,79.517628,17.0,80.0,80.0,MV INDIAN MARINER 47,IMO9001047,AT47,30,0,291,27,11.0,30,B
419001047,2026-09-07 20:40:00,9.850362,79.541322,17.0,80.0,80.0,MV INDIAN MARINER 47,IMO9001047,AT47,30,0,291,27,11.0,30,B
419001047,2026-09-07 20:45:00,9.854445,79.565014,17.0,80.0,80.0,MV INDIAN MARINER 47,IMO9001047,AT47,30,0,291,27,11.0,30,B
419001047,2026-09-07 20:50:00,9.858564,79.588583,17.0,80.0,80.0,MV INDIAN MARINER 47,IMO9001047,AT47,30,0,291,27,11.0,30,B
419001047,2026-09-07 20:55:00,9.862653,79.61218,17.0,80.0,80.0,MV INDIAN MARINER 47,IMO9001047,AT47,30,0,291,27,11.0,30,B
419001047,2026-09-07 21:00:00,9.866843,79.635669,17.0,80.0,80.0,MV INDIAN MARINER 47,IMO9001047,AT47,30,0,291,27,11.0,30,B
419001047,2026-09-07 21:05:00,9.870904,79.65925,17.0,80.0,80.0,MV INDIAN MARINER 47,IMO9001047,AT47,30,0,291,27,11.0,30,B
419001047,2026-09-07 21:10:00,9.875077,79.682888,17.0,80.0,80.0,MV INDIAN MARINER 47,IMO9001047,AT47,30,0,291,27,11.0,30,B
419001047,2026-09-07 21:15:00,9.879039,79.706547,17.0,80.0,80.0,MV INDIAN MARINER 47,IMO9001047,AT47,30,0,291,27,11.0,30,B
419001047,2026-09-07 21:20:00,9.883108,79.730055,17.0,80.0,80.0,MV INDIAN MARINER 47,IMO9001047,AT47,30,0,291,27,11.0,30,B
419001047,2026-09-07 21:25:00,9.887217,79.753645,17.0,80.0,80.0,MV INDIAN MARINER 47,IMO9001047,AT47,30,0,291,27,11.0,30,B
419001047,2026-09-07 21:30:00,9.891403,79.777328,17.0,80.0,80.0,MV INDIAN MARINER 47,IMO9001047,AT47,30,0,291,27,11.0,30,B
419001047,2026-09-07 21:35:00,9.89542,79.800844,17.0,80.0,80.0,MV INDIAN MARINER 47,IMO9001047,AT47,30,0,291,27,11.0,30,B
419001047,2026-09-07 21:40:00,9.899598,79.824552,17.0,80.0,80.0,MV INDIAN MARINER 47,IMO9001047,AT47,30,0,291,27,11.0,30,B
419001047,2026-09-07 21:45:00,9.903674,79.848181,17.0,80.0,80.0,MV INDIAN MARINER 47,IMO9001047,AT47,30,0,291,27,11.0,30,B
419001047,2026-09-07 21:50:00,9.907716,79.871809,17.0,80.0,80.0,MV INDIAN MARINER 47,IMO9001047,AT47,30,0,291,27,11.0,30,B
419001047,2026-09-07 21:55:00,9.911836,79.895392,17.0,80.0,80.0,MV INDIAN MARINER 47,IMO9001047,AT47,30,0,291,27,11.0,30,B
419001047,2026-09-07 22:00:00,9.915892,79.918891,17.0,80.0,80.0,MV INDIAN MARINER 47,IMO9001047,AT47,30,0,291,27,11.0,30,B
419001047,2026-09-07 22:05:00,9.920108,79.942542,17.0,80.0,80.0,MV INDIAN MARINER 47,IMO9001047,AT47,30,0,291,27,11.0,30,B
419001047,2026-09-07 22:10:00,9.924152,79.966081,17.0,80.0,80.0,MV INDIAN MARINER 47,IMO9001047,AT47,30,0,291,27,11.0,30,B
419001047,2026-09-07 22:15:00,9.92819,79.989839,17.0,80.0,80.0,MV INDIAN MARINER 47,IMO9001047,AT47,30,0,291,27,11.0,30,B
419001047,2026-09-07 22:20:00,9.932349,80.013291,17.0,80.0,80.0,MV INDIAN MARINER 47,IMO9001047,AT47,30,0,291,27,11.0,30,B
419001047,2026-09-07 22:25:00,9.936451,80.036904,17.0,80.0,80.0,MV INDIAN MARINER 47,IMO9001047,AT47,30,0,291,27,11.0,30,B
419001047,2026-09-07 22:30:00,9.940618,80.060541,17.0,80.0,80.0,MV INDIAN MARINER 47,IMO9001047,AT47,30,0,291,27,11.0,30,B
419001047,2026-09-07 22:35:00,9.944758,80.084154,17.0,80.0,80.0,MV INDIAN MARINER 47,IMO9001047,AT47,30,0,291,27,11.0,30,B
419001047,2026-09-07 22:40:00,9.948814,80.10775,17.0,80.0,80.0,MV INDIAN MARINER 47,IMO9001047,AT47,30,0,291,27,11.0,30,B
419001047,2026-09-07 22:45:00,9.952779,80.131361,17.0,80.0,80.0,MV INDIAN MARINER 47,IMO9001047,AT47,30,0,291,27,11.0,30,B
419001047,2026-09-07 22:50:00,9.956891,80.155078,17.0,80.0,80.0,MV INDIAN MARINER 47,IMO9001047,AT47,30,0,291,27,11.0,30,B
419001047,2026-09-07 22:55:00,9.961026,80.178502,17.0,80.0,80.0,MV INDIAN MARINER 47,IMO9001047,AT47,30,0,291,27,11.0,30,B
419001047,2026-09-07 23:00:00,9.965218,80.202258,17.0,80.0,80.0,MV INDIAN MARINER 47,IMO9001047,AT47,30,0,291,27,11.0,30,B
419001047,2026-09-07 23:05:00,9.969244,80.225719,17.0,80.0,80.0,MV INDIAN MARINER 47,IMO9001047,AT47,30,0,291,27,11.0,30,B
419001047,2026-09-07 23:10:00,9.973311,80.24935,17.0,80.0,80.0,MV INDIAN MARINER 47,IMO9001047,AT47,30,0,291,27,11.0,30,B
419001047,2026-09-07 23:15:00,9.977383,80.273082,17.0,80.0,80.0,MV INDIAN MARINER 47,IMO9001047,AT47,30,0,291,27,11.0,30,B
419001047,2026-09-07 23:20:00,9.981541,80.296561,17.0,80.0,80.0,MV INDIAN MARINER 47,IMO9001047,AT47,30,0,291,27,11.0,30,B
419001047,2026-09-07 23:25:00,9.985634,80.320285,17.0,80.0,80.0,MV INDIAN MARINER 47,IMO9001047,AT47,30,0,291,27,11.0,30,B
419001047,2026-09-07 23:30:00,9.989848,80.34373,17.0,80.0,80.0,MV INDIAN MARINER 47,IMO9001047,AT47,30,0,291,27,11.0,30,B
419001047,2026-09-07 23:35:00,9.993868,80.367383,17.0,80.0,80.0,MV INDIAN MARINER 47,IMO9001047,AT47,30,0,291,27,11.0,30,B
419001047,2026-09-07 23:40:00,9.997904,80.390954,17.0,80.0,80.0,MV INDIAN MARINER 47,IMO9001047,AT47,30,0,291,27,11.0,30,B
419001047,2026-09-07 23:45:00,10.002153,80.414532,17.0,80.0,80.0,MV INDIAN MARINER 47,IMO9001047,AT47,30,0,291,27,11.0,30,B
419001047,2026-09-07 23:50:00,10.006124,80.438266,17.0,80.0,80.0,MV INDIAN MARINER 47,IMO9001047,AT47,30,0,291,27,11.0,30,B
419001047,2026-09-07 23:55:00,10.010317,80.461741,17.0,80.0,80.0,MV INDIAN MARINER 47,IMO9001047,AT47,30,0,291,27,11.0,30,B
419001047,2026-09-08 00:00:00,10.014287,80.485493,17.0,80.0,80.0,MV INDIAN MARINER 47,IMO9001047,AT47,30,0,291,27,11.0,30,B
419001047,2026-09-08 00:05:00,10.018431,80.509102,17.0,80.0,80.0,MV INDIAN MARINER 47,IMO9001047,AT47,30,0,291,27,11.0,30,B
419001047,2026-09-08 00:10:00,10.02256,80.532569,17.0,80.0,80.0,MV INDIAN MARINER 47,IMO9001047,AT47,30,0,291,27,11.0,30,B
419001047,2026-09-08 00:15:00,10.026721,80.556176,17.0,80.0,80.0,MV INDIAN MARINER 47,IMO9001047,AT47,30,0,291,27,11.0,30,B
419001047,2026-09-08 00:20:00,10.030846,80.579899,17.0,80.0,80.0,MV INDIAN MARINER 47,IMO9001047,AT47,30,0,291,27,11.0,30,B
419001047,2026-09-08 00:25:00,10.034902,80.603407,17.0,80.0,80.0,MV INDIAN MARINER 47,IMO9001047,AT47,30,0,291,27,11.0,30,B
419001047,2026-09-08 00:30:00,10.038942,80.627065,17.0,80.0,80.0,MV INDIAN MARINER 47,IMO9001047,AT47,30,0,291,27,11.0,30,B
419001047,2026-09-08 00:35:00,10.043075,80.650542,17.0,80.0,80.0,MV INDIAN MARINER 47,IMO9001047,AT47,30,0,291,27,11.0,30,B
419001047,2026-09-08 00:40:00,10.047132,80.674208,17.0,80.0,80.0,MV INDIAN MARINER 47,IMO9001047,AT47,30,0,291,27,11.0,30,B
419001047,2026-09-08 00:45:00,10.051346,80.697906,17.0,80.0,80.0,MV INDIAN MARINER 47,IMO9001047,AT47,30,0,291,27,11.0,30,B
419001047,2026-09-08 00:50:00,10.055256,80.721418,17.0,80.0,80.0,MV INDIAN MARINER 47,IMO9001047,AT47,30,0,291,27,11.0,30,B
419001047,2026-09-08 00:55:00,10.059548,80.744957,17.0,80.0,80.0,MV INDIAN MARINER 47,IMO9001047,AT47,30,0,291,27,11.0,30,B
419001047,2026-09-08 01:00:00,10.063534,80.768622,17.0,80.0,80.0,MV INDIAN MARINER 47,IMO9001047,AT47,30,0,291,27,11.0,30,B
419001047,2026-09-08 01:05:00,10.06764,80.792214,17.0,80.0,80.0,MV INDIAN MARINER 47,IMO9001047,AT47,30,0,291,27,11.0,30,B
419001047,2026-09-08 01:10:00,10.071769,80.815842,17.0,80.0,80.0,MV INDIAN MARINER 47,IMO9001047,AT47,30,0,291,27,11.0,30,B
419001047,2026-09-08 01:15:00,10.075828,80.839499,17.0,80.0,80.0,MV INDIAN MARINER 47,IMO9001047,AT47,30,0,291,27,11.0,30,B
419001047,2026-09-08 01:20:00,10.079951,80.862963,17.0,80.0,80.0,MV INDIAN MARINER 47,IMO9001047,AT47,30,0,291,27,11.0,30,B
419001047,2026-09-08 01:25:00,10.084065,80.886569,17.0,80.0,80.0,MV INDIAN MARINER 47,IMO9001047,AT47,30,0,291,27,11.0,30,B
419001047,2026-09-08 01:30:00,10.088143,80.910255,17.0,80.0,80.0,MV INDIAN MARINER 47,IMO9001047,AT47,30,0,291,27,11.0,30,B
419001047,2026-09-08 01:35:00,10.09227,80.933843,17.0,80.0,80.0,MV INDIAN MARINER 47,IMO9001047,AT47,30,0,291,27,11.0,30,B
419001047,2026-09-08 01:40:00,10.096317,80.957416,17.0,80.0,80.0,MV INDIAN MARINER 47,IMO9001047,AT47,30,0,291,27,11.0,30,B
419001047,2026-09-08 01:45:00,10.100541,80.981051,17.0,80.0,80.0,MV INDIAN MARINER 47,IMO9001047,AT47,30,0,291,27,11.0,30,B
419001047,2026-09-08 01:50:00,10.104466,81.004712,17.0,80.0,80.0,MV INDIAN MARINER 47,IMO9001047,AT47,30,0,291,27,11.0,30,B
419001047,2026-09-08 01:55:00,10.108729,81.028308,17.0,80.0,80.0,MV INDIAN MARINER 47,IMO9001047,AT47,30,0,291,27,11.0,30,B
419001047,2026-09-08 02:00:00,10.112705,81.051898,17.0,80.0,80.0,MV INDIAN MARINER 47,IMO9001047,AT47,30,0,291,27,11.0,30,B
419001047,2026-09-08 02:05:00,10.116765,81.07551,17.0,80.0,80.0,MV INDIAN MARINER 47,IMO9001047,AT47,30,0,291,27,11.0,30,B
419001047,2026-09-08 02:10:00,10.120997,81.099118,17.0,80.0,80.0,MV INDIAN MARINER 47,IMO9001047,AT47,30,0,291,27,11.0,30,B
419001047,2026-09-08 02:15:00,10.125119,81.122585,17.0,80.0,80.0,MV INDIAN MARINER 47,IMO9001047,AT47,30,0,291,27,11.0,30,B
419001047,2026-09-08 02:20:00,10.129135,81.146377,17.0,80.0,80.0,MV INDIAN MARINER 47,IMO9001047,AT47,30,0,291,27,11.0,30,B
419001047,2026-09-08 02:25:00,10.133151,81.16989,17.0,80.0,80.0,MV INDIAN MARINER 47,IMO9001047,AT47,30,0,291,27,11.0,30,B
419001047,2026-09-08 02:30:00,10.137288,81.193489,17.0,80.0,80.0,MV INDIAN MARINER 47,IMO9001047,AT47,30,0,291,27,11.0,30,B
419001047,2026-09-08 02:35:00,10.141459,81.217138,17.0,80.0,80.0,MV INDIAN MARINER 47,IMO9001047,AT47,30,0,291,27,11.0,30,B
419001047,2026-09-08 02:40:00,10.145449,81.240656,17.0,80.0,80.0,MV INDIAN MARINER 47,IMO9001047,AT47,30,0,291,27,11.0,30,B
419001047,2026-09-08 02:45:00,10.149684,81.264207,17.0,80.0,80.0,MV INDIAN MARINER 47,IMO9001047,AT47,30,0,291,27,11.0,30,B
419001047,2026-09-08 02:50:00,10.153834,81.287947,17.0,80.0,80.0,MV INDIAN MARINER 47,IMO9001047,AT47,30,0,291,27,11.0,30,B
419001047,2026-09-08 02:55:00,10.157857,81.311594,17.0,80.0,80.0,MV INDIAN MARINER 47,IMO9001047,AT47,30,0,291,27,11.0,30,B
419001047,2026-09-08 03:00:00,10.162011,81.335149,17.0,80.0,80.0,MV INDIAN MARINER 47,IMO9001047,AT47,30,0,291,27,11.0,30,B
419001047,2026-09-08 03:05:00,10.166085,81.358691,17.0,80.0,80.0,MV INDIAN MARINER 47,IMO9001047,AT47,30,0,291,27,11.0,30,B
419001047,2026-09-08 03:10:00,10.17015,81.382393,17.0,80.0,80.0,MV INDIAN MARINER 47,IMO9001047,AT47,30,0,291,27,11.0,30,B
419001047,2026-09-08 03:15:00,10.174167,81.405825,17.0,80.0,80.0,MV INDIAN MARINER 47,IMO9001047,AT47,30,0,291,27,11.0,30,B
419001047,2026-09-08 03:20:00,10.178274,81.429441,17.0,80.0,80.0,MV INDIAN MARINER 47,IMO9001047,AT47,30,0,291,27,11.0,30,B
419001047,2026-09-08 03:25:00,10.182482,81.453051,17.0,80.0,80.0,MV INDIAN MARINER 47,IMO9001047,AT47,30,0,291,27,11.0,30,B
419001048,2026-09-07 17:30:00,20.424164,71.005865,18.0,142.0,142.0,MV INDIAN MARINER 48,IMO9001048,AT48,80,0,294,28,12.0,80,A
419001048,2026-09-07 17:35:00,20.404511,71.022269,18.0,142.0,142.0,MV INDIAN MARINER 48,IMO9001048,AT48,80,0,294,28,12.0,80,A
419001048,2026-09-07 17:40:00,20.384867,71.038482,18.0,142.0,142.0,MV INDIAN MARINER 48,IMO9001048,AT48,80,0,294,28,12.0,80,A
419001048,2026-09-07 17:45:00,20.365015,71.054753,18.0,142.0,142.0,MV INDIAN MARINER 48,IMO9001048,AT48,80,0,294,28,12.0,80,A
419001048,2026-09-07 17:50:00,20.345507,71.07113,18.0,142.0,142.0,MV INDIAN MARINER 48,IMO9001048,AT48,80,0,294,28,12.0,80,A
419001048,2026-09-07 17:55:00,20.325655,71.087378,18.0,142.0,142.0,MV INDIAN MARINER 48,IMO9001048,AT48,80,0,294,28,12.0,80,A
419001048,2026-09-07 18:00:00,20.306027,71.103658,18.0,142.0,142.0,MV INDIAN MARINER 48,IMO9001048,AT48,80,0,294,28,12.0,80,A
419001048,2026-09-07 18:05:00,20.286258,71.119925,18.0,142.0,142.0,MV INDIAN MARINER 48,IMO9001048,AT48,80,0,294,28,12.0,80,A
419001048,2026-09-07 18:10:00,20.266556,71.136318,18.0,142.0,142.0,MV INDIAN MARINER 48,IMO9001048,AT48,80,0,294,28,12.0,80,A
419001048,2026-09-07 18:15:00,20.246962,71.152609,18.0,142.0,142.0,MV INDIAN MARINER 48,IMO9001048,AT48,80,0,294,28,12.0,80,A
419001048,2026-09-07 18:20:00,20.227145,71.168987,18.0,142.0,142.0,MV INDIAN MARINER 48,IMO9001048,AT48,80,0,294,28,12.0,80,A
419001048,2026-09-07 18:25:00,20.207481,71.185221,18.0,142.0,142.0,MV INDIAN MARINER 48,IMO9001048,AT48,80,0,294,28,12.0,80,A
419001048,2026-09-07 18:30:00,20.18777,71.201446,18.0,142.0,142.0,MV INDIAN MARINER 48,IMO9001048,AT48,80,0,294,28,12.0,80,A
419001048,2026-09-07 18:35:00,20.168113,71.217781,18.0,142.0,142.0,MV INDIAN MARINER 48,IMO9001048,AT48,80,0,294,28,12.0,80,A
419001048,2026-09-07 18:40:00,20.148371,71.234146,18.0,142.0,142.0,MV INDIAN MARINER 48,IMO9001048,AT48,80,0,294,28,12.0,80,A
419001048,2026-09-07 18:45:00,20.128704,71.250432,18.0,142.0,142.0,MV INDIAN MARINER 48,IMO9001048,AT48,80,0,294,28,12.0,80,A
419001048,2026-09-07 18:50:00,20.109058,71.266753,18.0,142.0,142.0,MV INDIAN MARINER 48,IMO9001048,AT48,80,0,294,28,12.0,80,A
419001048,2026-09-07 18:55:00,20.089317,71.282928,18.0,142.0,142.0,MV INDIAN MARINER 48,IMO9001048,AT48,80,0,294,28,12.0,80,A
419001048,2026-09-07 19:00:00,20.069661,71.299336,18.0,142.0,142.0,MV INDIAN MARINER 48,IMO9001048,AT48,80,0,294,28,12.0,80,A
419001048,2026-09-07 19:05:00,20.049918,71.315514,18.0,142.0,142.0,MV INDIAN MARINER 48,IMO9001048,AT48,80,0,294,28,12.0,80,A
419001048,2026-09-07 19:10:00,20.0303,71.331898,18.0,142.0,142.0,MV INDIAN MARINER 48,IMO9001048,AT48,80,0,294,28,12.0,80,A
419001048,2026-09-07 19:15:00,20.010607,71.348227,18.0,142.0,142.0,MV INDIAN MARINER 48,IMO9001048,AT48,80,0,294,28,12.0,80,A
419001048,2026-09-07 19:20:00,19.990812,71.364519,18.0,142.0,142.0,MV INDIAN MARINER 48,IMO9001048,AT48,80,0,294,28,12.0,80,A
419001048,2026-09-07 19:25:00,19.971197,71.380694,18.0,142.0,142.0,MV INDIAN MARINER 48,IMO9001048,AT48,80,0,294,28,12.0,80,A
419001048,2026-09-07 19:30:00,19.951426,71.397166,18.0,142.0,142.0,MV INDIAN MARINER 48,IMO9001048,AT48,80,0,294,28,12.0,80,A
419001048,2026-09-07 19:35:00,19.931756,71.413459,18.0,142.0,142.0,MV INDIAN MARINER 48,IMO9001048,AT48,80,0,294,28,12.0,80,A
419001048,2026-09-07 19:40:00,19.912096,71.429777,18.0,142.0,142.0,MV INDIAN MARINER 48,IMO9001048,AT48,80,0,294,28,12.0,80,A
419001048,2026-09-07 19:45:00,19.892438,71.445895,18.0,142.0,142.0,MV INDIAN MARINER 48,IMO9001048,AT48,80,0,294,28,12.0,80,A
419001048,2026-09-07 19:50:00,19.872676,71.462356,18.0,142.0,142.0,MV INDIAN MARINER 48,IMO9001048,AT48,80,0,294,28,12.0,80,A
419001048,2026-09-07 19:55:00,19.852937,71.478513,18.0,142.0,142.0,MV INDIAN MARINER 48,IMO9001048,AT48,80,0,294,28,12.0,80,A
419001048,2026-09-07 20:00:00,19.833326,71.494867,18.0,142.0,142.0,MV INDIAN MARINER 48,IMO9001048,AT48,80,0,294,28,12.0,80,A
419001048,2026-09-07 20:05:00,19.813588,71.511242,18.0,142.0,142.0,MV INDIAN MARINER 48,IMO9001048,AT48,80,0,294,28,12.0,80,A
419001048,2026-09-07 20:10:00,19.793836,71.527528,18.0,142.0,142.0,MV INDIAN MARINER 48,IMO9001048,AT48,80,0,294,28,12.0,80,A
419001048,2026-09-07 20:15:00,19.774117,71.543833,18.0,142.0,142.0,MV INDIAN MARINER 48,IMO9001048,AT48,80,0,294,28,12.0,80,A
419001048,2026-09-07 20:20:00,19.754469,71.560031,18.0,142.0,142.0,MV INDIAN MARINER 48,IMO9001048,AT48,80,0,294,28,12.0,80,A
419001048,2026-09-07 20:25:00,19.734855,71.57638,18.0,142.0,142.0,MV INDIAN MARINER 48,IMO9001048,AT48,80,0,294,28,12.0,80,A
419001048,2026-09-07 20:30:00,19.715141,71.592616,18.0,142.0,142.0,MV INDIAN MARINER 48,IMO9001048,AT48,80,0,294,28,12.0,80,A
419001048,2026-09-07 20:35:00,19.695398,71.608935,18.0,142.0,142.0,MV INDIAN MARINER 48,IMO9001048,AT48,80,0,294,28,12.0,80,A
419001048,2026-09-07 20:40:00,19.675667,71.625257,18.0,142.0,142.0,MV INDIAN MARINER 48,IMO9001048,AT48,80,0,294,28,12.0,80,A
419001048,2026-09-07 20:45:00,19.656073,71.641667,18.0,142.0,142.0,MV INDIAN MARINER 48,IMO9001048,AT48,80,0,294,28,12.0,80,A
419001048,2026-09-07 20:50:00,19.636248,71.657921,18.0,142.0,142.0,MV INDIAN MARINER 48,IMO9001048,AT48,80,0,294,28,12.0,80,A
419001048,2026-09-07 20:55:00,19.616607,71.674189,18.0,142.0,142.0,MV INDIAN MARINER 48,IMO9001048,AT48,80,0,294,28,12.0,80,A
419001048,2026-09-07 21:00:00,19.596926,71.690524,18.0,142.0,142.0,MV INDIAN MARINER 48,IMO9001048,AT48,80,0,294,28,12.0,80,A
419001048,2026-09-07 21:05:00,19.577258,71.706799,18.0,142.0,142.0,MV INDIAN MARINER 48,IMO9001048,AT48,80,0,294,28,12.0,80,A
419001048,2026-09-07 21:10:00,19.557492,71.723014,18.0,142.0,142.0,MV INDIAN MARINER 48,IMO9001048,AT48,80,0,294,28,12.0,80,A
419001048,2026-09-07 21:15:00,19.537752,71.739462,18.0,142.0,142.0,MV INDIAN MARINER 48,IMO9001048,AT48,80,0,294,28,12.0,80,A
419001048,2026-09-07 21:20:00,19.518102,71.755751,18.0,142.0,142.0,MV INDIAN MARINER 48,IMO9001048,AT48,80,0,294,28,12.0,80,A
419001048,2026-09-07 21:25:00,19.498442,71.771928,18.0,142.0,142.0,MV INDIAN MARINER 48,IMO9001048,AT48,80,0,294,28,12.0,80,A
419001048,2026-09-07 21:30:00,19.478692,71.788325,18.0,142.0,142.0,MV INDIAN MARINER 48,IMO9001048,AT48,80,0,294,28,12.0,80,A
419001048,2026-09-07 21:35:00,19.459154,71.804594,18.0,142.0,142.0,MV INDIAN MARINER 48,IMO9001048,AT48,80,0,294,28,12.0,80,A
419001048,2026-09-07 21:40:00,19.439388,71.82078,18.0,142.0,142.0,MV INDIAN MARINER 48,IMO9001048,AT48,80,0,294,28,12.0,80,A
419001048,2026-09-07 21:45:00,19.419737,71.837131,18.0,142.0,142.0,MV INDIAN MARINER 48,IMO9001048,AT48,80,0,294,28,12.0,80,A
419001048,2026-09-07 21:50:00,19.399973,71.853431,18.0,142.0,142.0,MV INDIAN MARINER 48,IMO9001048,AT48,80,0,294,28,12.0,80,A
419001048,2026-09-07 21:55:00,19.380361,71.869702,18.0,142.0,142.0,MV INDIAN MARINER 48,IMO9001048,AT48,80,0,294,28,12.0,80,A
419001048,2026-09-07 22:00:00,19.360627,71.886045,18.0,142.0,142.0,MV INDIAN MARINER 48,IMO9001048,AT48,80,0,294,28,12.0,80,A
419001048,2026-09-07 22:05:00,19.340863,71.902365,18.0,142.0,142.0,MV INDIAN MARINER 48,IMO9001048,AT48,80,0,294,28,12.0,80,A
419001048,2026-09-07 22:10:00,19.321123,71.918659,18.0,142.0,142.0,MV INDIAN MARINER 48,IMO9001048,AT48,80,0,294,28,12.0,80,A
419001048,2026-09-07 22:15:00,19.301581,71.934975,18.0,142.0,142.0,MV INDIAN MARINER 48,IMO9001048,AT48,80,0,294,28,12.0,80,A
419001048,2026-09-07 22:20:00,19.281763,71.951178,18.0,142.0,142.0,MV INDIAN MARINER 48,IMO9001048,AT48,80,0,294,28,12.0,80,A
419001048,2026-09-07 22:25:00,19.26211,71.967603,18.0,142.0,142.0,MV INDIAN MARINER 48,IMO9001048,AT48,80,0,294,28,12.0,80,A
419001048,2026-09-07 22:30:00,19.24244,71.983941,18.0,142.0,142.0,MV INDIAN MARINER 48,IMO9001048,AT48,80,0,294,28,12.0,80,A
419001048,2026-09-07 22:35:00,19.222762,72.000238,18.0,142.0,142.0,MV INDIAN MARINER 48,IMO9001048,AT48,80,0,294,28,12.0,80,A
419001048,2026-09-07 22:40:00,19.203068,72.016513,18.0,142.0,142.0,MV INDIAN MARINER 48,IMO9001048,AT48,80,0,294,28,12.0,80,A
419001048,2026-09-07 22:45:00,19.183252,72.032713,18.0,142.0,142.0,MV INDIAN MARINER 48,IMO9001048,AT48,80,0,294,28,12.0,80,A
419001048,2026-09-07 22:50:00,19.163664,72.049013,18.0,142.0,142.0,MV INDIAN MARINER 48,IMO9001048,AT48,80,0,294,28,12.0,80,A
419001048,2026-09-07 22:55:00,19.143993,72.06534,18.0,142.0,142.0,MV INDIAN MARINER 48,IMO9001048,AT48,80,0,294,28,12.0,80,A
419001048,2026-09-07 23:00:00,19.124117,72.081562,18.0,142.0,142.0,MV INDIAN MARINER 48,IMO9001048,AT48,80,0,294,28,12.0,80,A
419001048,2026-09-07 23:05:00,19.104486,72.09792,18.0,142.0,142.0,MV INDIAN MARINER 48,IMO9001048,AT48,80,0,294,28,12.0,80,A
419001048,2026-09-07 23:10:00,19.084747,72.114298,18.0,142.0,142.0,MV INDIAN MARINER 48,IMO9001048,AT48,80,0,294,28,12.0,80,A
419001048,2026-09-07 23:15:00,19.065086,72.130566,18.0,142.0,142.0,MV INDIAN MARINER 48,IMO9001048,AT48,80,0,294,28,12.0,80,A
419001048,2026-09-07 23:20:00,19.045489,72.14685,18.0,142.0,142.0,MV INDIAN MARINER 48,IMO9001048,AT48,80,0,294,28,12.0,80,A
419001048,2026-09-07 23:25:00,19.025696,72.163098,18.0,142.0,142.0,MV INDIAN MARINER 48,IMO9001048,AT48,80,0,294,28,12.0,80,A
419001048,2026-09-07 23:30:00,19.005992,72.179434,18.0,142.0,142.0,MV INDIAN MARINER 48,IMO9001048,AT48,80,0,294,28,12.0,80,A
419001048,2026-09-07 23:35:00,18.986371,72.195846,18.0,142.0,142.0,MV INDIAN MARINER 48,IMO9001048,AT48,80,0,294,28,12.0,80,A
419001048,2026-09-07 23:40:00,18.966633,72.212066,18.0,142.0,142.0,MV INDIAN MARINER 48,IMO9001048,AT48,80,0,294,28,12.0,80,A
419001048,2026-09-07 23:45:00,18.946969,72.228389,18.0,142.0,142.0,MV INDIAN MARINER 48,IMO9001048,AT48,80,0,294,28,12.0,80,A
419001048,2026-09-07 23:50:00,18.927254,72.244695,18.0,142.0,142.0,MV INDIAN MARINER 48,IMO9001048,AT48,80,0,294,28,12.0,80,A
419001048,2026-09-07 23:55:00,18.907539,72.260889,18.0,142.0,142.0,MV INDIAN MARINER 48,IMO9001048,AT48,80,0,294,28,12.0,80,A
419001048,2026-09-08 00:00:00,18.88784,72.277228,18.0,142.0,142.0,MV INDIAN MARINER 48,IMO9001048,AT48,80,0,294,28,12.0,80,A
419001048,2026-09-08 00:05:00,18.868115,72.293579,18.0,142.0,142.0,MV INDIAN MARINER 48,IMO9001048,AT48,80,0,294,28,12.0,80,A
419001048,2026-09-08 00:10:00,18.848401,72.309806,18.0,142.0,142.0,MV INDIAN MARINER 48,IMO9001048,AT48,80,0,294,28,12.0,80,A
419001048,2026-09-08 00:15:00,18.828829,72.326217,18.0,142.0,142.0,MV INDIAN MARINER 48,IMO9001048,AT48,80,0,294,28,12.0,80,A
419001048,2026-09-08 00:20:00,18.808978,72.342523,18.0,142.0,142.0,MV INDIAN MARINER 48,IMO9001048,AT48,80,0,294,28,12.0,80,A
419001048,2026-09-08 00:25:00,18.789286,72.358718,18.0,142.0,142.0,MV INDIAN MARINER 48,IMO9001048,AT48,80,0,294,28,12.0,80,A
419001048,2026-09-08 00:30:00,18.769733,72.375126,18.0,142.0,142.0,MV INDIAN MARINER 48,IMO9001048,AT48,80,0,294,28,12.0,80,A
419001048,2026-09-08 00:35:00,18.749985,72.391297,18.0,142.0,142.0,MV INDIAN MARINER 48,IMO9001048,AT48,80,0,294,28,12.0,80,A
419001048,2026-09-08 00:40:00,18.730231,72.407568,18.0,142.0,142.0,MV INDIAN MARINER 48,IMO9001048,AT48,80,0,294,28,12.0,80,A
419001048,2026-09-08 00:45:00,18.710621,72.423853,18.0,142.0,142.0,MV INDIAN MARINER 48,IMO9001048,AT48,80,0,294,28,12.0,80,A
419001048,2026-09-08 00:50:00,18.690879,72.440327,18.0,142.0,142.0,MV INDIAN MARINER 48,IMO9001048,AT48,80,0,294,28,12.0,80,A
419001048,2026-09-08 00:55:00,18.67126,72.456478,18.0,142.0,142.0,MV INDIAN MARINER 48,IMO9001048,AT48,80,0,294,28,12.0,80,A
419001048,2026-09-08 01:00:00,18.651576,72.472768,18.0,142.0,142.0,MV INDIAN MARINER 48,IMO9001048,AT48,80,0,294,28,12.0,80,A
419001048,2026-09-08 01:05:00,18.631823,72.489197,18.0,142.0,142.0,MV INDIAN MARINER 48,IMO9001048,AT48,80,0,294,28,12.0,80,A
419001048,2026-09-08 01:10:00,18.612197,72.505473,18.0,142.0,142.0,MV INDIAN MARINER 48,IMO9001048,AT48,80,0,294,28,12.0,80,A
419001048,2026-09-08 01:15:00,18.592477,72.52175,18.0,142.0,142.0,MV INDIAN MARINER 48,IMO9001048,AT48,80,0,294,28,12.0,80,A
419001048,2026-09-08 01:20:00,18.572716,72.538036,18.0,142.0,142.0,MV INDIAN MARINER 48,IMO9001048,AT48,80,0,294,28,12.0,80,A
419001048,2026-09-08 01:25:00,18.552929,72.554297,18.0,142.0,142.0,MV INDIAN MARINER 48,IMO9001048,AT48,80,0,294,28,12.0,80,A
419001048,2026-09-08 01:30:00,18.533388,72.570638,18.0,142.0,142.0,MV INDIAN MARINER 48,IMO9001048,AT48,80,0,294,28,12.0,80,A
419001048,2026-09-08 01:35:00,18.513527,72.587033,18.0,142.0,142.0,MV INDIAN MARINER 48,IMO9001048,AT48,80,0,294,28,12.0,80,A
419001048,2026-09-08 01:40:00,18.493835,72.603144,18.0,142.0,142.0,MV INDIAN MARINER 48,IMO9001048,AT48,80,0,294,28,12.0,80,A
419001048,2026-09-08 01:45:00,18.474185,72.619587,18.0,142.0,142.0,MV INDIAN MARINER 48,IMO9001048,AT48,80,0,294,28,12.0,80,A
419001048,2026-09-08 01:50:00,18.454474,72.635794,18.0,142.0,142.0,MV INDIAN MARINER 48,IMO9001048,AT48,80,0,294,28,12.0,80,A
419001048,2026-09-08 01:55:00,18.43476,72.65207,18.0,142.0,142.0,MV INDIAN MARINER 48,IMO9001048,AT48,80,0,294,28,12.0,80,A
419001048,2026-09-08 02:00:00,18.415132,72.668507,18.0,142.0,142.0,MV INDIAN MARINER 48,IMO9001048,AT48,80,0,294,28,12.0,80,A
419001048,2026-09-08 02:05:00,18.395416,72.68471,18.0,142.0,142.0,MV INDIAN MARINER 48,IMO9001048,AT48,80,0,294,28,12.0,80,A
419001048,2026-09-08 02:10:00,18.375823,72.701087,18.0,142.0,142.0,MV INDIAN MARINER 48,IMO9001048,AT48,80,0,294,28,12.0,80,A
419001048,2026-09-08 02:15:00,18.356023,72.717347,18.0,142.0,142.0,MV INDIAN MARINER 48,IMO9001048,AT48,80,0,294,28,12.0,80,A
419001048,2026-09-08 02:20:00,18.336313,72.733632,18.0,142.0,142.0,MV INDIAN MARINER 48,IMO9001048,AT48,80,0,294,28,12.0,80,A
419001048,2026-09-08 02:25:00,18.316644,72.750003,18.0,142.0,142.0,MV INDIAN MARINER 48,IMO9001048,AT48,80,0,294,28,12.0,80,A
419001048,2026-09-08 02:30:00,18.296968,72.766249,18.0,142.0,142.0,MV INDIAN MARINER 48,IMO9001048,AT48,80,0,294,28,12.0,80,A
419001048,2026-09-08 02:35:00,18.277324,72.782507,18.0,142.0,142.0,MV INDIAN MARINER 48,IMO9001048,AT48,80,0,294,28,12.0,80,A
419001048,2026-09-08 02:40:00,18.257496,72.798796,18.0,142.0,142.0,MV INDIAN MARINER 48,IMO9001048,AT48,80,0,294,28,12.0,80,A
419001048,2026-09-08 02:45:00,18.237868,72.815081,18.0,142.0,142.0,MV INDIAN MARINER 48,IMO9001048,AT48,80,0,294,28,12.0,80,A
419001048,2026-09-08 02:50:00,18.218204,72.831418,18.0,142.0,142.0,MV INDIAN MARINER 48,IMO9001048,AT48,80,0,294,28,12.0,80,A
419001048,2026-09-08 02:55:00,18.198545,72.847821,18.0,142.0,142.0,MV INDIAN MARINER 48,IMO9001048,AT48,80,0,294,28,12.0,80,A
419001048,2026-09-08 03:00:00,18.178724,72.864112,18.0,142.0,142.0,MV INDIAN MARINER 48,IMO9001048,AT48,80,0,294,28,12.0,80,A
419001048,2026-09-08 03:05:00,18.158993,72.88034,18.0,142.0,142.0,MV INDIAN MARINER 48,IMO9001048,AT48,80,0,294,28,12.0,80,A
419001048,2026-09-08 03:10:00,18.139352,72.896633,18.0,142.0,142.0,MV INDIAN MARINER 48,IMO9001048,AT48,80,0,294,28,12.0,80,A
419001048,2026-09-08 03:15:00,18.11968,72.912973,18.0,142.0,142.0,MV INDIAN MARINER 48,IMO9001048,AT48,80,0,294,28,12.0,80,A
419001048,2026-09-08 03:20:00,18.100044,72.929303,18.0,142.0,142.0,MV INDIAN MARINER 48,IMO9001048,AT48,80,0,294,28,12.0,80,A
419001048,2026-09-08 03:25:00,18.080237,72.945426,18.0,142.0,142.0,MV INDIAN MARINER 48,IMO9001048,AT48,80,0,294,28,12.0,80,A
419001049,2026-09-07 17:30:00,23.091012,68.287224,12.0,115.0,115.0,MV INDIAN MARINER 49,IMO9001049,AT49,70,0,297,29,13.0,70,A
419001049,2026-09-07 17:35:00,23.083913,68.303651,12.0,115.0,115.0,MV INDIAN MARINER 49,IMO9001049,AT49,70,0,297,29,13.0,70,A
419001049,2026-09-07 17:40:00,23.076822,68.319891,12.0,115.0,115.0,MV INDIAN MARINER 49,IMO9001049,AT49,70,0,297,29,13.0,70,A
419001049,2026-09-07 17:45:00,23.069731,68.336441,12.0,115.0,115.0,MV INDIAN MARINER 49,IMO9001049,AT49,70,0,297,29,13.0,70,A
419001049,2026-09-07 17:50:00,23.062808,68.352711,12.0,115.0,115.0,MV INDIAN MARINER 49,IMO9001049,AT49,70,0,297,29,13.0,70,A
419001049,2026-09-07 17:55:00,23.05564,68.369019,12.0,115.0,115.0,MV INDIAN MARINER 49,IMO9001049,AT49,70,0,297,29,13.0,70,A
419001049,2026-09-07 18:00:00,23.048698,68.385514,12.0,115.0,115.0,MV INDIAN MARINER 49,IMO9001049,AT49,70,0,297,29,13.0,70,A
419001049,2026-09-07 18:05:00,23.041626,68.401717,12.0,115.0,115.0,MV INDIAN MARINER 49,IMO9001049,AT49,70,0,297,29,13.0,70,A
419001049,2026-09-07 18:10:00,23.034639,68.418107,12.0,115.0,115.0,MV INDIAN MARINER 49,IMO9001049,AT49,70,0,297,29,13.0,70,A
419001049,2026-09-07 18:15:00,23.027645,68.434564,12.0,115.0,115.0,MV INDIAN MARINER 49,IMO9001049,AT49,70,0,297,29,13.0,70,A
419001049,2026-09-07 18:20:00,23.020574,68.450817,12.0,115.0,115.0,MV INDIAN MARINER 49,IMO9001049,AT49,70,0,297,29,13.0,70,A
419001049,2026-09-07 18:25:00,23.01349,68.467238,12.0,115.0,115.0,MV INDIAN MARINER 49,IMO9001049,AT49,70,0,297,29,13.0,70,A
419001049,2026-09-07 18:30:00,23.006369,68.483566,12.0,115.0,115.0,MV INDIAN MARINER 49,IMO9001049,AT49,70,0,297,29,13.0,70,A
419001049,2026-09-07 18:35:00,22.999455,68.500062,12.0,115.0,115.0,MV INDIAN MARINER 49,IMO9001049,AT49,70,0,297,29,13.0,70,A
419001049,2026-09-07 18:40:00,22.99236,68.516318,12.0,115.0,115.0,MV INDIAN MARINER 49,IMO9001049,AT49,70,0,297,29,13.0,70,A
419001049,2026-09-07 18:45:00,22.985205,68.532803,12.0,115.0,115.0,MV INDIAN MARINER 49,IMO9001049,AT49,70,0,297,29,13.0,70,A
419001049,2026-09-07 18:50:00,22.978346,68.549119,12.0,115.0,115.0,MV INDIAN MARINER 49,IMO9001049,AT49,70,0,297,29,13.0,70,A
419001049,2026-09-07 18:55:00,22.9713,68.565582,12.0,115.0,115.0,MV INDIAN MARINER 49,IMO9001049,AT49,70,0,297,29,13.0,70,A
419001049,2026-09-07 19:00:00,22.964101,68.581809,12.0,115.0,115.0,MV INDIAN MARINER 49,IMO9001049,AT49,70,0,297,29,13.0,70,A
419001049,2026-09-07 19:05:00,22.957217,68.598178,12.0,115.0,115.0,MV INDIAN MARINER 49,IMO9001049,AT49,70,0,297,29,13.0,70,A
419001049,2026-09-07 19:10:00,22.950046,68.614557,12.0,115.0,115.0,MV INDIAN MARINER 49,IMO9001049,AT49,70,0,297,29,13.0,70,A
419001049,2026-09-07 19:15:00,22.943145,68.630921,12.0,115.0,115.0,MV INDIAN MARINER 49,IMO9001049,AT49,70,0,297,29,13.0,70,A
419001049,2026-09-07 19:20:00,22.935958,68.647363,12.0,115.0,115.0,MV INDIAN MARINER 49,IMO9001049,AT49,70,0,297,29,13.0,70,A
419001049,2026-09-07 19:25:00,22.929043,68.663711,12.0,115.0,115.0,MV INDIAN MARINER 49,IMO9001049,AT49,70,0,297,29,13.0,70,A
419001049,2026-09-07 19:30:00,22.921893,68.679983,12.0,115.0,115.0,MV INDIAN MARINER 49,IMO9001049,AT49,70,0,297,29,13.0,70,A
419001049,2026-09-07 19:35:00,22.914861,68.696459,12.0,115.0,115.0,MV INDIAN MARINER 49,IMO9001049,AT49,70,0,297,29,13.0,70,A
419001049,2026-09-07 19:40:00,22.907855,68.712798,12.0,115.0,115.0,MV INDIAN MARINER 49,IMO9001049,AT49,70,0,297,29,13.0,70,A
419001049,2026-09-07 19:45:00,22.900767,68.729173,12.0,115.0,115.0,MV INDIAN MARINER 49,IMO9001049,AT49,70,0,297,29,13.0,70,A
419001049,2026-09-07 19:50:00,22.893828,68.745612,12.0,115.0,115.0,MV INDIAN MARINER 49,IMO9001049,AT49,70,0,297,29,13.0,70,A
419001049,2026-09-07 19:55:00,22.88675,68.761892,12.0,115.0,115.0,MV INDIAN MARINER 49,IMO9001049,AT49,70,0,297,29,13.0,70,A
419001049,2026-09-07 20:00:00,22.879765,68.778167,12.0,115.0,115.0,MV INDIAN MARINER 49,IMO9001049,AT49,70,0,297,29,13.0,70,A
419001049,2026-09-07 20:05:00,22.872597,68.794617,12.0,115.0,115.0,MV INDIAN MARINER 49,IMO9001049,AT49,70,0,297,29,13.0,70,A
419001049,2026-09-07 20:10:00,22.865605,68.810908,12.0,115.0,115.0,MV INDIAN MARINER 49,IMO9001049,AT49,70,0,297,29,13.0,70,A
419001049,2026-09-07 20:15:00,22.858447,68.827381,12.0,115.0,115.0,MV INDIAN MARINER 49,IMO9001049,AT49,70,0,297,29,13.0,70,A
419001049,2026-09-07 20:20:00,22.851469,68.843656,12.0,115.0,115.0,MV INDIAN MARINER 49,IMO9001049,AT49,70,0,297,29,13.0,70,A
419001049,2026-09-07 20:25:00,22.844386,68.860088,12.0,115.0,115.0,MV INDIAN MARINER 49,IMO9001049,AT49,70,0,297,29,13.0,70,A
419001049,2026-09-07 20:30:00,22.837395,68.876372,12.0,115.0,115.0,MV INDIAN MARINER 49,IMO9001049,AT49,70,0,297,29,13.0,70,A
419001049,2026-09-07 20:35:00,22.830309,68.892818,12.0,115.0,115.0,MV INDIAN MARINER 49,IMO9001049,AT49,70,0,297,29,13.0,70,A
419001049,2026-09-07 20:40:00,22.823282,68.909149,12.0,115.0,115.0,MV INDIAN MARINER 49,IMO9001049,AT49,70,0,297,29,13.0,70,A
419001049,2026-09-07 20:45:00,22.816273,68.925522,12.0,115.0,115.0,MV INDIAN MARINER 49,IMO9001049,AT49,70,0,297,29,13.0,70,A
419001049,2026-09-07 20:50:00,22.8093,68.941854,12.0,115.0,115.0,MV INDIAN MARINER 49,IMO9001049,AT49,70,0,297,29,13.0,70,A
419001049,2026-09-07 20:55:00,22.802175,68.958263,12.0,115.0,115.0,MV INDIAN MARINER 49,IMO9001049,AT49,70,0,297,29,13.0,70,A
419001049,2026-09-07 21:00:00,22.795154,68.974586,12.0,115.0,115.0,MV INDIAN MARINER 49,IMO9001049,AT49,70,0,297,29,13.0,70,A
419001049,2026-09-07 21:05:00,22.788201,68.990958,12.0,115.0,115.0,MV INDIAN MARINER 49,IMO9001049,AT49,70,0,297,29,13.0,70,A
419001049,2026-09-07 21:10:00,22.781077,69.007438,12.0,115.0,115.0,MV INDIAN MARINER 49,IMO9001049,AT49,70,0,297,29,13.0,70,A
419001049,2026-09-07 21:15:00,22.77412,69.023698,12.0,115.0,115.0,MV INDIAN MARINER 49,IMO9001049,AT49,70,0,297,29,13.0,70,A
419001049,2026-09-07 21:20:00,22.767051,69.040068,12.0,115.0,115.0,MV INDIAN MARINER 49,IMO9001049,AT49,70,0,297,29,13.0,70,A
419001049,2026-09-07 21:25:00,22.759941,69.056453,12.0,115.0,115.0,MV INDIAN MARINER 49,IMO9001049,AT49,70,0,297,29,13.0,70,A
419001049,2026-09-07 21:30:00,22.752937,69.072945,12.0,115.0,115.0,MV INDIAN MARINER 49,IMO9001049,AT49,70,0,297,29,13.0,70,A
419001049,2026-09-07 21:35:00,22.745908,69.0893,12.0,115.0,115.0,MV INDIAN MARINER 49,IMO9001049,AT49,70,0,297,29,13.0,70,A
419001049,2026-09-07 21:40:00,22.738867,69.10561,12.0,115.0,115.0,MV INDIAN MARINER 49,IMO9001049,AT49,70,0,297,29,13.0,70,A
419001049,2026-09-07 21:45:00,22.73173,69.121905,12.0,115.0,115.0,MV INDIAN MARINER 49,IMO9001049,AT49,70,0,297,29,13.0,70,A
419001049,2026-09-07 21:50:00,22.724651,69.138414,12.0,115.0,115.0,MV INDIAN MARINER 49,IMO9001049,AT49,70,0,297,29,13.0,70,A
419001049,2026-09-07 21:55:00,22.717646,69.154685,12.0,115.0,115.0,MV INDIAN MARINER 49,IMO9001049,AT49,70,0,297,29,13.0,70,A
419001049,2026-09-07 22:00:00,22.710733,69.171105,12.0,115.0,115.0,MV INDIAN MARINER 49,IMO9001049,AT49,70,0,297,29,13.0,70,A
419001049,2026-09-07 22:05:00,22.703641,69.18735,12.0,115.0,115.0,MV INDIAN MARINER 49,IMO9001049,AT49,70,0,297,29,13.0,70,A
419001049,2026-09-07 22:10:00,22.696595,69.203823,12.0,115.0,115.0,MV INDIAN MARINER 49,IMO9001049,AT49,70,0,297,29,13.0,70,A
419001049,2026-09-07 22:15:00,22.689605,69.220089,12.0,115.0,115.0,MV INDIAN MARINER 49,IMO9001049,AT49,70,0,297,29,13.0,70,A
419001049,2026-09-07 22:20:00,22.682458,69.236546,12.0,115.0,115.0,MV INDIAN MARINER 49,IMO9001049,AT49,70,0,297,29,13.0,70,A
419001049,2026-09-07 22:25:00,22.675431,69.252883,12.0,115.0,115.0,MV INDIAN MARINER 49,IMO9001049,AT49,70,0,297,29,13.0,70,A
419001049,2026-09-07 22:30:00,22.668303,69.269224,12.0,115.0,115.0,MV INDIAN MARINER 49,IMO9001049,AT49,70,0,297,29,13.0,70,A
419001049,2026-09-07 22:35:00,22.661305,69.285633,12.0,115.0,115.0,MV INDIAN MARINER 49,IMO9001049,AT49,70,0,297,29,13.0,70,A
419001049,2026-09-07 22:40:00,22.654295,69.301997,12.0,115.0,115.0,MV INDIAN MARINER 49,IMO9001049,AT49,70,0,297,29,13.0,70,A
419001049,2026-09-07 22:45:00,22.647249,69.318312,12.0,115.0,115.0,MV INDIAN MARINER 49,IMO9001049,AT49,70,0,297,29,13.0,70,A
419001049,2026-09-07 22:50:00,22.640319,69.33472,12.0,115.0,115.0,MV INDIAN MARINER 49,IMO9001049,AT49,70,0,297,29,13.0,70,A
419001049,2026-09-07 22:55:00,22.633137,69.351161,12.0,115.0,115.0,MV INDIAN MARINER 49,IMO9001049,AT49,70,0,297,29,13.0,70,A
419001049,2026-09-07 23:00:00,22.626056,69.367552,12.0,115.0,115.0,MV INDIAN MARINER 49,IMO9001049,AT49,70,0,297,29,13.0,70,A
419001049,2026-09-07 23:05:00,22.619114,69.383813,12.0,115.0,115.0,MV INDIAN MARINER 49,IMO9001049,AT49,70,0,297,29,13.0,70,A
419001049,2026-09-07 23:10:00,22.612012,69.400151,12.0,115.0,115.0,MV INDIAN MARINER 49,IMO9001049,AT49,70,0,297,29,13.0,70,A
419001049,2026-09-07 23:15:00,22.605019,69.416577,12.0,115.0,115.0,MV INDIAN MARINER 49,IMO9001049,AT49,70,0,297,29,13.0,70,A
419001049,2026-09-07 23:20:00,22.597984,69.432952,12.0,115.0,115.0,MV INDIAN MARINER 49,IMO9001049,AT49,70,0,297,29,13.0,70,A
419001049,2026-09-07 23:25:00,22.590923,69.449187,12.0,115.0,115.0,MV INDIAN MARINER 49,IMO9001049,AT49,70,0,297,29,13.0,70,A
419001049,2026-09-07 23:30:00,22.583925,69.465589,12.0,115.0,115.0,MV INDIAN MARINER 49,IMO9001049,AT49,70,0,297,29,13.0,70,A
419001049,2026-09-07 23:35:00,22.576816,69.481947,12.0,115.0,115.0,MV INDIAN MARINER 49,IMO9001049,AT49,70,0,297,29,13.0,70,A
419001049,2026-09-07 23:40:00,22.569828,69.49847,12.0,115.0,115.0,MV INDIAN MARINER 49,IMO9001049,AT49,70,0,297,29,13.0,70,A
419001049,2026-09-07 23:45:00,22.562714,69.514792,12.0,115.0,115.0,MV INDIAN MARINER 49,IMO9001049,AT49,70,0,297,29,13.0,70,A
419001049,2026-09-07 23:50:00,22.555679,69.531069,12.0,115.0,115.0,MV INDIAN MARINER 49,IMO9001049,AT49,70,0,297,29,13.0,70,A
419001049,2026-09-07 23:55:00,22.548672,69.547549,12.0,115.0,115.0,MV INDIAN MARINER 49,IMO9001049,AT49,70,0,297,29,13.0,70,A
419001049,2026-09-08 00:00:00,22.541608,69.563854,12.0,115.0,115.0,MV INDIAN MARINER 49,IMO9001049,AT49,70,0,297,29,13.0,70,A
419001049,2026-09-08 00:05:00,22.534588,69.580243,12.0,115.0,115.0,MV INDIAN MARINER 49,IMO9001049,AT49,70,0,297,29,13.0,70,A
419001049,2026-09-08 00:10:00,22.527523,69.596616,12.0,115.0,115.0,MV INDIAN MARINER 49,IMO9001049,AT49,70,0,297,29,13.0,70,A
419001049,2026-09-08 00:15:00,22.520413,69.612867,12.0,115.0,115.0,MV INDIAN MARINER 49,IMO9001049,AT49,70,0,297,29,13.0,70,A
419001049,2026-09-08 00:20:00,22.51341,69.629279,12.0,115.0,115.0,MV INDIAN MARINER 49,IMO9001049,AT49,70,0,297,29,13.0,70,A
419001049,2026-09-08 00:25:00,22.50646,69.645762,12.0,115.0,115.0,MV INDIAN MARINER 49,IMO9001049,AT49,70,0,297,29,13.0,70,A
419001049,2026-09-08 00:30:00,22.499336,69.662053,12.0,115.0,115.0,MV INDIAN MARINER 49,IMO9001049,AT49,70,0,297,29,13.0,70,A
419001049,2026-09-08 00:35:00,22.492386,69.67852,12.0,115.0,115.0,MV INDIAN MARINER 49,IMO9001049,AT49,70,0,297,29,13.0,70,A
419001049,2026-09-08 00:40:00,22.485197,69.69484,12.0,115.0,115.0,MV INDIAN MARINER 49,IMO9001049,AT49,70,0,297,29,13.0,70,A
419001049,2026-09-08 00:45:00,22.47819,69.711128,12.0,115.0,115.0,MV INDIAN MARINER 49,IMO9001049,AT49,70,0,297,29,13.0,70,A
419001049,2026-09-08 00:50:00,22.471176,69.727424,12.0,115.0,115.0,MV INDIAN MARINER 49,IMO9001049,AT49,70,0,297,29,13.0,70,A
419001049,2026-09-08 00:55:00,22.464119,69.743964,12.0,115.0,115.0,MV INDIAN MARINER 49,IMO9001049,AT49,70,0,297,29,13.0,70,A
419001049,2026-09-08 01:00:00,22.457108,69.760166,12.0,115.0,115.0,MV INDIAN MARINER 49,IMO9001049,AT49,70,0,297,29,13.0,70,A
419001049,2026-09-08 01:05:00,22.450099,69.776552,12.0,115.0,115.0,MV INDIAN MARINER 49,IMO9001049,AT49,70,0,297,29,13.0,70,A
419001049,2026-09-08 01:10:00,22.44306,69.792941,12.0,115.0,115.0,MV INDIAN MARINER 49,IMO9001049,AT49,70,0,297,29,13.0,70,A
419001049,2026-09-08 01:15:00,22.435977,69.809305,12.0,115.0,115.0,MV INDIAN MARINER 49,IMO9001049,AT49,70,0,297,29,13.0,70,A
419001049,2026-09-08 01:20:00,22.429025,69.825787,12.0,115.0,115.0,MV INDIAN MARINER 49,IMO9001049,AT49,70,0,297,29,13.0,70,A
419001049,2026-09-08 01:25:00,22.422002,69.842025,12.0,115.0,115.0,MV INDIAN MARINER 49,IMO9001049,AT49,70,0,297,29,13.0,70,A
419001049,2026-09-08 01:30:00,22.414775,69.858473,12.0,115.0,115.0,MV INDIAN MARINER 49,IMO9001049,AT49,70,0,297,29,13.0,70,A
419001049,2026-09-08 01:35:00,22.407789,69.874899,12.0,115.0,115.0,MV INDIAN MARINER 49,IMO9001049,AT49,70,0,297,29,13.0,70,A
419001049,2026-09-08 01:40:00,22.400819,69.891154,12.0,115.0,115.0,MV INDIAN MARINER 49,IMO9001049,AT49,70,0,297,29,13.0,70,A
419001049,2026-09-08 01:45:00,22.393738,69.907498,12.0,115.0,115.0,MV INDIAN MARINER 49,IMO9001049,AT49,70,0,297,29,13.0,70,A
419001049,2026-09-08 01:50:00,22.386744,69.924006,12.0,115.0,115.0,MV INDIAN MARINER 49,IMO9001049,AT49,70,0,297,29,13.0,70,A
419001049,2026-09-08 01:55:00,22.379637,69.940345,12.0,115.0,115.0,MV INDIAN MARINER 49,IMO9001049,AT49,70,0,297,29,13.0,70,A
419001049,2026-09-08 02:00:00,22.372566,69.956723,12.0,115.0,115.0,MV INDIAN MARINER 49,IMO9001049,AT49,70,0,297,29,13.0,70,A
419001049,2026-09-08 02:05:00,22.365652,69.972993,12.0,115.0,115.0,MV INDIAN MARINER 49,IMO9001049,AT49,70,0,297,29,13.0,70,A
419001049,2026-09-08 02:10:00,22.358509,69.989408,12.0,115.0,115.0,MV INDIAN MARINER 49,IMO9001049,AT49,70,0,297,29,13.0,70,A
419001049,2026-09-08 02:15:00,22.35145,70.005716,12.0,115.0,115.0,MV INDIAN MARINER 49,IMO9001049,AT49,70,0,297,29,13.0,70,A
419001049,2026-09-08 02:20:00,22.34436,70.022222,12.0,115.0,115.0,MV INDIAN MARINER 49,IMO9001049,AT49,70,0,297,29,13.0,70,A
419001049,2026-09-08 02:25:00,22.337396,70.038451,12.0,115.0,115.0,MV INDIAN MARINER 49,IMO9001049,AT49,70,0,297,29,13.0,70,A
419001049,2026-09-08 02:30:00,22.33039,70.054899,12.0,115.0,115.0,MV INDIAN MARINER 49,IMO9001049,AT49,70,0,297,29,13.0,70,A
419001049,2026-09-08 02:35:00,22.323282,70.07129,12.0,115.0,115.0,MV INDIAN MARINER 49,IMO9001049,AT49,70,0,297,29,13.0,70,A
419001049,2026-09-08 02:40:00,22.316217,70.087553,12.0,115.0,115.0,MV INDIAN MARINER 49,IMO9001049,AT49,70,0,297,29,13.0,70,A
419001049,2026-09-08 02:45:00,22.309174,70.103958,12.0,115.0,115.0,MV INDIAN MARINER 49,IMO9001049,AT49,70,0,297,29,13.0,70,A
419001049,2026-09-08 02:50:00,22.302168,70.120403,12.0,115.0,115.0,MV INDIAN MARINER 49,IMO9001049,AT49,70,0,297,29,13.0,70,A
419001049,2026-09-08 02:55:00,22.295098,70.136661,12.0,115.0,115.0,MV INDIAN MARINER 49,IMO9001049,AT49,70,0,297,29,13.0,70,A
419001049,2026-09-08 03:00:00,22.288038,70.153011,12.0,115.0,115.0,MV INDIAN MARINER 49,IMO9001049,AT49,70,0,297,29,13.0,70,A
419001049,2026-09-08 03:05:00,22.281107,70.169424,12.0,115.0,115.0,MV INDIAN MARINER 49,IMO9001049,AT49,70,0,297,29,13.0,70,A
419001049,2026-09-08 03:10:00,22.274067,70.185773,12.0,115.0,115.0,MV INDIAN MARINER 49,IMO9001049,AT49,70,0,297,29,13.0,70,A
419001049,2026-09-08 03:15:00,22.266912,70.202142,12.0,115.0,115.0,MV INDIAN MARINER 49,IMO9001049,AT49,70,0,297,29,13.0,70,A
419001049,2026-09-08 03:20:00,22.259934,70.218569,12.0,115.0,115.0,MV INDIAN MARINER 49,IMO9001049,AT49,70,0,297,29,13.0,70,A
419001049,2026-09-08 03:25:00,22.252928,70.23484,12.0,115.0,115.0,MV INDIAN MARINER 49,IMO9001049,AT49,70,0,297,29,13.0,70,A
